Time,psi,mpa,1_mpa,mass_g,stem_mass_g,rwc,100_rwc,stem_dry_wt_g,leaves_dry_wt_g,Tree,date,rehydrated,pd or md,Weigh boat mass (g),Gasket mass (g),Parafilm mass (g),Tape mass (g),Other non-stem mass (g),total_nonsample_wt,SWC,o,TLP,RWC TLP,e,CFT,CTLP,CFT*,leaf_area
16:27,65,-0.39,2.564102564,14.2936,1.6938,100,0,0.174,0.721,2382,4/5/22,yes,,2.3451,10.0559,0.1988,,,12.5998,,,,,,,,,
16:29,65,-0.39,2.564102564,14.2835,1.6837,99.40370764,0.59629236,,,2382,4/5/22,yes,,,,,,,,,,,,,,,,
16:34,80,-0.48,2.083333333,14.2642,1.6644,98.26425788,1.735742118,,,2382,4/5/22,yes,,,,,,,,,,,,,,,,
16:39,90,-0.54,1.851851852,14.2527,1.6529,97.58531113,2.414688865,,,2382,4/5/22,yes,,,,,,,,,,,,,,,,
16:49,115,-0.69,1.449275362,14.2411,1.6413,96.9004605,3.099539497,,,2382,4/5/22,yes,,,,,,,,,,,,,,,,
17:06,160,-0.96,1.041666667,14.228,1.6282,96.1270516,3.8729484,,,2382,4/5/22,yes,,,,,,,,,,,,,,,,
17:25,225,-1.35,0.740740741,14.2167,1.6169,95.45991262,4.540087377,,,2382,4/5/22,yes,,,,,,,,,,,,,,,,
17:47,290,-1.74,0.574712644,14.2034,1.6036,94.67469595,5.32530405,,,2382,4/5/22,yes,,,,,,,,,,,,,,,,
18:06,325,-1.95,0.512820513,14.1965,1.5967,94.2673279,5.732672098,,,2382,4/5/22,yes,,,,,,,,,,,,,,,,
18:32,370,-2.22,0.45045045,14.1867,1.5869,93.6887472,6.311252804,,,2382,4/5/22,yes,,,,,,,,,,,,,,,,
18:58,395,-2.37,0.421940928,14.1748,1.575,92.98618491,7.01381509,,,2382,4/5/22,yes,,,,,,,,,,,,,,,,
19:31,430,-2.58,0.387596899,14.1622,1.5624,92.24229543,7.75770457,,,2382,4/5/22,yes,,,,,,,,,,,,,,,,
9:04,20,-0.171,5.847953216,13.7492,1.1494,67.85925139,32.14074861,0.118,0.575,2381,4/5/22,yes,,3.0803,9.1036,0.1912,0.3216,,12.6967,,,,,,,,,
9:07,100,-0.43,2.325581395,13.7127,1.1129,65.70433345,34.29566655,,,2381,4/5/22,yes,,,,,,,,,,,,,,,,
9:10,120,-0.652,1.533742331,13.6796,1.0798,63.7501476,36.2498524,,,2381,4/5/22,yes,,,,,,,,,,,,,,,,
9:14,133,-1.77,0.564971751,13.6581,1.0583,62.48081237,37.51918763,,,2381,4/5/22,yes,,,,,,,,,,,,,,,,
9:19,175,-2.83,0.35335689,13.6443,1.0445,61.66607628,38.33392372,,,2381,4/5/22,yes,,,,,,,,,,,,,,,,
9:25,210,-2.98,0.33557047,13.6317,1.0319,60.9221868,39.0778132,,,2381,4/5/22,yes,,,,,,,,,,,,,,,,
9:30,236,-3.08,0.324675325,13.6179,1.0181,60.1074507,39.8925493,,,2381,4/5/22,yes,,,,,,,,,,,,,,,,
9:35,255,-3.28,0.304878049,13.599,0.9992,58.99161648,41.00838352,,,2381,4/5/22,yes,,,,,,,,,,,,,,,,
9:47,275,-3.52,0.284090909,13.5715,0.9717,57.36804818,42.63195182,,,2381,4/5/22,yes,,,,,,,,,,,,,,,,
9:58,290,-3.64,0.274725275,13.542,0.9422,55.62640217,44.37359783,,,2381,4/5/22,yes,,,,,,,,,,,,,,,,
9:41,57,-0.252,3.968253968,15.9159,3.3161,195.7787224,-95.7787224,0.213,0.294,2384,4/5/22,yes,,3.0576,10.732,0.4175,,,14.2071,,,,,,,,,
9:43,120,-0.955,1.047120419,15.8997,3.2999,194.8222931,-94.82229307,,,2384,4/5/22,yes,,,,,,,,,,,,,,,,
9:45,140,-1.82,0.549450549,15.8868,3.287,194.0606919,-94.06069194,,,2384,4/5/22,yes,,,,,,,,,,,,,,,,
9:50,158,-2.38,0.420168067,15.8711,3.2713,193.133782,-93.13378203,,,2384,4/5/22,yes,,,,,,,,,,,,,,,,
9:55,202,-2.7,0.37037037,15.8606,3.2608,192.5138741,-92.51387413,,,2384,4/5/22,yes,,,,,,,,,,,,,,,,
10:01,275,-3.03,0.330033003,15.8518,3.252,191.9943323,-91.99433227,,,2384,4/5/22,yes,,,,,,,,,,,,,,,,
10:08,315,-3.28,0.304878049,15.8382,3.2384,191.1914039,-91.19140394,,,2384,4/5/22,yes,,,,,,,,,,,,,,,,
10:18,348,-3.64,0.274725275,15.8236,3.2238,190.3294368,-90.32943677,,,2384,4/5/22,yes,,,,,,,,,,,,,,,,
10:28,389,-3.93,0.254452926,15.8038,3.204,189.1604676,-89.16046759,,,2384,4/5/22,yes,,,,,,,,,,,,,,,,
10:22,45,-0.217,4.608294931,15.9824,3.3826,199.7048058,-99.70480576,0.471,0.622,2365,4/5/22,yes,,2.987,10.732,0.3753,0.1733,,14.2676,,,,,,,,,
10:24,60,-0.916,1.091703057,15.9409,3.3411,197.2546936,-97.25469359,,,2365,4/5/22,yes,,,,,,,,,,,,,,,,
10:26,77,-1.1,0.909090909,15.914,3.3142,195.6665486,-95.66654859,,,2365,4/5/22,yes,,,,,,,,,,,,,,,,
10:32,102,-1.38,0.724637681,15.8273,3.2275,190.5478805,-90.54788051,,,2365,4/5/22,yes,,,,,,,,,,,,,,,,
10:37,132,-1.68,0.595238095,15.8109,3.2111,189.5796434,-89.57964341,,,2365,4/5/22,yes,,,,,,,,,,,,,,,,
10:44,155,-2.08,0.480769231,15.7941,3.1943,188.5877908,-88.58779077,,,2365,4/5/22,yes,,,,,,,,,,,,,,,,
10:54,197,-2.6,0.384615385,15.7696,3.1698,187.141339,-87.141339,,,2365,4/5/22,yes,,,,,,,,,,,,,,,,
11:05,228,-3,0.333333333,15.7407,3.1409,185.4351163,-85.43511631,,,2365,4/5/22,yes,,,,,,,,,,,,,,,,
11:19,264,-3.3,0.303030303,15.7087,3.1089,183.5458732,-83.54587318,,,2365,4/5/22,yes,,,,,,,,,,,,,,,,
10:48,33,-0.177,5.649717514,4.8158,-7.784,-459.5583894,559.5583894,,,2342.1,4/5/22,yes,,3.0825,,0.3716,,,3.4541,,,,,,,,,
10:50,48,-1.18,0.847457627,4.8016,-7.7982,-460.3967411,560.3967411,,,2342.1,4/5/22,yes,,,,,,,,,,,,,,,,
10:51,50,-1.39,0.71942446,4.7971,-7.8027,-460.6624159,560.6624159,,,2342.1,4/5/22,yes,,,,,,,,,,,,,,,,
10:56,85,-1.57,0.636942675,4.779,-7.8208,-461.731019,561.731019,,,2342.1,4/5/22,yes,,,,,,,,,,,,,,,,
11:01,134,-1.82,0.549450549,4.7469,-7.8529,-463.626166,563.626166,,,2342.1,4/5/22,yes,,,,,,,,,,,,,,,,
11:07,172,-2.22,0.45045045,4.7297,-7.8701,-464.6416342,564.6416342,,,2342.1,4/5/22,yes,,,,,,,,,,,,,,,,
11:16,250,-2.57,0.389105058,4.6877,-7.9121,-467.1212658,567.1212658,,,2342.1,4/5/22,yes,,,,,,,,,,,,,,,,
11:24,305,-3.25,0.307692308,4.5423,-8.0575,-475.7055142,575.7055142,,,2342.1,4/5/22,yes,,,,,,,,,,,,,,,,
11:28,328,-1.968,0.508130081,4.5897,-8.0101,-472.9070729,572.9070729,,,2342.1,4/5/22,yes,,,,,,,,,,,,,,,,
11:40,365,-2.19,0.456621005,4.5696,-8.0302,-474.0937537,574.0937537,,,2342.1,4/5/22,yes,,,,,,,,,,,,,,,,
11:52,384,-2.304,0.434027778,4.5463,-8.0535,-475.4693588,575.4693588,,,2342.1,4/5/22,yes,,,,,,,,,,,,,,,,
12:01,405,-2.43,0.411522634,4.5363,-8.0635,-476.0597473,576.0597473,,,2342.1,4/5/22,yes,,,,,,,,,,,,,,,,
2:27,15,-0.33,3.03030303,15.7776,3.1778,187.6136498,-87.61364978,0.123,0.36,2343.2,4/5/22,yes,,3.0555,10.732,0.2503,,,14.0378,,,,,,,,,
2:28,20,-0.47,2.127659574,15.7524,3.1526,186.1258708,-86.12587082,,,2343.2,4/5/22,yes,,,,,,,,,,,,,,,,
2:31,48,-0.57,1.754385965,15.7417,3.1419,185.4941552,-85.49415515,,,2343.2,4/5/22,yes,,,,,,,,,,,,,,,,
2:33,60,-0.73,1.369863014,15.7225,3.1227,184.3606093,-84.36060928,,,2343.2,4/5/22,yes,,,,,,,,,,,,,,,,
3:36,83,-1.02,0.980392157,15.7031,3.1033,183.2152556,-83.21525564,,,2343.2,4/5/22,yes,,,,,,,,,,,,,,,,
2:39,117,-1.54,0.649350649,15.6769,3.0771,181.6684378,-81.66843783,,,2343.2,4/5/22,yes,,,,,,,,,,,,,,,,
2:46,147,-2.04,0.490196078,15.6469,3.0471,179.8972724,-79.89727241,,,2343.2,4/5/22,yes,,,,,,,,,,,,,,,,
2:49,165,-2.31,0.432900433,15.6203,3.0205,178.3268391,-78.32683906,,,2343.2,4/5/22,yes,,,,,,,,,,,,,,,,
2:54,196,-2.43,0.411522634,15.5962,2.9964,176.9040028,-76.90400283,,,2343.2,4/5/22,yes,,,,,,,,,,,,,,,,
2:59,235,-2.8,0.357142857,15.5319,2.9321,173.1078049,-73.10780494,,,2343.2,4/5/22,yes,,,,,,,,,,,,,,,,
3:06,265,-2.87,0.348432056,15.5039,2.9041,171.4547172,-71.4547172,,,2343.2,4/5/22,yes,,,,,,,,,,,,,,,,
2:41,36,-0.216,4.62962963,6.0232,-6.5766,-388.2748849,488.2748849,,,6.12,4/5/22,yes,,3.0257,,0.4109,,,3.4366,,,,,,,,,
2:43,69,-0.414,2.415458937,6.0012,-6.5986,-389.5737395,489.5737395,,,6.12,4/5/22,yes,,,,,,,,,,,,,,,,
2:45,77,-0.462,2.164502165,5.9868,-6.613,-390.4238989,490.4238989,,,6.12,4/5/22,yes,,,,,,,,,,,,,,,,
2:47,92,-0.552,1.811594203,5.9589,-6.6409,-392.0710828,492.0710828,,,6.12,4/5/22,yes,,,,,,,,,,,,,,,,
2:51,101,-0.606,1.650165017,5.9319,-6.6679,-393.6651317,493.6651317,,,6.12,4/5/22,yes,,,,,,,,,,,,,,,,
2:55,145,-0.87,1.149425287,5.8941,-6.7057,-395.8968001,495.8968001,,,6.12,4/5/22,yes,,,,,,,,,,,,,,,,
3:01,180,-1.08,0.925925926,5.8529,-6.7469,-398.3292006,498.3292006,,,6.12,4/5/22,yes,,,,,,,,,,,,,,,,
3:09,230,-1.38,0.724637681,5.8041,-6.7957,-401.2102964,501.2102964,,,6.12,4/5/22,yes,,,,,,,,,,,,,,,,
3:12,238,-1.428,0.700280112,5.7859,-6.8139,-402.2848034,502.2848034,,,6.12,4/5/22,yes,,,,,,,,,,,,,,,,
3:19,270,-1.62,0.617283951,5.7491,-6.8507,-404.457433,504.457433,,,6.12,4/5/22,yes,,,,,,,,,,,,,,,,
3:29,295,-1.77,0.564971751,5.6947,-6.9051,-407.6691463,507.6691463,,,6.12,4/5/22,yes,,,,,,,,,,,,,,,,
3:27,45,-0.27,3.703703704,4.5398,-8.06,-475.8531113,575.8531113,,,6.18,4/5/22,yes,,3.03,,0.3477,,,3.3777,,,,,,,,,
3:28,55,-0.33,3.03030303,4.5331,-8.0667,-476.2486716,576.2486716,,,6.18,4/5/22,yes,,,,,,,,,,,,,,,,
3:31,87,-0.522,1.915708812,4.5205,-8.0793,-476.9925611,576.9925611,,,6.18,4/5/22,yes,,,,,,,,,,,,,,,,
3:35,115,-0.69,1.449275362,4.5091,-8.0907,-477.665604,577.665604,,,6.18,4/5/22,yes,,,,,,,,,,,,,,,,
3:40,138,-0.828,1.207729469,4.4971,-8.1027,-478.3740701,578.3740701,,,6.18,4/5/22,yes,,,,,,,,,,,,,,,,
3:46,175,-1.05,0.952380952,4.4783,-8.1215,-479.4840005,579.4840005,,,6.18,4/5/22,yes,,,,,,,,,,,,,,,,
3:54,211,-1.266,0.789889415,4.4586,-8.1412,-480.6470658,580.6470658,,,6.18,4/5/22,yes,,,,,,,,,,,,,,,,
4:04,253,-1.518,0.658761528,4.4369,-8.1629,-481.9282088,581.9282088,,,6.18,4/5/22,yes,,,,,,,,,,,,,,,,
4:13,285,-1.71,0.584795322,4.4235,-8.1763,-482.7193293,582.7193293,,,6.18,4/5/22,yes,,,,,,,,,,,,,,,,
4:25,300,-1.8,0.555555556,4.4027,-8.1971,-483.9473373,583.9473373,,,6.18,4/5/22,yes,,,,,,,,,,,,,,,,
4:36,325,-1.95,0.512820513,4.3884,-8.2114,-484.7915929,584.7915929,,,6.18,4/5/22,yes,,,,,,,,,,,,,,,,
4:55,354,-2.124,0.470809793,4.3626,-8.2372,-486.3147951,586.3147951,,,6.18,4/5/22,yes,,,,,,,,,,,,,,,,
3:48,50,-0.3,3.333333333,4.7834,-7.8164,-461.4712481,561.4712481,,,6.22,4/5/22,yes,,3.1101,,0.4861,,,3.5962,,,,,,,,,
3:49,82,-0.492,2.032520325,4.7765,-7.8233,-461.8786161,561.8786161,,,6.22,4/5/22,yes,,,,,,,,,,,,,,,,
3:51,121,-0.726,1.377410468,4.7691,-7.8307,-462.3155036,562.3155036,,,6.22,4/5/22,yes,,,,,,,,,,,,,,,,
3:52,142,-0.852,1.17370892,4.7593,-7.8405,-462.8940843,562.8940843,,,6.22,4/5/22,yes,,,,,,,,,,,,,,,,
3:56,170,-1.02,0.980392157,4.7484,-7.8514,-463.5376077,563.5376077,,,6.22,4/5/22,yes,,,,,,,,,,,,,,,,
4:02,248,-1.488,0.672043011,4.7322,-7.8676,-464.4940371,564.4940371,,,6.22,4/5/22,yes,,,,,,,,,,,,,,,,
4:07,299,-1.794,0.557413601,4.7182,-7.8816,-465.3205809,565.3205809,,,6.22,4/5/22,yes,,,,,,,,,,,,,,,,
4:16,325,-1.95,0.512820513,4.7026,-7.8972,-466.241587,566.241587,,,6.22,4/5/22,yes,,,,,,,,,,,,,,,,
4:28,367,-2.202,0.454132607,4.6841,-7.9157,-467.3338056,567.3338056,,,6.22,4/5/22,yes,,,,,,,,,,,,,,,,
4:39,380,-2.28,0.438596491,4.6701,-7.9297,-468.1603495,568.1603495,,,6.22,4/5/22,yes,,,,,,,,,,,,,,,,
4:58,403,-2.418,0.41356493,4.6495,-7.9503,-469.3765498,569.3765498,,,6.22,4/5/22,yes,,,,,,,,,,,,,,,,
,,-0.175,5.714285714,15.4776,0.7184,100,0,0.065,0.29,2383,3/30/22,yes,,2.492,12.1548,0.1124,0,,14.7592,,,,,,,,,
,,-0.3,3.333333333,15.4625,0.7033,97.8981069,2.101893096,,,2383,3/30/22,yes,,,,,,,,,,,,,,,,
,,-0.475,2.105263158,15.4579,0.6987,97.2577951,2.7422049,,,2383,3/30/22,yes,,,,,,,,,,,,,,,,
,,-0.525,1.904761905,15.456,0.6968,96.99331849,3.006681514,,,2383,3/30/22,yes,,,,,,,,,,,,,,,,
,,-0.65,1.538461538,15.4532,0.694,96.60356347,3.396436526,,,2383,3/30/22,yes,,,,,,,,,,,,,,,,
,,-0.95,1.052631579,15.4488,0.6896,95.99109131,4.008908686,,,2383,3/30/22,yes,,,,,,,,,,,,,,,,
,,-1.55,0.64516129,15.4387,0.6795,94.58518931,5.41481069,,,2383,3/30/22,yes,,,,,,,,,,,,,,,,
,,-1.85,0.540540541,15.4349,0.6757,94.05623608,5.94376392,,,2383,3/30/22,yes,,,,,,,,,,,,,,,,
,,-2.35,0.425531915,15.4237,0.6645,92.49721604,7.502783964,,,2383,3/30/22,yes,,,,,,,,,,,,,,,,
,,-0.15,6.666666667,13.1964,1.8219,100,0,0.206,0.648,2382,3/30/22,yes,,2.1072,9.1036,0.1637,,,11.3745,,,,,,,,,
,,-0.21,4.761904762,13.1567,1.7822,97.82095614,2.179043855,,,2382,3/30/22,yes,,,,,,,,,,,,,,,,
,,-0.421,2.375296912,13.1335,1.759,96.54756024,3.452439761,,,2382,3/30/22,yes,,,,,,,,,,,,,,,,
,,-0.65,1.538461538,13.1191,1.7446,95.75717657,4.242823426,,,2382,3/30/22,yes,,,,,,,,,,,,,,,,
,,-0.75,1.333333333,13.1081,1.7336,95.15341127,4.846588726,,,2382,3/30/22,yes,,,,,,,,,,,,,,,,
,,-0.85,1.176470588,13.0954,1.7209,94.45633679,5.543663209,,,2382,3/30/22,yes,,,,,,,,,,,,,,,,
,,-1.8,0.555555556,13.0834,1.7089,93.79768374,6.202316263,,,2382,3/30/22,yes,,,,,,,,,,,,,,,,
,,-2.05,0.487804878,13.0756,1.7011,93.36955925,6.630440749,,,2382,3/30/22,yes,,,,,,,,,,,,,,,,
,,-2.25,0.444444444,13.0641,1.6896,92.73835007,7.261649926,,,2382,3/30/22,yes,,,,,,,,,,,,,,,,
,,-2.8,0.357142857,13.0351,1.6606,91.14660519,8.853394808,,,2382,3/30/22,yes,,,,,,,,,,,,,,,,
,,-3.35,0.298507463,12.9913,1.6168,88.74252154,11.25747846,,,2382,3/30/22,yes,,,,,,,,,,,,,,,,
,,-0.15,6.666666667,15.389,1.5093,100,0,0.3,0.596,2381,3/30/22,yes,,2.6621,10.9217,0.2959,0,0,13.8797,,,,,,,,,
,,-0.225,4.444444444,15.3447,1.465,97.06486451,2.935135493,,,2381,3/30/22,yes,,,,,,,,,,,,,,,,
,,-0.3,3.333333333,15.3182,1.4385,95.30908368,4.690916319,,,2381,3/30/22,yes,,,,,,,,,,,,,,,,
,,-0.475,2.105263158,15.3012,1.4215,94.18273372,5.817266282,,,2381,3/30/22,yes,,,,,,,,,,,,,,,,
,,-0.95,1.052631579,15.2777,1.398,92.62572053,7.374279467,,,2381,3/30/22,yes,,,,,,,,,,,,,,,,
,,-2.125,0.470588235,15.2566,1.3769,91.22772146,8.77227854,,,2381,3/30/22,yes,,,,,,,,,,,,,,,,
,,-2.375,0.421052632,15.2509,1.3712,90.85006294,9.149937057,,,2381,3/30/22,yes,,,,,,,,,,,,,,,,
,,-2.65,0.377358491,15.2346,1.3549,89.7700921,10.2299079,,,2381,3/30/22,yes,,,,,,,,,,,,,,,,
,,-2.95,0.338983051,15.2167,1.337,88.58411184,11.41588816,,,2381,3/30/22,yes,,,,,,,,,,,,,,,,
,,-3.205,0.312012481,15.188,1.3083,86.68256808,13.31743192,,,2381,3/30/22,yes,,,,,,,,,,,,,,,,
,,-0.305,3.278688525,3.1475,3.1475,100,0,0.096,0.332,2009.1,5/3/22,no,,,,,,,,,,,,,,,,
,,-0.45,2.222222222,3.1357,3.1357,99.62509929,0.374900715,,,2009.1,5/3/22,no,,,,,,,,,,,,,,,,
,,-0.653,1.531393568,3.1276,3.1276,99.36775218,0.632247816,,,2009.1,5/3/22,no,,,,,,,,,,,,,,,,
,,-0.791,1.264222503,3.1197,3.1197,99.11675933,0.883240667,,,2009.1,5/3/22,no,,,,,,,,,,,,,,,,
,,-0.75,1.333333333,3.1149,3.1149,98.96425735,1.035742653,,,2009.1,5/3/22,no,,,,,,,,,,,,,,,,
,,-0.868,1.152073733,3.1109,3.1109,98.83717236,1.162827641,,,2009.1,5/3/22,no,,,,,,,,,,,,,,,,
,,-0.925,1.081081081,3.1022,3.1022,98.56076251,1.43923749,,,2009.1,5/3/22,no,,,,,,,,,,,,,,,,
,,-1.341,0.745712155,3.0966,3.0966,98.38284353,1.617156473,,,2009.1,5/3/22,no,,,,,,,,,,,,,,,,
,,-1.557,0.642260758,3.0875,3.0875,98.09372518,1.906274821,,,2009.1,5/3/22,no,,,,,,,,,,,,,,,,
,,-2.404,0.415973378,3.0782,3.0782,97.79825258,2.201747419,,,2009.1,5/3/22,no,,,,,,,,,,,,,,,,
,,-2.288,0.437062937,3.0724,3.0724,97.61397935,2.386020651,,,2009.1,5/3/22,no,,,,,,,,,,,,,,,,
,,-2.628,0.380517504,3.0636,3.0636,97.33439237,2.665607625,,,2009.1,5/3/22,no,,,,,,,,,,,,,,,,
,,-3.137,0.318775901,3.0513,3.0513,96.94360604,3.056393963,,,2009.1,5/3/22,no,,,,,,,,,,,,,,,,
,,-3.808,0.262605042,3.0356,3.0356,96.44479746,3.555202542,,,2009.1,5/3/22,no,,,,,,,,,,,,,,,,
,,-0.176,5.681818182,4.1029,4.1029,100,0,0.247,0.684,2009.2,5/3/22,yes,,,,,,,,,,,,,,,,
,,-0.201,4.975124378,4.07542,4.07542,99.33022984,0.669770163,,,2009.2,5/3/22,yes,,,,,,,,,,,,,,,,
,,-0.382,2.617801047,4.0564,4.0564,98.86665529,1.133344707,,,2009.2,5/3/22,yes,,,,,,,,,,,,,,,,
,,-0.445,2.247191011,4.0422,4.0422,98.52055863,1.479441371,,,2009.2,5/3/22,yes,,,,,,,,,,,,,,,,
,,-0.45,2.222222222,4.031,4.031,98.24758098,1.752419021,,,2009.2,5/3/22,yes,,,,,,,,,,,,,,,,
,,-0.498,2.008032129,4.0159,4.0159,97.87954861,2.120451388,,,2009.2,5/3/22,yes,,,,,,,,,,,,,,,,
,,-0.713,1.402524544,4.0045,4.0045,97.60169636,2.398303639,,,2009.2,5/3/22,yes,,,,,,,,,,,,,,,,
,,-0.773,1.293661061,3.9918,3.9918,97.2921592,2.707840796,,,2009.2,5/3/22,yes,,,,,,,,,,,,,,,,
,,-0.76,1.315789474,3.9786,3.9786,96.97043555,3.029564454,,,2009.2,5/3/22,yes,,,,,,,,,,,,,,,,
,,-0.925,1.081081081,3.9733,3.9733,96.84125862,3.158741378,,,2009.2,5/3/22,yes,,,,,,,,,,,,,,,,
,,-1.298,0.770416025,3.9537,3.9537,96.36354773,3.636452265,,,2009.2,5/3/22,yes,,,,,,,,,,,,,,,,
,,-1.521,0.657462196,3.9321,3.9321,95.83709084,4.162909162,,,2009.2,5/3/22,yes,,,,,,,,,,,,,,,,
,,-1.871,0.534473544,3.9133,3.9133,95.37887835,4.621121646,,,2009.2,5/3/22,yes,,,,,,,,,,,,,,,,
,,-2.27,0.440528634,3.8923,3.8923,94.86704526,5.132954739,,,2009.2,5/3/22,yes,,,,,,,,,,,,,,,,
,,-2.401,0.416493128,3.8869,3.8869,94.73543104,5.264568963,,,2009.2,5/3/22,yes,,,,,,,,,,,,,,,,
,,-2.58,0.387596899,3.8697,3.8697,94.31621536,5.68378464,,,2009.2,5/3/22,yes,,,,,,,,,,,,,,,,
,,-2.763,0.361925443,3.8581,3.8581,94.03348851,5.966511492,,,2009.2,5/3/22,yes,,,,,,,,,,,,,,,,
,,-2.959,0.337952011,3.8438,3.8438,93.68495454,6.315045456,,,2009.2,5/3/22,yes,,,,,,,,,,,,,,,,
,,-0.267,3.745318352,3.3698,3.3698,100,0,0.144,0.359,2369.1,5/3/22,no,,,,,,,,,,,,,,,,
14:35,,-0.566,1.766784452,3.3587,3.3587,99.6706036,0.329396403,,,2369.1,5/3/22,no,,,,,,,,,,,,,,,,
14:37,,-0.639,1.564945227,3.3534,3.3534,99.51332423,0.486675767,,,2369.1,5/3/22,no,,,,,,,,,,,,,,,,
~14:50,,-0.7883,1.268552582,3.3461,3.3461,99.29669417,0.703305834,,,2369.1,5/3/22,no,,,,,,,,,,,,,,,,
14:56,,-0.916,1.091703057,3.3409,3.3409,99.14238234,0.857617663,,,2369.1,5/3/22,no,,,,,,,,,,,,,,,,
,,-0.974,1.026694045,3.3377,3.3377,99.04742121,0.952578788,,,2369.1,5/3/22,no,,,,,,,,,,,,,,,,
15:22,,-1.214,0.823723229,3.3339,3.3339,98.93465488,1.065345124,,,2369.1,5/3/22,no,,,,,,,,,,,,,,,,
15:46,,-1.447,0.691085004,3.358,3.358,99.64983085,0.35016915,,,2369.1,5/3/22,no,,,,,,,,,,,,,,,,
16:13,,-1.679,0.595592615,3.3171,3.3171,98.43610897,1.563891032,,,2369.1,5/3/22,no,,,,,,,,,,,,,,,,
16:43,,-2.134,0.468603561,3.3056,3.3056,98.09484242,1.905157576,,,2369.1,5/3/22,no,,,,,,,,,,,,,,,,
17:20,,-2.751,0.36350418,3.2941,3.2941,97.75357588,2.24642412,,,2369.1,5/3/22,no,,,,,,,,,,,,,,,,
17:31,,-2.817,0.354987575,3.2894,3.2894,97.61410173,2.385898273,,,2369.1,5/3/22,no,,,,,,,,,,,,,,,,
17:48,,-3.17,0.315457413,3.2811,3.2811,97.36779631,2.632203692,,,2369.1,5/3/22,no,,,,,,,,,,,,,,,,
,,-0.281,3.558718861,4.3184,4.3184,100,0,0.295,0.788,2369.2,5/3/22,yes,,,,,,,,,,,,,,,,
,,-0.599,1.669449082,4.2911,4.2911,99.36782142,0.632178585,,,2369.2,5/3/22,yes,,,,,,,,,,,,,,,,
15:20,,-0.636,1.572327044,4.2411,4.2411,98.20998518,1.79001482,,,2369.2,5/3/22,yes,,,,,,,,,,,,,,,,
15:40,,-1.001,0.999000999,4.2218,4.2218,97.76306039,2.236939607,,,2369.2,5/3/22,yes,,,,,,,,,,,,,,,,
16:02,,-1.247,0.801924619,4.2111,4.2111,97.51528344,2.484716562,,,2369.2,5/3/22,yes,,,,,,,,,,,,,,,,
16:24,,-1.408,0.710227273,4.1978,4.1978,97.207299,2.792701,,,2369.2,5/3/22,yes,,,,,,,,,,,,,,,,
16:47,,-1.662,0.601684717,4.1842,4.1842,96.89236754,3.107632456,,,2369.2,5/3/22,yes,,,,,,,,,,,,,,,,
17:10,,-2.051,0.487567041,4.1631,4.1631,96.40376065,3.596239348,,,2369.2,5/3/22,yes,,,,,,,,,,,,,,,,
17:24,,-2.171,0.460617227,4.1542,4.1542,96.1976658,3.802334198,,,2369.2,5/3/22,yes,,,,,,,,,,,,,,,,
17:46,,-2.435,0.410677618,4.1426,4.1426,95.9290478,4.070952205,,,2369.2,5/3/22,yes,,,,,,,,,,,,,,,,
18:00,,-2.461,0.406338887,4.1335,4.1335,95.7183216,4.281678399,,,2369.2,5/3/22,yes,,,,,,,,,,,,,,,,
18:12,,-2.579,0.387747189,4.1276,4.1276,95.58169692,4.418303075,,,2369.2,5/3/22,yes,,,,,,,,,,,,,,,,
18:25,,-2.554,0.391542678,4.1187,4.1187,95.37560207,4.624397925,,,2369.2,5/3/22,yes,,,,,,,,,,,,,,,,
15:31,,-1.074,0.931098697,4.1206,4.1206,100,0,0.281,0.708,2347.1,5/3/22,no,,,,,,,,,,,,,,,,
15:36,,-1.752,0.570776256,4.1043,4.1043,99.60442654,0.39557346,,,2347.1,5/3/22,no,,,,,,,,,,,,,,,,
15:39,,-1.874,0.53361793,4.0967,4.0967,99.41998738,0.58001262,,,2347.1,5/3/22,no,,,,,,,,,,,,,,,,
15:41,,-2.035,0.491400491,4.0895,4.0895,99.24525555,0.754744455,,,2347.1,5/3/22,no,,,,,,,,,,,,,,,,
15:45,,-2.154,0.464252553,4.0858,4.0858,99.1554628,0.844537203,,,2347.1,5/3/22,no,,,,,,,,,,,,,,,,
15:48,,-2.257,0.443066017,4.0806,4.0806,99.02926758,0.970732418,,,2347.1,5/3/22,no,,,,,,,,,,,,,,,,
16:00,,-2.612,0.382848392,4.0696,4.0696,98.76231617,1.237683832,,,2347.1,5/3/22,no,,,,,,,,,,,,,,,,
16:12,,-2.874,0.347947112,4.0583,4.0583,98.48808426,1.51191574,,,2347.1,5/3/22,no,,,,,,,,,,,,,,,,
16:39,,-3.479,0.287438919,4.0364,4.0364,97.95660826,2.043391739,,,2347.1,5/3/22,no,,,,,,,,,,,,,,,,
,,-3.612,0.276854928,4.0186,4.0186,97.52463234,2.475367665,,,2347.1,5/3/22,no,,,,,,,,,,,,,,,,
15:52,,-0.216,4.62962963,3.4377,3.4377,100,0,0.102,0.45,2347.2,5/3/22,yes,,,,,,,,,,,,,,,,
15:54,,-0.345,2.898550725,3.4249,3.4249,99.62765803,0.372341973,,,2347.2,5/3/22,yes,,,,,,,,,,,,,,,,
15:58,,-0.541,1.848428835,3.4122,3.4122,99.25822498,0.741775024,,,2347.2,5/3/22,yes,,,,,,,,,,,,,,,,
16:03,,-0.661,1.512859304,3.403,3.403,98.99060418,1.009395817,,,2347.2,5/3/22,yes,,,,,,,,,,,,,,,,
16:15,,-0.892,1.121076233,3.3935,3.3935,98.71425663,1.285743375,,,2347.2,5/3/22,yes,,,,,,,,,,,,,,,,
16:27,,-1.163,0.859845228,3.3872,3.3872,98.53099456,1.46900544,,,2347.2,5/3/22,yes,,,,,,,,,,,,,,,,
16:36,,-1.482,0.674763833,3.3801,3.3801,98.32446112,1.675538878,,,2347.2,5/3/22,yes,,,,,,,,,,,,,,,,
17:01,,-2.182,0.458295142,3.3643,3.3643,97.8648515,2.1351485,,,2347.2,5/3/22,yes,,,,,,,,,,,,,,,,
17:22,,-2.453,0.407664085,3.3537,3.3537,97.5565058,2.443494197,,,2347.2,5/3/22,yes,,,,,,,,,,,,,,,,
17:45,,-2.7,0.37037037,3.3421,3.3421,97.21907089,2.78092911,,,2347.2,5/3/22,yes,,,,,,,,,,,,,,,,
18:05,,-3.073,0.325414904,3.3324,3.3324,96.93690549,3.063094511,,,2347.2,5/3/22,yes,,,,,,,,,,,,,,,,
,,-3.345,0.298953662,3.3241,3.3241,96.69546499,3.304535009,,,2347.2,5/3/22,yes,,,,,,,,,,,,,,,,
,,-0.228,4.385964912,2.7832,2.7832,100,0,0.101,0.226,2346.1,5/3/22,no,,,,,,,,,,,,,,,,
,,-0.36,2.777777778,2.7769,2.7769,99.77364185,0.226358149,,,2346.1,5/3/22,no,,,,,,,,,,,,,,,,
,,-0.393,2.544529262,2.7758,2.7758,99.734119,0.265881,,,2346.1,5/3/22,no,,,,,,,,,,,,,,,,
,,-0.42,2.380952381,2.7709,2.7709,99.55806266,0.441937338,,,2346.1,5/3/22,no,,,,,,,,,,,,,,,,
,,-0.639,1.564945227,2.7623,2.7623,99.24906582,0.750934177,,,2346.1,5/3/22,no,,,,,,,,,,,,,,,,
,,-0.757,1.321003963,2.6728,2.6728,96.03334291,3.966657085,,,2346.1,5/3/22,no,,,,,,,,,,,,,,,,
,,-0.955,1.047120419,2.7577,2.7577,99.08378844,0.916211555,,,2346.1,5/3/22,no,,,,,,,,,,,,,,,,
,,-1.274,0.784929356,2.7509,2.7509,98.83946536,1.160534636,,,2346.1,5/3/22,no,,,,,,,,,,,,,,,,
,,-1.35,0.740740741,2.7455,2.7455,98.64544409,1.354555907,,,2346.1,5/3/22,no,,,,,,,,,,,,,,,,
,,-0.167,5.988023952,3.5023,3.5023,100,0,0.158,0.504,2346.2,5/3/22,yes,,,,,,,,,,,,,,,,
,,-0.276,3.623188406,3.4959,3.4959,99.81726294,0.182737059,,,2346.2,5/3/22,,,,,,,,,,,,,,,,,
,,-0.345,2.898550725,3.4947,3.4947,99.78299974,0.217000257,,,2346.2,5/3/22,,,,,,,,,,,,,,,,,
,,-0.475,2.105263158,3.4913,3.4913,99.68592068,0.314079319,,,2346.2,5/3/22,,,,,,,,,,,,,,,,,
,,-0.58,1.724137931,3.4853,3.4853,99.51460469,0.485395312,,,2346.2,5/3/22,,,,,,,,,,,,,,,,,
,,-0.673,1.485884101,3.48,3.48,99.36327556,0.636724438,,,2346.2,5/3/22,,,,,,,,,,,,,,,,,
,,-0.884,1.131221719,3.47,3.47,99.07774891,0.922251092,,,2346.2,5/3/22,,,,,,,,,,,,,,,,,
,,-1.1,0.909090909,3.4666,3.4666,98.98066985,1.019330154,,,2346.2,5/3/22,,,,,,,,,,,,,,,,,
,,-1.156,0.865051903,3.4625,3.4625,98.86360392,1.136396083,,,2346.2,5/3/22,,,,,,,,,,,,,,,,,
,,-1.512,0.661375661,3.4334,3.4334,98.03272135,1.967278645,,,2346.2,5/3/22,,,,,,,,,,,,,,,,,
,,-1.733,0.577034045,3.4463,3.4463,98.40105074,1.598949262,,,2346.2,5/3/22,,,,,,,,,,,,,,,,,
,,-2.153,0.464468184,3.4344,3.4344,98.06127402,1.93872598,,,2346.2,5/3/22,,,,,,,,,,,,,,,,,
,,-2.334,0.428449015,3.42,3.42,97.65011564,2.349884362,,,2346.2,5/3/22,,,,,,,,,,,,,,,,,
,,-2.718,0.367917587,3.4185,3.4185,97.60728664,2.39271336,,,2346.2,5/3/22,,,,,,,,,,,,,,,,,
,,-3.221,0.310462589,3.4073,3.4073,97.28749679,2.712503212,,,2346.2,5/3/22,,,,,,,,,,,,,,,,,
,,-3.259,0.30684259,3.3939,3.3939,96.90489107,3.095108928,,,2346.2,5/3/22,,,,,,,,,,,,,,,,,
,,-3.762,0.265816055,3.386,3.386,96.67932501,3.320674985,,,2346.2,5/3/22,,,,,,,,,,,,,,,,,
,,-0.225,4.444444444,3.4799,3.4799,100,0,0.101,0.445,2367.1,5/3/22,no,,,,,,,,,,,,,,,,
,,-0.275,3.636363636,3.4578,3.4578,99.36492428,0.635075721,,,2367.1,5/3/22,,,,,,,,,,,,,,,,,
,,-0.294,3.401360544,3.4583,3.4583,99.37929251,0.620707492,,,2367.1,5/3/22,,,,,,,,,,,,,,,,,
,,-0.462,2.164502165,3.4418,3.4418,98.90514095,1.094859048,,,2367.1,5/3/22,,,,,,,,,,,,,,,,,
,,-0.671,1.490312966,3.43,3.43,98.56605075,1.433949251,,,2367.1,5/3/22,,,,,,,,,,,,,,,,,
,,-0.774,1.291989664,3.4296,3.4296,98.55455617,1.445443835,,,2367.1,5/3/22,,,,,,,,,,,,,,,,,
,,-0.971,1.029866117,3.4196,3.4196,98.26719159,1.732808414,,,2367.1,5/3/22,,,,,,,,,,,,,,,,,
,,-1.04,0.961538462,3.4108,3.4108,98.01431076,1.985689244,,,2367.1,5/3/22,,,,,,,,,,,,,,,,,
,,-1.224,0.816993464,3.4031,3.4031,97.79304003,2.20695997,,,2367.1,5/3/22,,,,,,,,,,,,,,,,,
,,-1.547,0.646412411,3.3966,3.3966,97.60625305,2.393746947,,,2367.1,5/3/22,,,,,,,,,,,,,,,,,
,,-2.313,0.432338954,3.3823,3.3823,97.1953217,2.804678295,,,2367.1,5/3/22,,,,,,,,,,,,,,,,,
,,-2.399,0.41684035,3.3786,3.3786,97.08899681,2.91100319,,,2367.1,5/3/22,,,,,,,,,,,,,,,,,
,,-2.417,0.413736036,3.3786,3.3729,96.925199,3.074801,,,2367.1,5/3/22,,,,,,,,,,,,,,,,,
,,-2.4,0.416666667,3.3689,3.3729,96.925199,3.074801,,,2367.1,5/3/22,,,,,,,,,,,,,,,,,
,,-0.135,7.407407407,2.8263,2.8263,100,0,0.046,0.226,2367.2,5/3/22,yes,,,,,,,,,,,,,,,,
,,-0.446,2.242152466,2.8227,2.8227,99.87262499,0.127375013,,,2367.2,5/3/22,,,,,,,,,,,,,,,,,
,,-0.512,1.953125,2.8192,2.8192,99.74878817,0.251211832,,,2367.2,5/3/22,,,,,,,,,,,,,,,,,
,,-0.887,1.127395716,2.8157,2.8157,99.62495135,0.37504865,,,2367.2,5/3/22,,,,,,,,,,,,,,,,,
,,-1.012,0.988142293,2.8105,2.8105,99.44096522,0.559034781,,,2367.2,5/3/22,,,,,,,,,,,,,,,,,
,,-1.145,0.873362445,2.8073,2.8073,99.32774299,0.672257015,,,2367.2,5/3/22,,,,,,,,,,,,,,,,,
,,-1.53,0.653594771,2.8017,2.8017,99.12960408,0.870395924,,,2367.2,5/3/22,,,,,,,,,,,,,,,,,
,,-1.334,0.749625187,2.791,2.791,98.75101723,1.248982769,,,2367.2,5/3/22,,,,,,,,,,,,,,,,,
,,-0.201,4.975124378,3.5297,3.5297,100,0,0.784,0.535,2381.1,5/3/22,no,,,,,,,,,,,,,,,,
,,-0.217,4.608294931,3.5224,3.5224,99.79318356,0.206816443,,,2381.1,5/3/22,,,,,,,,,,,,,,,,,
,,-0.424,2.358490566,3.511,3.511,99.47020993,0.529790067,,,2381.1,5/3/22,,,,,,,,,,,,,,,,,
,,-0.542,1.84501845,3.5064,3.5064,99.33988724,0.660112758,,,2381.1,5/3/22,,,,,,,,,,,,,,,,,
,,-0.718,1.39275766,3.4979,3.4979,99.09907358,0.900926424,,,2381.1,5/3/22,,,,,,,,,,,,,,,,,
,,-1.027,0.973709835,3.486,3.486,98.76193444,1.238065558,,,2381.1,5/3/22,,,,,,,,,,,,,,,,,
,,-1.463,0.683526999,3.4733,3.4733,98.40213049,1.597869507,,,2381.1,5/3/22,,,,,,,,,,,,,,,,,
,,-1.962,0.509683996,3.4603,3.4603,98.03382724,1.966172763,,,2381.1,5/3/22,,,,,,,,,,,,,,,,,
,,-2.341,0.427167877,3.4474,3.4474,97.66835708,2.331642916,,,2381.1,5/3/22,,,,,,,,,,,,,,,,,
,,-3.013,0.331895121,3.4355,3.4355,97.33121795,2.668782049,,,2381.1,5/3/22,,,,,,,,,,,,,,,,,
,,-3.333,0.300030003,3.4149,3.4149,96.74759895,3.252401054,,,2381.1,5/3/22,,,,,,,,,,,,,,,,,
,,-3.632,0.275330397,3.4082,3.4082,96.55778111,3.442218885,,,2381.1,5/3/22,,,,,,,,,,,,,,,,,
,,-0.108,9.259259259,3.7601,3.7601,100,0,0.091,0.682,2381.2,5/3/22,yes,,,,,,,,,,,,,,,,
,,-0.238,4.201680672,3.7595,3.7595,99.98404298,0.015957022,,,2381.2,5/3/22,,,,,,,,,,,,,,,,,
,,-0.368,2.717391304,3.7483,3.7483,99.68617856,0.313821441,,,2381.2,5/3/22,,,,,,,,,,,,,,,,,
,,-0.571,1.751313485,3.7393,3.7393,99.44682322,0.553176777,,,2381.2,5/3/22,,,,,,,,,,,,,,,,,
,,-0.772,1.295336788,3.7265,3.7265,99.10640674,0.893593256,,,2381.2,5/3/22,,,,,,,,,,,,,,,,,
,,-1.053,0.949667616,3.7166,3.7166,98.84311587,1.156884125,,,2381.2,5/3/22,,,,,,,,,,,,,,,,,
,,-1.536,0.651041667,3.6959,3.6959,98.2925986,1.707401399,,,2381.2,5/3/22,,,,,,,,,,,,,,,,,
,,-1.962,0.509683996,3.6804,3.6804,97.88037552,2.119624478,,,2381.2,5/3/22,,,,,,,,,,,,,,,,,
,,-2.364,0.423011844,3.6694,3.6694,97.58783011,2.412169889,,,2381.2,5/3/22,,,,,,,,,,,,,,,,,
,,-3.001,0.333222259,3.649,3.649,97.04529135,2.954708651,,,2381.2,5/3/22,,,,,,,,,,,,,,,,,
,,-4.053,0.246730817,3.6362,3.6362,96.70487487,3.29512513,,,2381.2,5/3/22,,,,,,,,,,,,,,,,,
,,-0.165,6.060606061,4.2144,1.7122,100,0,0.118,0.755,2382,5/3/22,yes,,2.5022,0,0,0,0,2.5022,,,,,,,,,
,,-0.144,6.944444444,4.2074,1.7052,99.59116926,0.408830744,,,2382,5/3/22,,,,,,,,,,,,,,,,,
,,-0.18,5.555555556,4.1954,1.6932,98.89031655,1.109683448,,,2382,5/3/22,,,,,,,,,,,,,,,,,
,,-0.227,4.405286344,4.1973,1.6951,99.0012849,0.998715103,,,2382,5/3/22,,,,,,,,,,,,,,,,,
,,-0.29,3.448275862,4.1671,1.6649,97.23747226,2.762527742,,,2382,5/3/22,,,,,,,,,,,,,,,,,
,,-0.545,1.834862385,4.1591,1.6569,96.77023712,3.229762878,,,2382,5/3/22,,,,,,,,,,,,,,,,,
,,-0.55,1.818181818,4.158,1.6558,96.70599229,3.294007709,,,2382,5/3/22,,,,,,,,,,,,,,,,,
,,-0.695,1.438848921,4.1434,1.6412,95.85328817,4.146711833,,,2382,5/3/22,,,,,,,,,,,,,,,,,
,,-0.816,1.225490196,4.1325,1.6303,95.21668029,4.783319706,,,2382,5/3/22,,,,,,,,,,,,,,,,,
,,-1.184,0.844594595,4.1219,1.6197,94.59759374,5.402406261,,,2382,5/3/22,,,,,,,,,,,,,,,,,
,,-1.339,0.74682599,4.1155,1.6133,94.22380563,5.77619437,,,2382,5/3/22,,,,,,,,,,,,,,,,,
,,-1.552,0.644329897,4.1085,1.6063,93.81497489,6.185025114,,,2382,5/3/22,,,,,,,,,,,,,,,,,
,,-1.843,0.542593597,4.1002,1.598,93.33021843,6.669781568,,,2382,5/3/22,,,,,,,,,,,,,,,,,
,,-2.028,0.493096647,4.0913,1.5891,92.81041934,7.189580656,,,2382,5/3/22,,,,,,,,,,,,,,,,,
,,-2.134,0.468603561,4.0875,1.5853,92.58848265,7.411517346,,,2382,5/3/22,,,,,,,,,,,,,,,,,
,,-2.361,0.423549344,4.0824,1.5802,92.29062025,7.709379745,,,2382,5/3/22,,,,,,,,,,,,,,,,,
,,-2.673,0.374111485,4.0747,1.5725,91.84090644,8.159093564,,,2382,5/3/22,,,,,,,,,,,,,,,,,
,,-2.751,0.36350418,4.0642,1.562,91.22766032,8.77233968,,,2382,5/3/22,,,,,,,,,,,,,,,,,
,,-3.02,0.331125828,3.0513,0.5491,32.06985165,67.93014835,,,2382,5/3/22,,,,,,,,,,,,,,,,,
,,-0.921,1.08577633,3.3477,3.3477,100,0,0.07,0.405,2010,5/3/22,yes,,,,,,,,,,,,,,,,
,,-1.008,0.992063492,3.3452,3.3452,99.92532186,0.074678137,,,2010,5/3/22,,,,,,,,,,,,,,,,,
,,-1.072,0.932835821,3.3399,3.3399,99.76700421,0.232995788,,,2010,5/3/22,,,,,,,,,,,,,,,,,
,,-1.192,0.838926175,3.3309,3.3309,99.49816292,0.501837082,,,2010,5/3/22,,,,,,,,,,,,,,,,,
,,-1.752,0.570776256,3.3186,3.3186,99.13074648,0.869253517,,,2010,5/3/22,,,,,,,,,,,,,,,,,
,,-2.128,0.469924812,3.3107,3.3107,98.89476357,1.105236431,,,2010,5/3/22,,,,,,,,,,,,,,,,,
,,-2.527,0.395726158,3.3026,3.3026,98.6528064,1.347193596,,,2010,5/3/22,,,,,,,,,,,,,,,,,
,,-2.912,0.343406593,3.2966,3.2966,98.47357888,1.526421125,,,2010,5/3/22,,,,,,,,,,,,,,,,,
,,-3.361,0.297530497,3.2864,3.2864,98.16889208,1.831107925,,,2010,5/3/22,,,,,,,,,,,,,,,,,
,,,,,,,,,,,,,,,,,,,,,,,,,,,,
,,-0.664,1.506024096,6.3313,1.4523,100,0,0.098,0.682,2343,5/3/22,yes,,4.879,0,0,0,0,4.879,,,,,,,,,
,,-0.843,1.18623962,6.32,1.441,99.22192384,0.778076155,,,2343,5/3/22,,,,,,,,,,,,,,,,,
,,-1.082,0.924214418,6.3189,1.4399,99.14618192,0.853818082,,,2343,5/3/22,,,,,,,,,,,,,,,,,
,,-1.342,0.745156483,6.3111,1.4321,98.6091028,1.390897198,,,2343,5/3/22,,,,,,,,,,,,,,,,,
,,-1.781,0.561482313,6.3009,1.4219,97.90676857,2.093231426,,,2343,5/3/22,,,,,,,,,,,,,,,,,
,,-2.261,0.442282176,6.2925,1.4135,97.32837568,2.67162432,,,2343,5/3/22,,,,,,,,,,,,,,,,,
,,-2.413,0.414421882,6.2843,1.4053,96.76375405,3.236245955,,,2343,5/3/22,,,,,,,,,,,,,,,,,
,,-2.886,0.346500347,6.2737,1.3947,96.0338773,3.966122702,,,2343,5/3/22,,,,,,,,,,,,,,,,,
,,-3.08,0.324675325,6.2642,1.3852,95.37974248,4.620257523,,,2343,5/3/22,,,,,,,,,,,,,,,,,
,,-3.358,0.297796307,6.2552,1.3762,94.76003581,5.239964195,,,2343,5/3/22,,,,,,,,,,,,,,,,,
,,-3.411,0.293169159,6.2502,1.3712,94.41575432,5.584245679,,,2343,5/3/22,,,,,,,,,,,,,,,,,
,,-0.576,1.736111111,3.3448,3.3448,100,0,0.103,0.45,2365.1,5/3/22,no,,,,,,,,,,,,,,,,
,,-0.865,1.156069364,3.3387,3.3387,99.81762736,0.182372638,,,2365.1,5/3/22,,,,,,,,,,,,,,,,,
,,-2.461,0.406338887,3.3281,3.3281,99.50071753,0.499282468,,,2365.1,5/3/22,,,,,,,,,,,,,,,,,
,,-2.776,0.360230548,3.3195,3.3195,99.24360201,0.756397991,,,2365.1,5/3/22,,,,,,,,,,,,,,,,,
,,-3.03,0.330033003,3.3122,3.3122,99.02535279,0.974647214,,,2365.1,5/3/22,,,,,,,,,,,,,,,,,
,,-3.271,0.305716906,3.3063,3.3063,98.84895958,1.151040421,,,2365.1,5/3/22,,,,,,,,,,,,,,,,,
,,-3.51,0.284900285,3.2999,3.2999,98.65761779,1.342382205,,,2365.1,5/3/22,,,,,,,,,,,,,,,,,
,,-0.312,3.205128205,3.2798,3.2798,100,0,0.085,0.362,2365.2,5/3/22,yes,,,,,,,,,,,,,,,,
,,-0.315,3.174603175,3.267,3.267,99.6097323,0.390267699,,,2365.2,5/3/22,,,,,,,,,,,,,,,,,
,,-0.521,1.919385797,3.264,3.264,99.51826331,0.481736691,,,2365.2,5/3/22,,,,,,,,,,,,,,,,,
,,-0.53,1.886792453,3.259,3.259,99.36581499,0.634185011,,,2365.2,5/3/22,,,,,,,,,,,,,,,,,
,,-0.584,1.712328767,3.2546,3.2546,99.23166047,0.768339533,,,2365.2,5/3/22,,,,,,,,,,,,,,,,,
,,-0.654,1.529051988,3.249,3.249,99.06091835,0.939081651,,,2365.2,5/3/22,,,,,,,,,,,,,,,,,
,,-0.431,2.320185615,3.2465,3.2465,98.98469419,1.015305811,,,2365.2,5/3/22,,,,,,,,,,,,,,,,,
,,-0.921,1.08577633,3.2412,3.2412,98.82309897,1.176901031,,,2365.2,5/3/22,,,,,,,,,,,,,,,,,
,,-1.112,0.899280576,3.2368,3.2368,98.68894445,1.311055552,,,2365.2,5/3/22,,,,,,,,,,,,,,,,,
,,-1.346,0.742942051,3.2281,3.2281,98.42368437,1.576315629,,,2365.2,5/3/22,,,,,,,,,,,,,,,,,
,,-1.642,0.609013398,3.2206,3.2206,98.19501189,1.804988109,,,2365.2,5/3/22,,,,,,,,,,,,,,,,,
,,-1.887,0.529941706,3.214,3.214,97.99378011,2.006219891,,,2365.2,5/3/22,,,,,,,,,,,,,,,,,
,,-2.043,0.48947626,3.2091,3.2091,97.84438075,2.155619245,,,2365.2,5/3/22,,,,,,,,,,,,,,,,,
,,-2.401,0.416493128,3.1999,3.1999,97.56387585,2.436124154,,,2365.2,5/3/22,,,,,,,,,,,,,,,,,
,,-2.624,0.381097561,3.1889,3.1889,97.22848954,2.771510458,,,2365.2,5/3/22,,,,,,,,,,,,,,,,,
,,-2.863,0.349283968,3.1811,3.1811,96.99067016,3.009329837,,,2365.2,5/3/22,,,,,,,,,,,,,,,,,
,,-3.954,0.252908447,3.1384,3.1384,95.68876151,4.31123849,,,2365.2,5/3/22,,,,,,,,,,,,,,,,,
,,-1.123,0.89047195,3.5927,1.1567,100,0,0.083,0.576,2360.1,5/3/22,no,,2.436,0,0,0,0,2.436,,,,,,,,,
,,-1.266,0.789889416,3.5903,1.1543,99.79251318,0.207486816,,,2360.1,5/3/22,,,,,,,,,,,,,,,,,
,,-1.63,0.613496933,3.5825,1.1465,99.11818103,0.881818968,,,2360.1,5/3/22,,,,,,,,,,,,,,,,,
,,-2.003,0.499251123,3.5758,1.1398,98.538947,1.461052996,,,2360.1,5/3/22,,,,,,,,,,,,,,,,,
,,-2.33,0.429184549,3.5667,1.1307,97.75222616,2.247773839,,,2360.1,5/3/22,,,,,,,,,,,,,,,,,
,,-2.7,0.37037037,3.5573,1.1213,96.93956946,3.060430535,,,2360.1,5/3/22,,,,,,,,,,,,,,,,,
,,-3.218,0.31075202,3.5472,1.1112,96.06639578,3.933604219,,,2360.1,5/3/22,,,,,,,,,,,,,,,,,
,,-3.611,0.276931598,3.5396,1.1036,95.4093542,4.590645803,,,2360.1,5/3/22,,,,,,,,,,,,,,,,,
,,-3.888,0.257201646,3.5267,1.0907,94.29411256,5.705887438,,,2360.1,5/3/22,,,,,,,,,,,,,,,,,
,,-0.1553,6.439150032,3.2405,0.7953,100,0,0.102,0.348,2360.2,5/3/22,yes,,2.4452,0,0,0,0,2.4452,,,,,,,,,
,,-0.508,1.968503937,3.2285,0.7833,98.49113542,1.508864579,,,2360.2,5/3/22,,,,,,,,,,,,,,,,,
,,-0.567,1.76366843,3.224,0.7788,97.9253112,2.074688797,,,2360.2,5/3/22,,,,,,,,,,,,,,,,,
,,-1.023,0.977517107,3.2189,0.7737,97.28404376,2.715956243,,,2360.2,5/3/22,,,,,,,,,,,,,,,,,
,,-1.972,0.507099392,3.2158,0.7706,96.89425374,3.105746259,,,2360.2,5/3/22,,,,,,,,,,,,,,,,,
,,-2.083,0.480076812,3.2111,0.7659,96.30328178,3.69671822,,,2360.2,5/3/22,,,,,,,,,,,,,,,,,
,,-2.563,0.390167772,3.2045,0.7593,95.47340626,4.526593738,,,2360.2,5/3/22,,,,,,,,,,,,,,,,,
,,-2.8,0.357142857,3.2015,0.7563,95.09619012,4.903809883,,,2360.2,5/3/22,,,,,,,,,,,,,,,,,
,,-2.807,0.356252227,3.1973,0.7521,94.56808751,5.431912486,,,2360.2,5/3/22,,,,,,,,,,,,,,,,,
,,-3.338,0.299580587,3.1894,0.7442,93.57475167,6.425248334,,,2360.2,5/3/22,,,,,,,,,,,,,,,,,
,,-3.582,0.279173646,3.1779,0.7327,92.12875644,7.871243556,,,2360.2,5/3/22,,,,,,,,,,,,,,,,,
,,-0.1,10,0.5892,,99.62,0.38,,0.2969,2347,7/27/23,yes,md,0,0,0,0,0,0,0.2934,-1.467,-1.975,91.1292,13.783,0.0522,0.0614,0.5307,16.036
,,-0.134,7.4627,0.588,,99.21,0.79,,0.2969,2347,7/27/23,yes,md,,,,,,,0.2934,-1.467,-1.975,91.1292,13.783,0.0522,0.0614,0.5307,16.036
,,-0.29,3.4483,0.5864,,98.66,1.34,,0.2969,2347,7/27/23,yes,md,,,,,,,0.2934,-1.467,-1.975,91.1292,13.783,0.0522,0.0614,0.5307,16.036
,,-0.37,2.7027,0.5849,,98.15,1.85,,0.2969,2347,7/27/23,yes,md,,,,,,,0.2934,-1.467,-1.975,91.1292,13.783,0.0522,0.0614,0.5307,16.036
,,-0.594,1.6835,0.5825,,97.33,2.67,,0.2969,2347,7/27/23,yes,md,,,,,,,0.2934,-1.467,-1.975,91.1292,13.783,0.0522,0.0614,0.5307,16.036
,,-0.618,1.6181,0.5803,,96.58,3.42,,0.2969,2347,7/27/23,yes,md,,,,,,,0.2934,-1.467,-1.975,91.1292,13.783,0.0522,0.0614,0.5307,16.036
,,-0.716,1.3966,0.577,,95.46,4.54,,0.2969,2347,7/27/23,yes,md,,,,,,,0.2934,-1.467,-1.975,91.1292,13.783,0.0522,0.0614,0.5307,16.036
,,-1.181,0.8467,0.5715,,93.58,6.42,,0.2969,2347,7/27/23,yes,md,,,,,,,0.2934,-1.467,-1.975,91.1292,13.783,0.0522,0.0614,0.5307,16.036
,,-1.498,0.6676,0.5689,,92.7,7.3,,0.2969,2347,7/27/23,yes,md,,,,,,,0.2934,-1.467,-1.975,91.1292,13.783,0.0522,0.0614,0.5307,16.036
,,-1.872,0.5342,0.5643,,91.13,8.87,,0.2969,2347,7/27/23,yes,md,,,,,,,0.2934,-1.467,-1.975,91.1292,13.783,0.0522,0.0614,0.5307,16.036
,,-1.933,0.5173,0.5618,,90.28,9.72,,0.2969,2347,7/27/23,yes,md,,,,,,,0.2934,-1.467,-1.975,91.1292,13.783,0.0522,0.0614,0.5307,16.036
,,-2.132,0.469,0.559,,89.32,10.68,,0.2969,2347,7/27/23,yes,md,,,,,,,0.2934,-1.467,-1.975,91.1292,13.783,0.0522,0.0614,0.5307,16.036
,,-2.409,0.4151,0.5563,,88.4,11.6,,0.2969,2347,7/27/23,yes,md,,,,,,,0.2934,-1.467,-1.975,91.1292,13.783,0.0522,0.0614,0.5307,16.036
,,-2.473,0.4044,0.5517,,86.84,13.16,,0.2969,2347,7/27/23,yes,md,,,,,,,0.2934,-1.467,-1.975,91.1292,13.783,0.0522,0.0614,0.5307,16.036
,,-0.105,9.5238,0.3208,,100.49,-0.49,,0.1673,2382,7/27/23,yes,md,0,0,0,0,0,0,0.1528,-1.528,-2.352,90.0789,15.169,0.0444,0.076,0.3591,10.49
,,-0.141,7.0922,0.3194,,99.57,0.43,,0.1673,2382,7/27/23,yes,md,,,,,,,0.1528,-1.528,-2.352,90.0789,15.169,0.0444,0.076,0.3591,10.49
,,-0.25,4,0.3184,,98.92,1.08,,0.1673,2382,7/27/23,yes,md,,,,,,,0.1528,-1.528,-2.352,90.0789,15.169,0.0444,0.076,0.3591,10.49
,,-0.314,3.1847,0.3168,,97.87,2.13,,0.1673,2382,7/27/23,yes,md,,,,,,,0.1528,-1.528,-2.352,90.0789,15.169,0.0444,0.076,0.3591,10.49
,,-0.482,2.0747,0.3155,,97.02,2.98,,0.1673,2382,7/27/23,yes,md,,,,,,,0.1528,-1.528,-2.352,90.0789,15.169,0.0444,0.076,0.3591,10.49
,,-0.968,1.0331,0.313,,95.38,4.62,,0.1673,2382,7/27/23,yes,md,,,,,,,0.1528,-1.528,-2.352,90.0789,15.169,0.0444,0.076,0.3591,10.49
,,-1.534,0.6519,0.3103,,93.61,6.39,,0.1673,2382,7/27/23,yes,md,,,,,,,0.1528,-1.528,-2.352,90.0789,15.169,0.0444,0.076,0.3591,10.49
,,-1.8,0.5556,0.309,,92.76,7.24,,0.1673,2382,7/27/23,yes,md,,,,,,,0.1528,-1.528,-2.352,90.0789,15.169,0.0444,0.076,0.3591,10.49
,,-1.824,0.5482,0.307,,91.45,8.55,,0.1673,2382,7/27/23,yes,md,,,,,,,0.1528,-1.528,-2.352,90.0789,15.169,0.0444,0.076,0.3591,10.49
,,-2.482,0.4029,0.3049,,90.08,9.92,,0.1673,2382,7/27/23,yes,md,,,,,,,0.1528,-1.528,-2.352,90.0789,15.169,0.0444,0.076,0.3591,10.49
,,-2.595,0.3854,0.303,,88.84,11.16,,0.1673,2382,7/27/23,yes,md,,,,,,,0.1528,-1.528,-2.352,90.0789,15.169,0.0444,0.076,0.3591,10.49
,,-2.968,0.3369,0.3004,,87.13,12.87,,0.1673,2382,7/27/23,yes,md,,,,,,,0.1528,-1.528,-2.352,90.0789,15.169,0.0444,0.076,0.3591,10.49
,,-3.362,0.2974,0.2965,,84.58,15.42,,0.1673,2382,7/27/23,yes,md,,,,,,,0.1528,-1.528,-2.352,90.0789,15.169,0.0444,0.076,0.3591,10.49
,,-3.44,0.2907,0.2924,,81.9,18.1,,0.1673,2382,7/27/23,yes,md,,,,,,,0.1528,-1.528,-2.352,90.0789,15.169,0.0444,0.076,0.3591,10.49
,,-0.098,10.2041,0.2421,,100.16,-0.16,,0.1289,2346,7/27/23,yes,md,0,0,0,0,0,0,0.113,-1.012,-2.204,90.6072,12.528,0.0443,0.0344,0.3746,7.432
,,-0.246,4.065,0.2413,,99.46,0.54,,0.1289,2346,7/27/23,yes,md,,,,,,,0.113,-1.012,-2.204,90.6072,12.528,0.0443,0.0344,0.3746,7.432
,,-0.316,3.1646,0.2398,,98.13,1.87,,0.1289,2346,7/27/23,yes,md,,,,,,,0.113,-1.012,-2.204,90.6072,12.528,0.0443,0.0344,0.3746,7.432
,,-0.594,1.6835,0.2382,,96.71,3.29,,0.1289,2346,7/27/23,yes,md,,,,,,,0.113,-1.012,-2.204,90.6072,12.528,0.0443,0.0344,0.3746,7.432
,,-0.89,1.1236,0.2367,,95.39,4.61,,0.1289,2346,7/27/23,yes,md,,,,,,,0.113,-1.012,-2.204,90.6072,12.528,0.0443,0.0344,0.3746,7.432
,,-1.311,0.7628,0.2354,,94.24,5.76,,0.1289,2346,7/27/23,yes,md,,,,,,,0.113,-1.012,-2.204,90.6072,12.528,0.0443,0.0344,0.3746,7.432
,,-1.855,0.5391,0.2333,,92.38,7.62,,0.1289,2346,7/27/23,yes,md,,,,,,,0.113,-1.012,-2.204,90.6072,12.528,0.0443,0.0344,0.3746,7.432
,,-2.291,0.4365,0.2313,,90.61,9.39,,0.1289,2346,7/27/23,yes,md,,,,,,,0.113,-1.012,-2.204,90.6072,12.528,0.0443,0.0344,0.3746,7.432
,,-2.59,0.3861,0.2303,,89.72,10.28,,0.1289,2346,7/27/23,yes,md,,,,,,,0.113,-1.012,-2.204,90.6072,12.528,0.0443,0.0344,0.3746,7.432
,,-2.671,0.3744,0.23,,89.46,10.54,,0.1289,2346,7/27/23,yes,md,,,,,,,0.113,-1.012,-2.204,90.6072,12.528,0.0443,0.0344,0.3746,7.432
,,-3.333,0.3,0.2273,,87.07,12.93,,0.1289,2346,7/27/23,yes,md,,,,,,,0.113,-1.012,-2.204,90.6072,12.528,0.0443,0.0344,0.3746,7.432
,,-0.101,9.901,0.2866,,100.74,-0.74,,0.1464,2383,7/27/23,yes,md,0,0,0,0,0,0,0.1392,-1.093,-1.672,92.9757,9.875,0.0603,0.0383,0.6018,7.752
,,-0.135,7.4074,0.2852,,99.73,0.27,,0.1464,2383,7/27/23,yes,md,,,,,,,0.1392,-1.093,-1.672,92.9757,9.875,0.0603,0.0383,0.6018,7.752
,,-0.201,4.9751,0.2831,,98.22,1.78,,0.1464,2383,7/27/23,yes,md,,,,,,,0.1392,-1.093,-1.672,92.9757,9.875,0.0603,0.0383,0.6018,7.752
,,-0.251,3.9841,0.2823,,97.65,2.35,,0.1464,2383,7/27/23,yes,md,,,,,,,0.1392,-1.093,-1.672,92.9757,9.875,0.0603,0.0383,0.6018,7.752
,,-0.358,2.7933,0.2812,,96.86,3.14,,0.1464,2383,7/27/23,yes,md,,,,,,,0.1392,-1.093,-1.672,92.9757,9.875,0.0603,0.0383,0.6018,7.752
,,-0.508,1.9685,0.2808,,96.57,3.43,,0.1464,2383,7/27/23,yes,md,,,,,,,0.1392,-1.093,-1.672,92.9757,9.875,0.0603,0.0383,0.6018,7.752
,,-0.654,1.5291,0.2797,,95.78,4.22,,0.1464,2383,7/27/23,yes,md,,,,,,,0.1392,-1.093,-1.672,92.9757,9.875,0.0603,0.0383,0.6018,7.752
,,-0.808,1.2376,0.2788,,95.13,4.87,,0.1464,2383,7/27/23,yes,md,,,,,,,0.1392,-1.093,-1.672,92.9757,9.875,0.0603,0.0383,0.6018,7.752
,,-1.138,0.8787,0.2776,,94.27,5.73,,0.1464,2383,7/27/23,yes,md,,,,,,,0.1392,-1.093,-1.672,92.9757,9.875,0.0603,0.0383,0.6018,7.752
,,-1.673,0.5977,0.2758,,92.98,7.02,,0.1464,2383,7/27/23,yes,md,,,,,,,0.1392,-1.093,-1.672,92.9757,9.875,0.0603,0.0383,0.6018,7.752
,,-1.839,0.5438,0.2737,,91.47,8.53,,0.1464,2383,7/27/23,yes,md,,,,,,,0.1392,-1.093,-1.672,92.9757,9.875,0.0603,0.0383,0.6018,7.752
,,-2.094,0.4776,0.2721,,90.32,9.68,,0.1464,2383,7/27/23,yes,md,,,,,,,0.1392,-1.093,-1.672,92.9757,9.875,0.0603,0.0383,0.6018,7.752
,,-2.357,0.4243,0.2704,,89.1,10.9,,0.1464,2383,7/27/23,yes,md,,,,,,,0.1392,-1.093,-1.672,92.9757,9.875,0.0603,0.0383,0.6018,7.752
,,-3.187,0.3138,0.2675,,87.01,12.99,,0.1464,2383,7/27/23,yes,md,,,,,,,0.1392,-1.093,-1.672,92.9757,9.875,0.0603,0.0383,0.6018,7.752
,,-0.13,7.6923,0.3101,,99.98,0.02,,0.1081,2011,7/27/23,yes,md,0,0,0,0,0,0,0.202,-1.325,-2.268,93.8456,19.066,0.03,0.0293,0.3766,8.937
,,-0.389,2.5707,0.3078,,98.84,1.16,,0.1081,2011,7/27/23,yes,md,,,,,,,0.202,-1.325,-2.268,93.8456,19.066,0.03,0.0293,0.3766,8.937
,,-0.597,1.675,0.3061,,98,2,,0.1081,2011,7/27/23,yes,md,,,,,,,0.202,-1.325,-2.268,93.8456,19.066,0.03,0.0293,0.3766,8.937
,,-0.794,1.2594,0.3044,,97.16,2.84,,0.1081,2011,7/27/23,yes,md,,,,,,,0.202,-1.325,-2.268,93.8456,19.066,0.03,0.0293,0.3766,8.937
,,-1.206,0.8292,0.3027,,96.32,3.68,,0.1081,2011,7/27/23,yes,md,,,,,,,0.202,-1.325,-2.268,93.8456,19.066,0.03,0.0293,0.3766,8.937
,,-1.854,0.5394,0.3001,,95.03,4.97,,0.1081,2011,7/27/23,yes,md,,,,,,,0.202,-1.325,-2.268,93.8456,19.066,0.03,0.0293,0.3766,8.937
,,-1.821,0.5491,0.2986,,94.29,5.71,,0.1081,2011,7/27/23,yes,md,,,,,,,0.202,-1.325,-2.268,93.8456,19.066,0.03,0.0293,0.3766,8.937
,,-2.312,0.4325,0.2977,,93.85,6.15,,0.1081,2011,7/27/23,yes,md,,,,,,,0.202,-1.325,-2.268,93.8456,19.066,0.03,0.0293,0.3766,8.937
,,-2.441,0.4097,0.2959,,92.95,7.05,,0.1081,2011,7/27/23,yes,md,,,,,,,0.202,-1.325,-2.268,93.8456,19.066,0.03,0.0293,0.3766,8.937
,,-2.862,0.3494,0.2943,,92.16,7.84,,0.1081,2011,7/27/23,yes,md,,,,,,,0.202,-1.325,-2.268,93.8456,19.066,0.03,0.0293,0.3766,8.937
,,-0.121,8.2645,0.1773,,97.27,2.73,,0.0903,2010,7/27/23,yes,md,0,0,0,0,0,0,0.1997,-2.717,-3.425,90.9055,34.606,0.0235,0.0661,0.457,5.699
,,-0.202,4.9505,0.1767,,97.17,2.83,,0.0903,2010,7/27/23,yes,md,,,,,,,0.1997,-2.717,-3.425,90.9055,34.606,0.0235,0.0661,0.457,5.699
,,-0.278,3.5971,0.1758,,96.26,3.74,,0.0903,2010,7/27/23,yes,md,,,,,,,0.1997,-2.717,-3.425,90.9055,34.606,0.0235,0.0661,0.457,5.699
,,-0.413,2.4213,0.1749,,95.86,4.14,,0.0903,2010,7/27/23,yes,md,,,,,,,0.1997,-2.717,-3.425,90.9055,34.606,0.0235,0.0661,0.457,5.699
,,-0.546,1.8315,0.1739,,95.46,4.54,,0.0903,2010,7/27/23,yes,md,,,,,,,0.1997,-2.717,-3.425,90.9055,34.606,0.0235,0.0661,0.457,5.699
,,-0.92,1.087,0.1728,,94.81,5.19,,0.0903,2010,7/27/23,yes,md,,,,,,,0.1997,-2.717,-3.425,90.9055,34.606,0.0235,0.0661,0.457,5.699
,,-1.249,0.8006,0.1715,,94.41,5.59,,0.0903,2010,7/27/23,yes,md,,,,,,,0.1997,-2.717,-3.425,90.9055,34.606,0.0235,0.0661,0.457,5.699
,,-1.6,0.625,0.1698,,93.66,6.34,,0.0903,2010,7/27/23,yes,md,,,,,,,0.1997,-2.717,-3.425,90.9055,34.606,0.0235,0.0661,0.457,5.699
,,-1.761,0.5679,0.1688,,92.31,7.69,,0.0903,2010,7/27/23,yes,md,,,,,,,0.1997,-2.717,-3.425,90.9055,34.606,0.0235,0.0661,0.457,5.699
,,-2.02,0.495,0.1674,,91.96,8.04,,0.0903,2010,7/27/23,yes,md,,,,,,,0.1997,-2.717,-3.425,90.9055,34.606,0.0235,0.0661,0.457,5.699
,,-2.507,0.3989,0.1656,,90.91,9.09,,0.0903,2010,7/27/23,yes,md,,,,,,,0.1997,-2.717,-3.425,90.9055,34.606,0.0235,0.0661,0.457,5.699
,,-0.088,11.3636,0.4758,,89.4,10.6,,0,2009,7/27/23,yes,md,0,0,0,0,0,0,0.475,-1.133,-1.804,96.4333,33.69,0.0198,0.0215,0.3532,14.772
,,-0.144,6.9444,0.4732,,87.95,12.05,,0,2009,7/27/23,yes,md,,,,,,,0.475,-1.133,-1.804,96.4333,33.69,0.0198,0.0215,0.3532,14.772
,,-0.405,2.4691,0.4702,,98.98,1.02,,0,2009,7/27/23,yes,md,,,,,,,0.475,-1.133,-1.804,96.4333,33.69,0.0198,0.0215,0.3532,14.772
,,-0.761,1.3141,0.4672,,98.35,1.65,,0,2009,7/27/23,yes,md,,,,,,,0.475,-1.133,-1.804,96.4333,33.69,0.0198,0.0215,0.3532,14.772
,,-1.22,0.8197,0.4633,,97.53,2.47,,0,2009,7/27/23,yes,md,,,,,,,0.475,-1.133,-1.804,96.4333,33.69,0.0198,0.0215,0.3532,14.772
,,-1.626,0.615,0.4607,,96.98,3.02,,0,2009,7/27/23,yes,md,,,,,,,0.475,-1.133,-1.804,96.4333,33.69,0.0198,0.0215,0.3532,14.772
,,-1.928,0.5187,0.4581,,96.43,3.57,,0,2009,7/27/23,yes,md,,,,,,,0.475,-1.133,-1.804,96.4333,33.69,0.0198,0.0215,0.3532,14.772
,,-1.93,0.5181,0.4581,,96.43,3.57,,0,2009,7/27/23,yes,md,,,,,,,0.475,-1.133,-1.804,96.4333,33.69,0.0198,0.0215,0.3532,14.772
,,-2.372,0.4216,0.4531,,95.38,4.62,,0,2009,7/27/23,yes,md,,,,,,,0.475,-1.133,-1.804,96.4333,33.69,0.0198,0.0215,0.3532,14.772
,,-3.631,0.2754,0.4412,,92.88,7.12,,0,2009,7/27/23,yes,md,,,,,,,0.475,-1.133,-1.804,96.4333,33.69,0.0198,0.0215,0.3532,14.772
,,-3.535,0.2829,0.441,,92.83,7.17,,0,2009,7/27/23,yes,md,,,,,,,0.475,-1.133,-1.804,96.4333,33.69,0.0198,0.0215,0.3532,14.772
,,-0.098,10.2041,0.3936,,100.46,-0.46,,0.1945,2347,7/27/23,yes,pd,0,0,0,0,0,0,0.1982,-0.932,-1.623,90.4183,9.002,0.0644,0.0545,0.5966,11.883
,,-0.131,7.6336,0.3925,,99.9,0.1,,0.1945,2347,7/27/23,yes,pd,,,,,,,0.1982,-0.932,-1.623,90.4183,9.002,0.0644,0.0545,0.5966,11.883
,,-0.143,6.993,0.391,,99.15,0.85,,0.1945,2347,7/27/23,yes,pd,,,,,,,0.1982,-0.932,-1.623,90.4183,9.002,0.0644,0.0545,0.5966,11.883
,,-0.232,4.3103,0.389,,98.14,1.86,,0.1945,2347,7/27/23,yes,pd,,,,,,,0.1982,-0.932,-1.623,90.4183,9.002,0.0644,0.0545,0.5966,11.883
,,-0.371,2.6954,0.3887,,97.99,2.01,,0.1945,2347,7/27/23,yes,pd,,,,,,,0.1982,-0.932,-1.623,90.4183,9.002,0.0644,0.0545,0.5966,11.883
,,-0.487,2.0534,0.3862,,96.73,3.27,,0.1945,2347,7/27/23,yes,pd,,,,,,,0.1982,-0.932,-1.623,90.4183,9.002,0.0644,0.0545,0.5966,11.883
,,-0.462,2.1645,0.3843,,95.77,4.23,,0.1945,2347,7/27/23,yes,pd,,,,,,,0.1982,-0.932,-1.623,90.4183,9.002,0.0644,0.0545,0.5966,11.883
,,-0.61,1.6393,0.3829,,95.06,4.94,,0.1945,2347,7/27/23,yes,pd,,,,,,,0.1982,-0.932,-1.623,90.4183,9.002,0.0644,0.0545,0.5966,11.883
,,-0.775,1.2903,0.3813,,94.25,5.75,,0.1945,2347,7/27/23,yes,pd,,,,,,,0.1982,-0.932,-1.623,90.4183,9.002,0.0644,0.0545,0.5966,11.883
,,-0.944,1.0593,0.3795,,93.34,6.66,,0.1945,2347,7/27/23,yes,pd,,,,,,,0.1982,-0.932,-1.623,90.4183,9.002,0.0644,0.0545,0.5966,11.883
,,-1.143,0.8749,0.3782,,92.69,7.31,,0.1945,2347,7/27/23,yes,pd,,,,,,,0.1982,-0.932,-1.623,90.4183,9.002,0.0644,0.0545,0.5966,11.883
,,-1.397,0.7158,0.3765,,91.83,8.17,,0.1945,2347,7/27/23,yes,pd,,,,,,,0.1982,-0.932,-1.623,90.4183,9.002,0.0644,0.0545,0.5966,11.883
,,-1.543,0.6481,0.3749,,91.02,8.98,,0.1945,2347,7/27/23,yes,pd,,,,,,,0.1982,-0.932,-1.623,90.4183,9.002,0.0644,0.0545,0.5966,11.883
,,-1.83,0.5464,0.3737,,90.42,9.58,,0.1945,2347,7/27/23,yes,pd,,,,,,,0.1982,-0.932,-1.623,90.4183,9.002,0.0644,0.0545,0.5966,11.883
,,-1.995,0.5013,0.3719,,89.51,10.49,,0.1945,2347,7/27/23,yes,pd,,,,,,,0.1982,-0.932,-1.623,90.4183,9.002,0.0644,0.0545,0.5966,11.883
,,-2.198,0.455,0.3699,,88.5,11.5,,0.1945,2347,7/27/23,yes,pd,,,,,,,0.1982,-0.932,-1.623,90.4183,9.002,0.0644,0.0545,0.5966,11.883
,,-2.423,0.4127,0.3671,,87.09,12.91,,0.1945,2347,7/27/23,yes,pd,,,,,,,0.1982,-0.932,-1.623,90.4183,9.002,0.0644,0.0545,0.5966,11.883
,,-2.91,0.3436,0.3645,,85.78,14.22,,0.1945,2347,7/27/23,yes,pd,,,,,,,0.1982,-0.932,-1.623,90.4183,9.002,0.0644,0.0545,0.5966,11.883
,,-3.257,0.307,0.3604,,83.71,16.29,,0.1945,2347,7/27/23,yes,pd,,,,,,,0.1982,-0.932,-1.623,90.4183,9.002,0.0644,0.0545,0.5966,11.883
,,-3.704,0.27,0.3554,,81.18,18.82,,0.1945,2347,7/27/23,yes,pd,,,,,,,0.1982,-0.932,-1.623,90.4183,9.002,0.0644,0.0545,0.5966,11.883
,,-3.705,0.2699,0.3509,,78.91,21.09,,0.1945,2347,7/27/23,yes,pd,,,,,,,0.1982,-0.932,-1.623,90.4183,9.002,0.0644,0.0545,0.5966,11.883
,,-0.099,10.101,0.1941,,101.62,-1.62,,0.0985,2382,7/27/23,yes,pd,0,0,0,0,0,0,0.0941,-2.422,-3.153,85.0391,15.058,0.0514,0.1588,0.4332,6.201
,,-0.104,9.6154,0.1935,,100.98,-0.98,,0.0985,2382,7/27/23,yes,pd,,,,,,,0.0941,-2.422,-3.153,85.0391,15.058,0.0514,0.1588,0.4332,6.201
,,-0.115,8.6957,0.192,,99.39,0.61,,0.0985,2382,7/27/23,yes,pd,,,,,,,0.0941,-2.422,-3.153,85.0391,15.058,0.0514,0.1588,0.4332,6.201
,,-0.127,7.874,0.1926,,100.03,-0.03,,0.0985,2382,7/27/23,yes,pd,,,,,,,0.0941,-2.422,-3.153,85.0391,15.058,0.0514,0.1588,0.4332,6.201
,,-0.17,5.8824,0.1922,,99.6,0.4,,0.0985,2382,7/27/23,yes,pd,,,,,,,0.0941,-2.422,-3.153,85.0391,15.058,0.0514,0.1588,0.4332,6.201
,,-0.235,4.2553,0.1913,,98.65,1.35,,0.0985,2382,7/27/23,yes,pd,,,,,,,0.0941,-2.422,-3.153,85.0391,15.058,0.0514,0.1588,0.4332,6.201
,,-0.312,3.2051,0.1904,,97.69,2.31,,0.0985,2382,7/27/23,yes,pd,,,,,,,0.0941,-2.422,-3.153,85.0391,15.058,0.0514,0.1588,0.4332,6.201
,,-0.388,2.5773,0.1893,,96.52,3.48,,0.0985,2382,7/27/23,yes,pd,,,,,,,0.0941,-2.422,-3.153,85.0391,15.058,0.0514,0.1588,0.4332,6.201
,,-0.546,1.8315,0.1892,,96.41,3.59,,0.0985,2382,7/27/23,yes,pd,,,,,,,0.0941,-2.422,-3.153,85.0391,15.058,0.0514,0.1588,0.4332,6.201
,,-0.642,1.5576,0.1879,,95.03,4.97,,0.0985,2382,7/27/23,yes,pd,,,,,,,0.0941,-2.422,-3.153,85.0391,15.058,0.0514,0.1588,0.4332,6.201
,,-0.871,1.1481,0.1875,,94.61,5.39,,0.0985,2382,7/27/23,yes,pd,,,,,,,0.0941,-2.422,-3.153,85.0391,15.058,0.0514,0.1588,0.4332,6.201
,,-1.06,0.9434,0.1867,,93.76,6.24,,0.0985,2382,7/27/23,yes,pd,,,,,,,0.0941,-2.422,-3.153,85.0391,15.058,0.0514,0.1588,0.4332,6.201
,,-1.298,0.7704,0.1858,,92.8,7.2,,0.0985,2382,7/27/23,yes,pd,,,,,,,0.0941,-2.422,-3.153,85.0391,15.058,0.0514,0.1588,0.4332,6.201
,,-1.599,0.6254,0.1846,,91.52,8.48,,0.0985,2382,7/27/23,yes,pd,,,,,,,0.0941,-2.422,-3.153,85.0391,15.058,0.0514,0.1588,0.4332,6.201
,,-1.931,0.5179,0.1834,,90.25,9.75,,0.0985,2382,7/27/23,yes,pd,,,,,,,0.0941,-2.422,-3.153,85.0391,15.058,0.0514,0.1588,0.4332,6.201
,,-2.313,0.4323,0.1823,,89.08,10.92,,0.0985,2382,7/27/23,yes,pd,,,,,,,0.0941,-2.422,-3.153,85.0391,15.058,0.0514,0.1588,0.4332,6.201
,,-2.743,0.3646,0.1806,,87.27,12.73,,0.0985,2382,7/27/23,yes,pd,,,,,,,0.0941,-2.422,-3.153,85.0391,15.058,0.0514,0.1588,0.4332,6.201
,,-3.175,0.315,0.1785,,85.04,14.96,,0.0985,2382,7/27/23,yes,pd,,,,,,,0.0941,-2.422,-3.153,85.0391,15.058,0.0514,0.1588,0.4332,6.201
,,-3.364,0.2973,0.1759,,82.28,17.72,,0.0985,2382,7/27/23,yes,pd,,,,,,,0.0941,-2.422,-3.153,85.0391,15.058,0.0514,0.1588,0.4332,6.201
,,-3.604,0.2775,0.1734,,79.62,20.38,,0.0985,2382,7/27/23,yes,pd,,,,,,,0.0941,-2.422,-3.153,85.0391,15.058,0.0514,0.1588,0.4332,6.201
,,-3.667,0.2727,0.1706,,76.64,23.36,,0.0985,2382,7/27/23,yes,pd,,,,,,,0.0941,-2.422,-3.153,85.0391,15.058,0.0514,0.1588,0.4332,6.201
,,-0.137,7.2993,0.1786,,101.87,-1.87,,0.0893,2381,7/27/23,yes,pd,0,0,0,0,0,0,0.0877,-1.772,-2.755,85.2147,13.938,0.0507,0.1656,0.4338,5.694
,,-0.179,5.5866,0.1773,,100.39,-0.39,,0.0893,2381,7/27/23,yes,pd,,,,,,,0.0877,-1.772,-2.755,85.2147,13.938,0.0507,0.1656,0.4338,5.694
,,-0.187,5.3476,0.1767,,99.7,0.3,,0.0893,2381,7/27/23,yes,pd,,,,,,,0.0877,-1.772,-2.755,85.2147,13.938,0.0507,0.1656,0.4338,5.694
,,-0.285,3.5088,0.1754,,98.22,1.78,,0.0893,2381,7/27/23,yes,pd,,,,,,,0.0877,-1.772,-2.755,85.2147,13.938,0.0507,0.1656,0.4338,5.694
,,-0.32,3.125,0.1744,,97.08,2.92,,0.0893,2381,7/27/23,yes,pd,,,,,,,0.0877,-1.772,-2.755,85.2147,13.938,0.0507,0.1656,0.4338,5.694
,,-0.481,2.079,0.1734,,95.94,4.06,,0.0893,2381,7/27/23,yes,pd,,,,,,,0.0877,-1.772,-2.755,85.2147,13.938,0.0507,0.1656,0.4338,5.694
,,-0.765,1.3072,0.1724,,94.8,5.2,,0.0893,2381,7/27/23,yes,pd,,,,,,,0.0877,-1.772,-2.755,85.2147,13.938,0.0507,0.1656,0.4338,5.694
,,-1.04,0.9615,0.1715,,93.77,6.23,,0.0893,2381,7/27/23,yes,pd,,,,,,,0.0877,-1.772,-2.755,85.2147,13.938,0.0507,0.1656,0.4338,5.694
,,-1.325,0.7547,0.1703,,92.4,7.6,,0.0893,2381,7/27/23,yes,pd,,,,,,,0.0877,-1.772,-2.755,85.2147,13.938,0.0507,0.1656,0.4338,5.694
,,-1.66,0.6024,0.1688,,90.69,9.31,,0.0893,2381,7/27/23,yes,pd,,,,,,,0.0877,-1.772,-2.755,85.2147,13.938,0.0507,0.1656,0.4338,5.694
,,-2.091,0.4782,0.168,,89.78,10.22,,0.0893,2381,7/27/23,yes,pd,,,,,,,0.0877,-1.772,-2.755,85.2147,13.938,0.0507,0.1656,0.4338,5.694
,,-2.475,0.404,0.1668,,88.41,11.59,,0.0893,2381,7/27/23,yes,pd,,,,,,,0.0877,-1.772,-2.755,85.2147,13.938,0.0507,0.1656,0.4338,5.694
,,-2.817,0.355,0.1657,,87.15,12.85,,0.0893,2381,7/27/23,yes,pd,,,,,,,0.0877,-1.772,-2.755,85.2147,13.938,0.0507,0.1656,0.4338,5.694
,,-3.162,0.3163,0.164,,85.21,14.79,,0.0893,2381,7/27/23,yes,pd,,,,,,,0.0877,-1.772,-2.755,85.2147,13.938,0.0507,0.1656,0.4338,5.694
,,-3.45,0.2899,0.1623,,83.28,16.72,,0.0893,2381,7/27/23,yes,pd,,,,,,,0.0877,-1.772,-2.755,85.2147,13.938,0.0507,0.1656,0.4338,5.694
,,-3.533,0.283,0.1591,,79.63,20.37,,0.0893,2381,7/27/23,yes,pd,,,,,,,0.0877,-1.772,-2.755,85.2147,13.938,0.0507,0.1656,0.4338,5.694
,,-3.627,0.2757,0.1554,,75.4,24.6,,0.0893,2381,7/27/23,yes,pd,,,,,,,0.0877,-1.772,-2.755,85.2147,13.938,0.0507,0.1656,0.4338,5.694
,,-4.012,0.2493,0.1534,,73.12,26.88,,0.0893,2381,7/27/23,yes,pd,,,,,,,0.0877,-1.772,-2.755,85.2147,13.938,0.0507,0.1656,0.4338,5.694
,,-0.081,12.3457,0.1678,,101.08,-1.08,,0.0855,2383,7/27/23,yes,pd,0,0,0,0,0,0,0.0814,-2.9,-3.611,82.5309,18.69,0.0446,0.1768,0.3836,5.262
,,-0.104,9.6154,0.1677,,100.95,-0.95,,0.0855,2383,7/27/23,yes,pd,,,,,,,0.0814,-2.9,-3.611,82.5309,18.69,0.0446,0.1768,0.3836,5.262
,,-0.156,6.4103,0.1665,,99.48,0.52,,0.0855,2383,7/27/23,yes,pd,,,,,,,0.0814,-2.9,-3.611,82.5309,18.69,0.0446,0.1768,0.3836,5.262
,,-0.23,4.3478,0.1657,,98.5,1.5,,0.0855,2383,7/27/23,yes,pd,,,,,,,0.0814,-2.9,-3.611,82.5309,18.69,0.0446,0.1768,0.3836,5.262
,,-0.389,2.5707,0.165,,97.64,2.36,,0.0855,2383,7/27/23,yes,pd,,,,,,,0.0814,-2.9,-3.611,82.5309,18.69,0.0446,0.1768,0.3836,5.262
,,-0.478,2.0921,0.1637,,96.04,3.96,,0.0855,2383,7/27/23,yes,pd,,,,,,,0.0814,-2.9,-3.611,82.5309,18.69,0.0446,0.1768,0.3836,5.262
,,-0.799,1.2516,0.1629,,95.06,4.94,,0.0855,2383,7/27/23,yes,pd,,,,,,,0.0814,-2.9,-3.611,82.5309,18.69,0.0446,0.1768,0.3836,5.262
,,-1.256,0.7962,0.1616,,93.46,6.54,,0.0855,2383,7/27/23,yes,pd,,,,,,,0.0814,-2.9,-3.611,82.5309,18.69,0.0446,0.1768,0.3836,5.262
,,-1.613,0.62,0.1613,,93.09,6.91,,0.0855,2383,7/27/23,yes,pd,,,,,,,0.0814,-2.9,-3.611,82.5309,18.69,0.0446,0.1768,0.3836,5.262
,,-2.298,0.4352,0.1592,,90.51,9.49,,0.0855,2383,7/27/23,yes,pd,,,,,,,0.0814,-2.9,-3.611,82.5309,18.69,0.0446,0.1768,0.3836,5.262
,,-2.692,0.3715,0.1589,,90.15,9.85,,0.0855,2383,7/27/23,yes,pd,,,,,,,0.0814,-2.9,-3.611,82.5309,18.69,0.0446,0.1768,0.3836,5.262
,,-2.91,0.3436,0.1554,,85.85,14.15,,0.0855,2383,7/27/23,yes,pd,,,,,,,0.0814,-2.9,-3.611,82.5309,18.69,0.0446,0.1768,0.3836,5.262
,,-3.21,0.3115,0.1554,,85.85,14.15,,0.0855,2383,7/27/23,yes,pd,,,,,,,0.0814,-2.9,-3.611,82.5309,18.69,0.0446,0.1768,0.3836,5.262
,,-3.594,0.2782,0.1527,,82.53,17.47,,0.0855,2383,7/27/23,yes,pd,,,,,,,0.0814,-2.9,-3.611,82.5309,18.69,0.0446,0.1768,0.3836,5.262
,,-4.002,0.2499,0.1481,,76.88,23.12,,0.0855,2383,7/27/23,yes,pd,,,,,,,0.0814,-2.9,-3.611,82.5309,18.69,0.0446,0.1768,0.3836,5.262
,,-4.076,0.2453,0.1453,,73.44,26.56,,0.0855,2383,7/27/23,yes,pd,,,,,,,0.0814,-2.9,-3.611,82.5309,18.69,0.0446,0.1768,0.3836,5.262
,,-0.09,11.1111,0.2122,,100.05,-0.05,,0.1081,2011,7/27/23,yes,pd,0,0,0,0,0,0,0.104,-1.109,-2.129,86.6939,5.396,0.0859,0.0524,0.8531,5.817
,,-0.131,7.6336,0.2115,,99.38,0.62,,0.1081,2011,7/27/23,yes,pd,,,,,,,0.104,-1.109,-2.129,86.6939,5.396,0.0859,0.0524,0.8531,5.817
,,-0.158,6.3291,0.21154,,99.42,0.58,,0.1081,2011,7/27/23,yes,pd,,,,,,,0.104,-1.109,-2.129,86.6939,5.396,0.0859,0.0524,0.8531,5.817
,,-0.203,4.9261,0.2109,,98.8,1.2,,0.1081,2011,7/27/23,yes,pd,,,,,,,0.104,-1.109,-2.129,86.6939,5.396,0.0859,0.0524,0.8531,5.817
,,-0.281,3.5587,0.2098,,97.75,2.25,,0.1081,2011,7/27/23,yes,pd,,,,,,,0.104,-1.109,-2.129,86.6939,5.396,0.0859,0.0524,0.8531,5.817
,,-0.249,4.0161,0.2086,,96.59,3.41,,0.1081,2011,7/27/23,yes,pd,,,,,,,0.104,-1.109,-2.129,86.6939,5.396,0.0859,0.0524,0.8531,5.817
,,-0.332,3.012,0.2082,,96.21,3.79,,0.1081,2011,7/27/23,yes,pd,,,,,,,0.104,-1.109,-2.129,86.6939,5.396,0.0859,0.0524,0.8531,5.817
,,-0.39,2.5641,0.2074,,95.44,4.56,,0.1081,2011,7/27/23,yes,pd,,,,,,,0.104,-1.109,-2.129,86.6939,5.396,0.0859,0.0524,0.8531,5.817
,,-0.528,1.8939,0.2066,,94.67,5.33,,0.1081,2011,7/27/23,yes,pd,,,,,,,0.104,-1.109,-2.129,86.6939,5.396,0.0859,0.0524,0.8531,5.817
,,-0.744,1.3441,0.2054,,93.52,6.48,,0.1081,2011,7/27/23,yes,pd,,,,,,,0.104,-1.109,-2.129,86.6939,5.396,0.0859,0.0524,0.8531,5.817
,,-1.04,0.9615,0.2039,,92.08,7.92,,0.1081,2011,7/27/23,yes,pd,,,,,,,0.104,-1.109,-2.129,86.6939,5.396,0.0859,0.0524,0.8531,5.817
,,-1.187,0.8425,0.2021,,90.35,9.65,,0.1081,2011,7/27/23,yes,pd,,,,,,,0.104,-1.109,-2.129,86.6939,5.396,0.0859,0.0524,0.8531,5.817
,,-1.321,0.757,0.2003,,88.62,11.38,,0.1081,2011,7/27/23,yes,pd,,,,,,,0.104,-1.109,-2.129,86.6939,5.396,0.0859,0.0524,0.8531,5.817
,,-2.23,0.4484,0.1983,,86.69,13.31,,0.1081,2011,7/27/23,yes,pd,,,,,,,0.104,-1.109,-2.129,86.6939,5.396,0.0859,0.0524,0.8531,5.817
,,-2.633,0.3798,0.1961,,84.58,15.42,,0.1081,2011,7/27/23,yes,pd,,,,,,,0.104,-1.109,-2.129,86.6939,5.396,0.0859,0.0524,0.8531,5.817
,,-3.11,0.3215,0.1941,,82.66,17.34,,0.1081,2011,7/27/23,yes,pd,,,,,,,0.104,-1.109,-2.129,86.6939,5.396,0.0859,0.0524,0.8531,5.817
,,-3.348,0.2987,0.1925,,81.12,18.88,,0.1081,2011,7/27/23,yes,pd,,,,,,,0.104,-1.109,-2.129,86.6939,5.396,0.0859,0.0524,0.8531,5.817
,,-3.618,0.2764,0.1905,,79.2,20.8,,0.1081,2011,7/27/23,yes,pd,,,,,,,0.104,-1.109,-2.129,86.6939,5.396,0.0859,0.0524,0.8531,5.817
,,-0.05,20,0.4794,,103.66,-3.66,,0.2197,2010,7/27/23,yes,pd,0,0,0,0,0,0,0.2505,-0.762,-2.344,77.2791,2.262,0.1612,0.0452,1.9268,11.643
,,-0.062,16.129,0.4771,,102.75,-2.75,,0.2197,2010,7/27/23,yes,pd,,,,,,,0.2505,-0.762,-2.344,77.2791,2.262,0.1612,0.0452,1.9268,11.643
,,-0.121,8.2645,0.4745,,101.71,-1.71,,0.2197,2010,7/27/23,yes,pd,,,,,,,0.2505,-0.762,-2.344,77.2791,2.262,0.1612,0.0452,1.9268,11.643
,,-0.13,7.6923,0.4722,,100.79,-0.79,,0.2197,2010,7/27/23,yes,pd,,,,,,,0.2505,-0.762,-2.344,77.2791,2.262,0.1612,0.0452,1.9268,11.643
,,-0.147,6.8027,0.4691,,99.55,0.45,,0.2197,2010,7/27/23,yes,pd,,,,,,,0.2505,-0.762,-2.344,77.2791,2.262,0.1612,0.0452,1.9268,11.643
,,-0.169,5.9172,0.4655,,98.12,1.88,,0.2197,2010,7/27/23,yes,pd,,,,,,,0.2505,-0.762,-2.344,77.2791,2.262,0.1612,0.0452,1.9268,11.643
,,-0.157,6.3694,0.4621,,96.76,3.24,,0.2197,2010,7/27/23,yes,pd,,,,,,,0.2505,-0.762,-2.344,77.2791,2.262,0.1612,0.0452,1.9268,11.643
,,-0.094,10.6383,0.457,,94.72,5.28,,0.2197,2010,7/27/23,yes,pd,,,,,,,0.2505,-0.762,-2.344,77.2791,2.262,0.1612,0.0452,1.9268,11.643
,,-0.146,6.8493,0.4482,,91.21,8.79,,0.2197,2010,7/27/23,yes,pd,,,,,,,0.2505,-0.762,-2.344,77.2791,2.262,0.1612,0.0452,1.9268,11.643
,,-0.265,3.7736,0.4376,,86.98,13.02,,0.2197,2010,7/27/23,yes,pd,,,,,,,0.2505,-0.762,-2.344,77.2791,2.262,0.1612,0.0452,1.9268,11.643
,,-0.71,1.4085,0.4241,,81.59,18.41,,0.2197,2010,7/27/23,yes,pd,,,,,,,0.2505,-0.762,-2.344,77.2791,2.262,0.1612,0.0452,1.9268,11.643
,,-1.237,0.8084,0.4207,,80.23,19.77,,0.2197,2010,7/27/23,yes,pd,,,,,,,0.2505,-0.762,-2.344,77.2791,2.262,0.1612,0.0452,1.9268,11.643
,,-1.872,0.5342,0.417,,78.76,21.24,,0.2197,2010,7/27/23,yes,pd,,,,,,,0.2505,-0.762,-2.344,77.2791,2.262,0.1612,0.0452,1.9268,11.643
,,-2.409,0.4151,0.4133,,77.28,22.72,,0.2197,2010,7/27/23,yes,pd,,,,,,,0.2505,-0.762,-2.344,77.2791,2.262,0.1612,0.0452,1.9268,11.643
,,-2.834,0.3529,0.4093,,75.68,24.32,,0.2197,2010,7/27/23,yes,pd,,,,,,,0.2505,-0.762,-2.344,77.2791,2.262,0.1612,0.0452,1.9268,11.643
,,-3.168,0.3157,0.4047,,73.85,26.15,,0.2197,2010,7/27/23,yes,pd,,,,,,,0.2505,-0.762,-2.344,77.2791,2.262,0.1612,0.0452,1.9268,11.643
,,-0.078,12.8205,0.3993,,100.73,-0.73,,0.2041,2009,7/27/23,yes,pd,0,0,0,0,0,0,0.1938,-1.57,-2.491,90.8732,14.053,0.0439,0.0413,0.3848,12.275
,,-0.095,10.5263,0.3979,,100.01,-0.01,,0.2041,2009,7/27/23,yes,pd,,,,,,,0.1938,-1.57,-2.491,90.8732,14.053,0.0439,0.0413,0.3848,12.275
,,-0.179,5.5866,0.3963,,99.18,0.82,,0.2041,2009,7/27/23,yes,pd,,,,,,,0.1938,-1.57,-2.491,90.8732,14.053,0.0439,0.0413,0.3848,12.275
,,-0.31,3.2258,0.394,,97.99,2.01,,0.2041,2009,7/27/23,yes,pd,,,,,,,0.1938,-1.57,-2.491,90.8732,14.053,0.0439,0.0413,0.3848,12.275
,,-0.461,2.1692,0.3913,,96.6,3.4,,0.2041,2009,7/27/23,yes,pd,,,,,,,0.1938,-1.57,-2.491,90.8732,14.053,0.0439,0.0413,0.3848,12.275
,,-1.055,0.9479,0.3887,,95.26,4.74,,0.2041,2009,7/27/23,yes,pd,,,,,,,0.1938,-1.57,-2.491,90.8732,14.053,0.0439,0.0413,0.3848,12.275
,,-1.442,0.6935,0.3856,,93.66,6.34,,0.2041,2009,7/27/23,yes,pd,,,,,,,0.1938,-1.57,-2.491,90.8732,14.053,0.0439,0.0413,0.3848,12.275
,,-1.931,0.5179,0.3828,,92.21,7.79,,0.2041,2009,7/27/23,yes,pd,,,,,,,0.1938,-1.57,-2.491,90.8732,14.053,0.0439,0.0413,0.3848,12.275
,,-2.469,0.405,0.3802,,90.87,9.13,,0.2041,2009,7/27/23,yes,pd,,,,,,,0.1938,-1.57,-2.491,90.8732,14.053,0.0439,0.0413,0.3848,12.275
,,-2.816,0.3551,0.3771,,89.27,10.73,,0.2041,2009,7/27/23,yes,pd,,,,,,,0.1938,-1.57,-2.491,90.8732,14.053,0.0439,0.0413,0.3848,12.275
,,-3.18,0.3145,0.3734,,87.36,12.64,,0.2041,2009,7/27/23,yes,pd,,,,,,,0.1938,-1.57,-2.491,90.8732,14.053,0.0439,0.0413,0.3848,12.275
,,-3.72,0.2688,0.3704,,85.82,14.18,,0.2041,2009,7/27/23,yes,pd,,,,,,,0.1938,-1.57,-2.491,90.8732,14.053,0.0439,0.0413,0.3848,12.275
,,-2.89,0.346,0.3178,,86.53,13.47,,0.1765,2382,7/27/23,no,md,0,0,0,0,0,0,0.1633,-3.403,-4.098,78.4462,18.478,0.0456,0.2487,0.4416,9.359
,,-3.159,0.3166,0.3163,,85.61,14.39,,0.1765,2382,7/27/23,no,md,,,,,,,0.1633,-3.403,-4.098,78.4462,18.478,0.0456,0.2487,0.4416,9.359
,,-3.401,0.294,0.3147,,84.63,15.37,,0.1765,2382,7/27/23,no,md,,,,,,,0.1633,-3.403,-4.098,78.4462,18.478,0.0456,0.2487,0.4416,9.359
,,-3.712,0.2694,0.3131,,83.65,16.35,,0.1765,2382,7/27/23,no,md,,,,,,,0.1633,-3.403,-4.098,78.4462,18.478,0.0456,0.2487,0.4416,9.359
,,-3.928,0.2546,0.3105,,82.06,17.94,,0.1765,2382,7/27/23,no,md,,,,,,,0.1633,-3.403,-4.098,78.4462,18.478,0.0456,0.2487,0.4416,9.359
,,-4.118,0.2428,0.3086,,80.9,19.1,,0.1765,2382,7/27/23,no,md,,,,,,,0.1633,-3.403,-4.098,78.4462,18.478,0.0456,0.2487,0.4416,9.359
,,-4.08,0.2451,0.3046,,78.45,21.55,,0.1765,2382,7/27/23,no,md,,,,,,,0.1633,-3.403,-4.098,78.4462,18.478,0.0456,0.2487,0.4416,9.359
,,-4.23,0.2364,0.3012,,76.36,23.64,,0.1765,2382,7/27/23,no,md,,,,,,,0.1633,-3.403,-4.098,78.4462,18.478,0.0456,0.2487,0.4416,9.359
,,-4.27,0.2342,0.2965,,73.49,26.51,,0.1765,2382,7/27/23,no,md,,,,,,,0.1633,-3.403,-4.098,78.4462,18.478,0.0456,0.2487,0.4416,9.359
,,-1.356,0.7375,0.2184,,94.08,5.92,,0.1168,2346,7/27/23,no,md,0,0,0,0,0,0,0.108,-2.179,-3.256,85.5607,16.577,0.0413,0.0848,0.3237,7.654
,,-1.588,0.6297,0.2183,,93.99,6.01,,0.1168,2346,7/27/23,no,md,,,,,,,0.108,-2.179,-3.256,85.5607,16.577,0.0413,0.0848,0.3237,7.654
,,-1.578,0.6337,0.2178,,93.52,6.48,,0.1168,2346,7/27/23,no,md,,,,,,,0.108,-2.179,-3.256,85.5607,16.577,0.0413,0.0848,0.3237,7.654
,,-1.934,0.5171,0.2164,,92.23,7.77,,0.1168,2346,7/27/23,no,md,,,,,,,0.108,-2.179,-3.256,85.5607,16.577,0.0413,0.0848,0.3237,7.654
,,-1.957,0.511,0.2151,,91.02,8.98,,0.1168,2346,7/27/23,no,md,,,,,,,0.108,-2.179,-3.256,85.5607,16.577,0.0413,0.0848,0.3237,7.654
,,-2.448,0.4085,0.2142,,90.19,9.81,,0.1168,2346,7/27/23,no,md,,,,,,,0.108,-2.179,-3.256,85.5607,16.577,0.0413,0.0848,0.3237,7.654
,,-2.948,0.3392,0.2125,,88.62,11.38,,0.1168,2346,7/27/23,no,md,,,,,,,0.108,-2.179,-3.256,85.5607,16.577,0.0413,0.0848,0.3237,7.654
,,-2.863,0.3493,0.2113,,87.51,12.49,,0.1168,2346,7/27/23,no,md,,,,,,,0.108,-2.179,-3.256,85.5607,16.577,0.0413,0.0848,0.3237,7.654
,,-3.331,0.3002,0.2092,,85.56,14.44,,0.1168,2346,7/27/23,no,md,,,,,,,0.108,-2.179,-3.256,85.5607,16.577,0.0413,0.0848,0.3237,7.654
,,-3.681,0.2717,0.2058,,82.41,17.59,,0.1168,2346,7/27/23,no,md,,,,,,,0.108,-2.179,-3.256,85.5607,16.577,0.0413,0.0848,0.3237,7.654
,,-4.003,0.2498,0.2041,,80.84,19.16,,0.1168,2346,7/27/23,no,md,,,,,,,0.108,-2.179,-3.256,85.5607,16.577,0.0413,0.0848,0.3237,7.654
,,-4.373,0.2287,0.1994,,76.49,23.51,,0.1168,2346,7/27/23,no,md,,,,,,,0.108,-2.179,-3.256,85.5607,16.577,0.0413,0.0848,0.3237,7.654
,,-2.166,0.4617,0.1879,,88.3,11.7,,0.1047,2383,7/27/23,no,md,0,0,0,0,0,0,0.0942,-2.851,-4.236,77.6865,17.587,0.0467,0.1375,0.4517,5.407
,,-3.003,0.333,0.1867,,87.03,12.97,,0.1047,2383,7/27/23,no,md,,,,,,,0.0942,-2.851,-4.236,77.6865,17.587,0.0467,0.1375,0.4517,5.407
,,-2.988,0.3347,0.186,,86.28,13.72,,0.1047,2383,7/27/23,no,md,,,,,,,0.0942,-2.851,-4.236,77.6865,17.587,0.0467,0.1375,0.4517,5.407
,,-3.064,0.3264,0.1849,,85.12,14.88,,0.1047,2383,7/27/23,no,md,,,,,,,0.0942,-2.851,-4.236,77.6865,17.587,0.0467,0.1375,0.4517,5.407
,,-3.149,0.3176,0.1831,,83.21,16.79,,0.1047,2383,7/27/23,no,md,,,,,,,0.0942,-2.851,-4.236,77.6865,17.587,0.0467,0.1375,0.4517,5.407
,,-3.462,0.2889,0.1824,,82.46,17.54,,0.1047,2383,7/27/23,no,md,,,,,,,0.0942,-2.851,-4.236,77.6865,17.587,0.0467,0.1375,0.4517,5.407
,,-3.981,0.2512,0.1866,,86.92,13.08,,0.1047,2383,7/27/23,no,md,,,,,,,0.0942,-2.851,-4.236,77.6865,17.587,0.0467,0.1375,0.4517,5.407
,,-4.164,0.2402,0.1796,,79.49,20.51,,0.1047,2383,7/27/23,no,md,,,,,,,0.0942,-2.851,-4.236,77.6865,17.587,0.0467,0.1375,0.4517,5.407
,,-4.391,0.2277,0.1779,,77.69,22.31,,0.1047,2383,7/27/23,no,md,,,,,,,0.0942,-2.851,-4.236,77.6865,17.587,0.0467,0.1375,0.4517,5.407
,,-4.612,0.2168,0.1759,,75.56,24.44,,0.1047,2383,7/27/23,no,md,,,,,,,0.0942,-2.851,-4.236,77.6865,17.587,0.0467,0.1375,0.4517,5.407
,,-4.949,0.2021,0.1717,,71.11,28.89,,0.1047,2383,7/27/23,no,md,,,,,,,0.0942,-2.851,-4.236,77.6865,17.587,0.0467,0.1375,0.4517,5.407
,,-5.321,0.1879,0.166,,65.06,34.94,,0.1047,2383,7/27/23,no,md,,,,,,,0.0942,-2.851,-4.236,77.6865,17.587,0.0467,0.1375,0.4517,5.407
,,-3.036,0.3294,0.2847,,65.32,34.68,,0.1491,2010,7/27/23,no,md,0,0,0,0,0,0,0.2076,-3.042,-3.862,55.3005,6.728,0.1256,0.2628,1.4294,10.132
,,-2.819,0.3547,0.2835,,64.74,35.26,,0.1491,2010,7/27/23,no,md,,,,,,,0.2076,-3.042,-3.862,55.3005,6.728,0.1256,0.2628,1.4294,10.132
,,-2.82,0.3546,0.2826,,64.31,35.69,,0.1491,2010,7/27/23,no,md,,,,,,,0.2076,-3.042,-3.862,55.3005,6.728,0.1256,0.2628,1.4294,10.132
,,-2.822,0.3544,0.2804,,63.25,36.75,,0.1491,2010,7/27/23,no,md,,,,,,,0.2076,-3.042,-3.862,55.3005,6.728,0.1256,0.2628,1.4294,10.132
,,-2.854,0.3504,0.2779,,62.04,37.96,,0.1491,2010,7/27/23,no,md,,,,,,,0.2076,-3.042,-3.862,55.3005,6.728,0.1256,0.2628,1.4294,10.132
,,-3.27,0.3058,0.2717,,59.06,40.94,,0.1491,2010,7/27/23,no,md,,,,,,,0.2076,-3.042,-3.862,55.3005,6.728,0.1256,0.2628,1.4294,10.132
,,-3.834,0.2608,0.2639,,55.3,44.7,,0.1491,2010,7/27/23,no,md,,,,,,,0.2076,-3.042,-3.862,55.3005,6.728,0.1256,0.2628,1.4294,10.132
,,-3.872,0.2583,0.2605,,53.66,46.34,,0.1491,2010,7/27/23,no,md,,,,,,,0.2076,-3.042,-3.862,55.3005,6.728,0.1256,0.2628,1.4294,10.132
,,-3.971,0.2518,0.2545,,50.77,49.23,,0.1491,2010,7/27/23,no,md,,,,,,,0.2076,-3.042,-3.862,55.3005,6.728,0.1256,0.2628,1.4294,10.132
,,-4.086,0.2447,0.2501,,48.65,51.35,,0.1491,2010,7/27/23,no,md,,,,,,,0.2076,-3.042,-3.862,55.3005,6.728,0.1256,0.2628,1.4294,10.132
,,-2.888,0.3463,0.2716,,80.8,19.2,,0.1553,2011,7/27/23,no,md,0,0,0,0,0,0,0.1439,-2.312,-4.033,71.2153,7.043,0.0684,0.1005,0.5839,9.367
,,-2.798,0.3574,0.2706,,80.11,19.89,,0.1553,2011,7/27/23,no,md,,,,,,,0.1439,-2.312,-4.033,71.2153,7.043,0.0684,0.1005,0.5839,9.367
,,-3.107,0.3219,0.2688,,78.86,21.14,,0.1553,2011,7/27/23,no,md,,,,,,,0.1439,-2.312,-4.033,71.2153,7.043,0.0684,0.1005,0.5839,9.367
,,-3.309,0.3022,0.2669,,77.54,22.46,,0.1553,2011,7/27/23,no,md,,,,,,,0.1439,-2.312,-4.033,71.2153,7.043,0.0684,0.1005,0.5839,9.367
,,-3.587,0.2788,0.264,,75.52,24.48,,0.1553,2011,7/27/23,no,md,,,,,,,0.1439,-2.312,-4.033,71.2153,7.043,0.0684,0.1005,0.5839,9.367
,,-3.8,0.2632,0.2616,,73.86,26.14,,0.1553,2011,7/27/23,no,md,,,,,,,0.1439,-2.312,-4.033,71.2153,7.043,0.0684,0.1005,0.5839,9.367
,,-4.078,0.2452,0.2578,,71.22,28.78,,0.1553,2011,7/27/23,no,md,,,,,,,0.1439,-2.312,-4.033,71.2153,7.043,0.0684,0.1005,0.5839,9.367
,,-4.208,0.2376,0.2561,,70.03,29.97,,0.1553,2011,7/27/23,no,md,,,,,,,0.1439,-2.312,-4.033,71.2153,7.043,0.0684,0.1005,0.5839,9.367
,,-4.73,0.2114,0.2522,,67.32,32.68,,0.1553,2011,7/27/23,no,md,,,,,,,0.1439,-2.312,-4.033,71.2153,7.043,0.0684,0.1005,0.5839,9.367
,,-4.68,0.2137,0.2489,,65.03,34.97,,0.1553,2011,7/27/23,no,md,,,,,,,0.1439,-2.312,-4.033,71.2153,7.043,0.0684,0.1005,0.5839,9.367
,,-4.84,0.2066,0.2459,,62.95,37.05,,0.1553,2011,7/27/23,no,md,,,,,,,0.1439,-2.312,-4.033,71.2153,7.043,0.0684,0.1005,0.5839,9.367
,,-2.201,0.4543,0.2561,,63.11,36.89,,0.1325,2347,7/27/23,no,md,0,0,0,0,0,0,0.1958,-1.28,-2.998,49.0172,1.395,0.1647,0.0913,2.0443,8.764
,,-2.263,0.4419,0.2551,,62.6,37.4,,0.1325,2347,7/27/23,no,md,,,,,,,0.1958,-1.28,-2.998,49.0172,1.395,0.1647,0.0913,2.0443,8.764
,,-2.27,0.4405,0.2541,,62.09,37.91,,0.1325,2347,7/27/23,no,md,,,,,,,0.1958,-1.28,-2.998,49.0172,1.395,0.1647,0.0913,2.0443,8.764
,,-2.438,0.4102,0.2525,,61.27,38.73,,0.1325,2347,7/27/23,no,md,,,,,,,0.1958,-1.28,-2.998,49.0172,1.395,0.1647,0.0913,2.0443,8.764
,,-2.431,0.4114,0.2505,,60.25,39.75,,0.1325,2347,7/27/23,no,md,,,,,,,0.1958,-1.28,-2.998,49.0172,1.395,0.1647,0.0913,2.0443,8.764
,,-2.48,0.4032,0.2483,,59.13,40.87,,0.1325,2347,7/27/23,no,md,,,,,,,0.1958,-1.28,-2.998,49.0172,1.395,0.1647,0.0913,2.0443,8.764
,,-2.6,0.3846,0.2453,,57.6,42.4,,0.1325,2347,7/27/23,no,md,,,,,,,0.1958,-1.28,-2.998,49.0172,1.395,0.1647,0.0913,2.0443,8.764
,,-2.641,0.3786,0.2434,,56.63,43.37,,0.1325,2347,7/27/23,no,md,,,,,,,0.1958,-1.28,-2.998,49.0172,1.395,0.1647,0.0913,2.0443,8.764
,,-2.654,0.3768,0.2415,,55.65,44.35,,0.1325,2347,7/27/23,no,md,,,,,,,0.1958,-1.28,-2.998,49.0172,1.395,0.1647,0.0913,2.0443,8.764
,,-2.934,0.3408,0.2333,,51.47,48.53,,0.1325,2347,7/27/23,no,md,,,,,,,0.1958,-1.28,-2.998,49.0172,1.395,0.1647,0.0913,2.0443,8.764
,,-2.971,0.3366,0.2285,,49.02,50.98,,0.1325,2347,7/27/23,no,md,,,,,,,0.1958,-1.28,-2.998,49.0172,1.395,0.1647,0.0913,2.0443,8.764
,,-3.125,0.32,0.2248,,47.13,52.87,,0.1325,2347,7/27/23,no,md,,,,,,,0.1958,-1.28,-2.998,49.0172,1.395,0.1647,0.0913,2.0443,8.764
,,-3.292,0.3038,0.2221,,45.75,54.25,,0.1325,2347,7/27/23,no,md,,,,,,,0.1958,-1.28,-2.998,49.0172,1.395,0.1647,0.0913,2.0443,8.764
,,-3.528,0.2834,0.2184,,43.86,56.14,,0.1325,2347,7/27/23,no,md,,,,,,,0.1958,-1.28,-2.998,49.0172,1.395,0.1647,0.0913,2.0443,8.764
,,-1.58,0.6329,0.2277,,82.49,17.51,,0.1212,2382,7/27/23,no,pd,0,0,0,0,0,0,0.1291,-1.415,-2.542,70.5641,7.921,0.1002,0.1145,0.9499,7.563
,,-1.702,0.5875,0.227,,81.95,18.05,,0.1212,2382,7/27/23,no,pd,,,,,,,0.1291,-1.415,-2.542,70.5641,7.921,0.1002,0.1145,0.9499,7.563
,,-1.971,0.5074,0.2259,,81.1,18.9,,0.1212,2382,7/27/23,no,pd,,,,,,,0.1291,-1.415,-2.542,70.5641,7.921,0.1002,0.1145,0.9499,7.563
,,-2.378,0.4205,0.2247,,80.17,19.83,,0.1212,2382,7/27/23,no,pd,,,,,,,0.1291,-1.415,-2.542,70.5641,7.921,0.1002,0.1145,0.9499,7.563
,,-2.581,0.3874,0.2241,,79.7,20.3,,0.1212,2382,7/27/23,no,pd,,,,,,,0.1291,-1.415,-2.542,70.5641,7.921,0.1002,0.1145,0.9499,7.563
,,-2.253,0.4439,0.2233,,79.08,20.92,,0.1212,2382,7/27/23,no,pd,,,,,,,0.1291,-1.415,-2.542,70.5641,7.921,0.1002,0.1145,0.9499,7.563
,,-2.087,0.4792,0.2221,,78.15,21.85,,0.1212,2382,7/27/23,no,pd,,,,,,,0.1291,-1.415,-2.542,70.5641,7.921,0.1002,0.1145,0.9499,7.563
,,-2.024,0.4941,0.2208,,77.15,22.85,,0.1212,2382,7/27/23,no,pd,,,,,,,0.1291,-1.415,-2.542,70.5641,7.921,0.1002,0.1145,0.9499,7.563
,,-2.234,0.4476,0.2187,,75.52,24.48,,0.1212,2382,7/27/23,no,pd,,,,,,,0.1291,-1.415,-2.542,70.5641,7.921,0.1002,0.1145,0.9499,7.563
,,-2.547,0.3926,0.2167,,73.97,26.03,,0.1212,2382,7/27/23,no,pd,,,,,,,0.1291,-1.415,-2.542,70.5641,7.921,0.1002,0.1145,0.9499,7.563
,,-2.431,0.4114,0.2147,,72.42,27.58,,0.1212,2382,7/27/23,no,pd,,,,,,,0.1291,-1.415,-2.542,70.5641,7.921,0.1002,0.1145,0.9499,7.563
,,-2.58,0.3876,0.2123,,70.56,29.44,,0.1212,2382,7/27/23,no,pd,,,,,,,0.1291,-1.415,-2.542,70.5641,7.921,0.1002,0.1145,0.9499,7.563
,,-2.901,0.3447,0.2071,,66.54,33.46,,0.1212,2382,7/27/23,no,pd,,,,,,,0.1291,-1.415,-2.542,70.5641,7.921,0.1002,0.1145,0.9499,7.563
,,-3.306,0.3025,0.2015,,62.2,37.8,,0.1212,2382,7/27/23,no,pd,,,,,,,0.1291,-1.415,-2.542,70.5641,7.921,0.1002,0.1145,0.9499,7.563
,,-3.673,0.2723,0.196,,57.94,42.06,,0.1212,2382,7/27/23,no,pd,,,,,,,0.1291,-1.415,-2.542,70.5641,7.921,0.1002,0.1145,0.9499,7.563
,,-1.024,0.9766,0.1834,,96.04,3.96,,0.0994,2383,7/27/23,no,pd,0,0,0,0,0,0,0.0875,-2.14,-3.138,86.7791,17.004,0.0406,0.0774,0.3231,6.112
,,-1.17,0.8547,0.1828,,95.35,4.65,,0.0994,2383,7/27/23,no,pd,,,,,,,0.0875,-2.14,-3.138,86.7791,17.004,0.0406,0.0774,0.3231,6.112
,,-1.354,0.7386,0.1818,,94.21,5.79,,0.0994,2383,7/27/23,no,pd,,,,,,,0.0875,-2.14,-3.138,86.7791,17.004,0.0406,0.0774,0.3231,6.112
,,-1.55,0.6452,0.1808,,93.07,6.93,,0.0994,2383,7/27/23,no,pd,,,,,,,0.0875,-2.14,-3.138,86.7791,17.004,0.0406,0.0774,0.3231,6.112
,,-1.948,0.5133,0.1804,,92.61,7.39,,0.0994,2383,7/27/23,no,pd,,,,,,,0.0875,-2.14,-3.138,86.7791,17.004,0.0406,0.0774,0.3231,6.112
,,-2.302,0.4344,0.1789,,90.9,9.1,,0.0994,2383,7/27/23,no,pd,,,,,,,0.0875,-2.14,-3.138,86.7791,17.004,0.0406,0.0774,0.3231,6.112
,,-2.705,0.3697,0.1771,,88.84,11.16,,0.0994,2383,7/27/23,no,pd,,,,,,,0.0875,-2.14,-3.138,86.7791,17.004,0.0406,0.0774,0.3231,6.112
,,-3.142,0.3183,0.1753,,86.78,13.22,,0.0994,2383,7/27/23,no,pd,,,,,,,0.0875,-2.14,-3.138,86.7791,17.004,0.0406,0.0774,0.3231,6.112
,,-3.316,0.3016,0.174,,85.29,14.71,,0.0994,2383,7/27/23,no,pd,,,,,,,0.0875,-2.14,-3.138,86.7791,17.004,0.0406,0.0774,0.3231,6.112
,,-3.714,0.2693,0.1714,,82.32,17.68,,0.0994,2383,7/27/23,no,pd,,,,,,,0.0875,-2.14,-3.138,86.7791,17.004,0.0406,0.0774,0.3231,6.112
,,-0.661,1.5129,0.4275,,96.25,3.75,,0.2135,2347,7/27/23,no,pd,0,0,0,0,0,0,0.2223,-2.064,-2.989,81.68,13.496,0.0542,0.1478,0.496,13.489
,,-0.68,1.4706,0.4262,,95.67,4.33,,0.2135,2347,7/27/23,no,pd,,,,,,,0.2223,-2.064,-2.989,81.68,13.496,0.0542,0.1478,0.496,13.489
,,-1.108,0.9025,0.4232,,94.32,5.68,,0.2135,2347,7/27/23,no,pd,,,,,,,0.2223,-2.064,-2.989,81.68,13.496,0.0542,0.1478,0.496,13.489
,,-1.228,0.8143,0.4213,,93.46,6.54,,0.2135,2347,7/27/23,no,pd,,,,,,,0.2223,-2.064,-2.989,81.68,13.496,0.0542,0.1478,0.496,13.489
,,-1.521,0.6575,0.4178,,91.89,8.11,,0.2135,2347,7/27/23,no,pd,,,,,,,0.2223,-2.064,-2.989,81.68,13.496,0.0542,0.1478,0.496,13.489
,,-2.157,0.4636,0.4119,,89.24,10.76,,0.2135,2347,7/27/23,no,pd,,,,,,,0.2223,-2.064,-2.989,81.68,13.496,0.0542,0.1478,0.496,13.489
,,-2.282,0.4382,0.4085,,87.71,12.29,,0.2135,2347,7/27/23,no,pd,,,,,,,0.2223,-2.064,-2.989,81.68,13.496,0.0542,0.1478,0.496,13.489
,,-2.629,0.3804,0.4041,,85.73,14.27,,0.2135,2347,7/27/23,no,pd,,,,,,,0.2223,-2.064,-2.989,81.68,13.496,0.0542,0.1478,0.496,13.489
,,-2.852,0.3506,0.3999,,83.84,16.16,,0.2135,2347,7/27/23,no,pd,,,,,,,0.2223,-2.064,-2.989,81.68,13.496,0.0542,0.1478,0.496,13.489
,,-3.082,0.3245,0.3951,,81.68,18.32,,0.2135,2347,7/27/23,no,pd,,,,,,,0.2223,-2.064,-2.989,81.68,13.496,0.0542,0.1478,0.496,13.489
,,-3.183,0.3142,0.3923,,80.42,19.58,,0.2135,2347,7/27/23,no,pd,,,,,,,0.2223,-2.064,-2.989,81.68,13.496,0.0542,0.1478,0.496,13.489
,,-3.19,0.3135,0.3884,,78.67,21.33,,0.2135,2347,7/27/23,no,pd,,,,,,,0.2223,-2.064,-2.989,81.68,13.496,0.0542,0.1478,0.496,13.489
,,-3.8,0.2632,0.3711,,70.89,29.11,,0.2135,2347,7/27/23,no,pd,,,,,,,0.2223,-2.064,-2.989,81.68,13.496,0.0542,0.1478,0.496,13.489
,,-0.755,1.3245,0.4039,,97.22,2.78,,0.2146,2346,7/27/23,no,pd,0,0,0,0,0,0,0.1947,-2.661,-3.449,84.7393,18.732,0.0421,0.1272,0.3206,14.204
,,-0.792,1.2626,0.4023,,96.4,3.6,,0.2146,2346,7/27/23,no,pd,,,,,,,0.1947,-2.661,-3.449,84.7393,18.732,0.0421,0.1272,0.3206,14.204
,,-1.414,0.7072,0.3989,,94.65,5.35,,0.2146,2346,7/27/23,no,pd,,,,,,,0.1947,-2.661,-3.449,84.7393,18.732,0.0421,0.1272,0.3206,14.204
,,-1.415,0.7067,0.3968,,93.57,6.43,,0.2146,2346,7/27/23,no,pd,,,,,,,0.1947,-2.661,-3.449,84.7393,18.732,0.0421,0.1272,0.3206,14.204
,,-1.727,0.579,0.3945,,92.39,7.61,,0.2146,2346,7/27/23,no,pd,,,,,,,0.1947,-2.661,-3.449,84.7393,18.732,0.0421,0.1272,0.3206,14.204
,,-2.141,0.4671,0.3906,,90.39,9.61,,0.2146,2346,7/27/23,no,pd,,,,,,,0.1947,-2.661,-3.449,84.7393,18.732,0.0421,0.1272,0.3206,14.204
,,-2.644,0.3782,0.3889,,89.52,10.48,,0.2146,2346,7/27/23,no,pd,,,,,,,0.1947,-2.661,-3.449,84.7393,18.732,0.0421,0.1272,0.3206,14.204
,,-2.961,0.3377,0.3851,,87.56,12.44,,0.2146,2346,7/27/23,no,pd,,,,,,,0.1947,-2.661,-3.449,84.7393,18.732,0.0421,0.1272,0.3206,14.204
,,-3.44,0.2907,0.3796,,84.74,15.26,,0.2146,2346,7/27/23,no,pd,,,,,,,0.1947,-2.661,-3.449,84.7393,18.732,0.0421,0.1272,0.3206,14.204
,,-3.782,0.2644,0.3705,,80.07,19.93,,0.2146,2346,7/27/23,no,pd,,,,,,,0.1947,-2.661,-3.449,84.7393,18.732,0.0421,0.1272,0.3206,14.204
,,-3.9,0.2564,0.3685,,79.04,20.96,,0.2146,2346,7/27/23,no,pd,,,,,,,0.1947,-2.661,-3.449,84.7393,18.732,0.0421,0.1272,0.3206,14.204
,,-1.001,0.999,0.2837,,96.26,3.74,,0.1511,2011a,7/27/23,no,pd,0,0,0,0,0,0,0.1377,-1.874,-2.874,88.495,17.219,0.0381,0.081,0.3215,9.062
,,-1.173,0.8525,0.283,,95.75,4.25,,0.1511,2011a,7/27/23,no,pd,,,,,,,0.1377,-1.874,-2.874,88.495,17.219,0.0381,0.081,0.3215,9.062
,,-1.46,0.6849,0.2804,,93.87,6.13,,0.1511,2011a,7/27/23,no,pd,,,,,,,0.1377,-1.874,-2.874,88.495,17.219,0.0381,0.081,0.3215,9.062
,,-1.941,0.5152,0.2785,,92.49,7.51,,0.1511,2011a,7/27/23,no,pd,,,,,,,0.1377,-1.874,-2.874,88.495,17.219,0.0381,0.081,0.3215,9.062
,,-2.208,0.4529,0.2781,,92.2,7.8,,0.1511,2011a,7/27/23,no,pd,,,,,,,0.1377,-1.874,-2.874,88.495,17.219,0.0381,0.081,0.3215,9.062
,,-2.458,0.4068,0.2756,,90.38,9.62,,0.1511,2011a,7/27/23,no,pd,,,,,,,0.1377,-1.874,-2.874,88.495,17.219,0.0381,0.081,0.3215,9.062
,,-2.713,0.3686,0.2747,,89.73,10.27,,0.1511,2011a,7/27/23,no,pd,,,,,,,0.1377,-1.874,-2.874,88.495,17.219,0.0381,0.081,0.3215,9.062
,,-2.969,0.3368,0.273,,88.49,11.51,,0.1511,2011a,7/27/23,no,pd,,,,,,,0.1377,-1.874,-2.874,88.495,17.219,0.0381,0.081,0.3215,9.062
,,-3.203,0.3122,0.2709,,86.97,13.03,,0.1511,2011a,7/27/23,no,pd,,,,,,,0.1377,-1.874,-2.874,88.495,17.219,0.0381,0.081,0.3215,9.062
,,-3.22,0.3106,0.2691,,85.66,14.34,,0.1511,2011a,7/27/23,no,pd,,,,,,,0.1377,-1.874,-2.874,88.495,17.219,0.0381,0.081,0.3215,9.062
,,-3.652,0.2738,0.2655,,83.05,16.95,,0.1511,2011a,7/27/23,no,pd,,,,,,,0.1377,-1.874,-2.874,88.495,17.219,0.0381,0.081,0.3215,9.062
,,-1.194,0.8375,0.2845,,96.06,3.94,,0.1515,2011b,7/27/23,no,pd,0,0,0,0,0,0,0.1385,-2.717,-3.425,86.8856,23.999,0.0339,0.0953,0.2561,10.17
,,-1.159,0.8628,0.2843,,95.91,4.09,,0.1515,2011b,7/27/23,no,pd,,,,,,,0.1385,-2.717,-3.425,86.8856,23.999,0.0339,0.0953,0.2561,10.17
,,-1.496,0.6684,0.2825,,94.61,5.39,,0.1515,2011b,7/27/23,no,pd,,,,,,,0.1385,-2.717,-3.425,86.8856,23.999,0.0339,0.0953,0.2561,10.17
,,-1.7,0.5882,0.2817,,94.04,5.96,,0.1515,2011b,7/27/23,no,pd,,,,,,,0.1385,-2.717,-3.425,86.8856,23.999,0.0339,0.0953,0.2561,10.17
,,-2.058,0.4859,0.2809,,93.46,6.54,,0.1515,2011b,7/27/23,no,pd,,,,,,,0.1385,-2.717,-3.425,86.8856,23.999,0.0339,0.0953,0.2561,10.17
,,-2.223,0.4498,0.2796,,92.52,7.48,,0.1515,2011b,7/27/23,no,pd,,,,,,,0.1385,-2.717,-3.425,86.8856,23.999,0.0339,0.0953,0.2561,10.17
,,-2.508,0.3987,0.2788,,91.94,8.06,,0.1515,2011b,7/27/23,no,pd,,,,,,,0.1385,-2.717,-3.425,86.8856,23.999,0.0339,0.0953,0.2561,10.17
,,-2.721,0.3675,0.2773,,90.86,9.14,,0.1515,2011b,7/27/23,no,pd,,,,,,,0.1385,-2.717,-3.425,86.8856,23.999,0.0339,0.0953,0.2561,10.17
,,-3.199,0.3126,0.2746,,88.91,11.09,,0.1515,2011b,7/27/23,no,pd,,,,,,,0.1385,-2.717,-3.425,86.8856,23.999,0.0339,0.0953,0.2561,10.17
,,-3.387,0.2952,0.2739,,88.4,11.6,,0.1515,2011b,7/27/23,no,pd,,,,,,,0.1385,-2.717,-3.425,86.8856,23.999,0.0339,0.0953,0.2561,10.17
,,-3.39,0.295,0.2718,,86.89,13.11,,0.1515,2011b,7/27/23,no,pd,,,,,,,0.1385,-2.717,-3.425,86.8856,23.999,0.0339,0.0953,0.2561,10.17
,,-3.541,0.2824,0.2688,,84.72,15.28,,0.1515,2011b,7/27/23,no,pd,,,,,,,0.1385,-2.717,-3.425,86.8856,23.999,0.0339,0.0953,0.2561,10.17
,,-3.83,0.2611,0.2659,,82.62,17.38,,0.1515,2011b,7/27/23,no,pd,,,,,,,0.1385,-2.717,-3.425,86.8856,23.999,0.0339,0.0953,0.2561,10.17