0,DATE,D0,D1,D2,D3,D4,-9,W0,W1,W2,W3,W4
0,d_18950101,0,0,0,0,0,100,0,0,0,0,0
0,d_18950201,0,0,0,0,0,100,0,0,0,0,0
0,d_18950301,0,0,0,0,0,100,0,0,0,0,0
0,d_18950401,0,0,0,0,0,100,0,0,0,0,0
0,d_18950501,0,0,0,0,0,100,0,0,0,0,0
0,d_18950601,0,0,0,0,0,100,0,0,0,0,0
0,d_18950701,0,0,0,0,0,100,0,0,0,0,0
0,d_18950801,0,0,0,0,0,100,0,0,0,0,0
100,d_18950901,0,0,0,0,0,0,0,0,0,0,0
53.5,d_18951001,46.5,2,0,0,0,0,0,0,0,0,0
18.3,d_18951101,81.7,0.8,0,0,0,0,0,0,0,0,0
0,d_18951201,100,92.7,0,0,0,0,0,0,0,0,0
100,d_18960101,0,0,0,0,0,0,0,0,0,0,0
0,d_18960201,100,35.2,0,0,0,0,0,0,0,0,0
16.3,d_18960301,83.7,1,0,0,0,0,0,0,0,0,0
74.2,d_18960401,25.8,0,0,0,0,0,0,0,0,0,0
63.7,d_18960501,36.3,0,0,0,0,0,0,0,0,0,0
70.3,d_18960601,29.7,0,0,0,0,0,0,0,0,0,0
73.8,d_18960701,26.2,0,0,0,0,0,0,0,0,0,0
100,d_18960801,0,0,0,0,0,0,0,0,0,0,0
100,d_18960901,0,0,0,0,0,0,0,0,0,0,0
100,d_18961001,0,0,0,0,0,0,0,0,0,0,0
0,d_18961101,0,0,0,0,0,0,100,20.4,0,0,0
0,d_18961201,0,0,0,0,0,0,100,7.5,0,0,0
3.9,d_18970101,0,0,0,0,0,0,96.1,0,0,0,0
8,d_18970201,0,0,0,0,0,0,92,0,0,0,0
52.7,d_18970301,0,0,0,0,0,0,47.3,0,0,0,0
100,d_18970401,0,0,0,0,0,0,0,0,0,0,0
100,d_18970501,0,0,0,0,0,0,0,0,0,0,0
100,d_18970601,0,0,0,0,0,0,0,0,0,0,0
100,d_18970701,0,0,0,0,0,0,0,0,0,0,0
100,d_18970801,0,0,0,0,0,0,0,0,0,0,0
100,d_18970901,0,0,0,0,0,0,0,0,0,0,0
100,d_18971001,0,0,0,0,0,0,0,0,0,0,0
12.9,d_18971101,87.2,27.3,0,0,0,0,0,0,0,0,0
0,d_18971201,100,100,100,100,70.1,0,0,0,0,0,0
0,d_18980101,100,100,100,92.6,0,0,0,0,0,0,0
0,d_18980201,100,100,100,100,20.3,0,0,0,0,0,0
0,d_18980301,100,100,100,100,99,0,0,0,0,0,0
0,d_18980401,100,100,100,100,100,0,0,0,0,0,0
0,d_18980501,100,100,100,100,85.9,0,0,0,0,0,0
0,d_18980601,100,100,100,100,85,0,0,0,0,0,0
0,d_18980701,100,100,100,100,100,0,0,0,0,0,0
0,d_18980801,100,100,100,100,40,0,0,0,0,0,0
0,d_18980901,100,100,0,0,0,0,0,0,0,0,0
0,d_18981001,100,97.3,0,0,0,0,0,0,0,0,0
0,d_18981101,99.9,99.6,67.4,0,0,0,0,0,0,0,0
0,d_18981201,100,98.8,24.3,0,0,0,0,0,0,0,0
97.7,d_18990101,2.3,0,0,0,0,0,0,0,0,0,0
0,d_18990201,100,100,52.8,0,0,0,0,0,0,0,0
0,d_18990301,100,99.4,0,0,0,0,0,0,0,0,0
0,d_18990401,100,92.4,0,0,0,0,0,0,0,0,0
0,d_18990501,100,100,5.7,0,0,0,0,0,0,0,0
0,d_18990601,100,100,22.5,0,0,0,0,0,0,0,0
0,d_18990701,100,100,5.5,0,0,0,0,0,0,0,0
0,d_18990801,100,37,0,0,0,0,0,0,0,0,0
86.1,d_18990901,13.9,0,0,0,0,0,0,0,0,0,0
88.2,d_18991001,11.8,0,0,0,0,0,0,0,0,0,0
45.3,d_18991101,0,0,0,0,0,0,54.8,7.2,0,0,0
83.9,d_18991201,0,0,0,0,0,0,16.1,0,0,0,0
100,d_19000101,0,0,0,0,0,0,0,0,0,0,0
8.3,d_19000201,91.7,0,0,0,0,0,0,0,0,0,0
0,d_19000301,100,39.6,0,0,0,0,0,0,0,0,0
0,d_19000401,100,71.7,0,0,0,0,0,0,0,0,0
2.1,d_19000501,97.9,0,0,0,0,0,0,0,0,0,0
4.8,d_19000601,95.2,0,0,0,0,0,0,0,0,0,0
0,d_19000701,100,90.5,0,0,0,0,0,0,0,0,0
0,d_19000801,100,97.6,0,0,0,0,0,0,0,0,0
0,d_19000901,100,77.2,0,0,0,0,0,0,0,0,0
0,d_19001001,100,90.7,0,0,0,0,0,0,0,0,0
0,d_19001101,0,0,0,0,0,0,100,95,9.2,0,0
1.8,d_19001201,0,0,0,0,0,0,98.1,65.3,0,0,0
0,d_19010101,0,0,0,0,0,0,100,82.7,0.9,0,0
16.6,d_19010201,0,0,0,0,0,0,83.4,49.8,0,0,0
72.5,d_19010301,0,0,0,0,0,0,27.5,0,0,0,0
62.1,d_19010401,0,0,0,0,0,0,37.9,0.4,0,0,0
57.7,d_19010501,0,0,0,0,0,0,42.3,6.6,0,0,0
55.4,d_19010601,0,0,0,0,0,0,44.5,7.7,0,0,0
46.3,d_19010701,0,0,0,0,0,0,53.7,10.2,0,0,0
100,d_19010801,0,0,0,0,0,0,0,0,0,0,0
93.6,d_19010901,0,0,0,0,0,0,6.4,0,0,0,0
100,d_19011001,0,0,0,0,0,0,0,0,0,0,0
100,d_19011101,0,0,0,0,0,0,0,0,0,0,0
100,d_19011201,0,0,0,0,0,0,0,0,0,0,0
1.1,d_19020101,98.8,35.8,0,0,0,0,0,0,0,0,0
95.5,d_19020201,4.5,0,0,0,0,0,0,0,0,0,0
100,d_19020301,0,0,0,0,0,0,0,0,0,0,0
100,d_19020401,0,0,0,0,0,0,0,0,0,0,0
97.4,d_19020501,2.6,0,0,0,0,0,0,0,0,0,0
82.9,d_19020601,17.1,0,0,0,0,0,0,0,0,0,0
0,d_19020701,100,2.1,0,0,0,0,0,0,0,0,0
1.2,d_19020801,98.8,0,0,0,0,0,0,0,0,0,0
100,d_19020901,0,0,0,0,0,0,0,0,0,0,0
96.8,d_19021001,0,0,0,0,0,0,3.2,0,0,0,0
13.8,d_19021101,0,0,0,0,0,0,86.2,0,0,0,0
86.5,d_19021201,0,0,0,0,0,0,13.5,0,0,0,0
100,d_19030101,0,0,0,0,0,0,0,0,0,0,0
88.3,d_19030201,11.7,0,0,0,0,0,0,0,0,0,0
100,d_19030301,0,0,0,0,0,0,0,0,0,0,0
100,d_19030401,0,0,0,0,0,0,0,0,0,0,0
100,d_19030501,0,0,0,0,0,0,0,0,0,0,0
100,d_19030601,0,0,0,0,0,0,0,0,0,0,0
100,d_19030701,0,0,0,0,0,0,0,0,0,0,0
100,d_19030801,0,0,0,0,0,0,0,0,0,0,0
100,d_19030901,0,0,0,0,0,0,0,0,0,0,0
100,d_19031001,0,0,0,0,0,0,0,0,0,0,0
48,d_19031101,0,0,0,0,0,0,52,0,0,0,0
0,d_19031201,100,100,56.6,17.5,0,0,0,0,0,0,0
0,d_19040101,100,100,100,100,100,0,0,0,0,0,0
0,d_19040201,100.1,100.1,97.7,15,0,0,0,0,0,0,0
0,d_19040301,100,99.1,0,0,0,0,0,0,0,0,0
0,d_19040401,100,4.9,0,0,0,0,0,0,0,0,0
0,d_19040501,100,83.4,0,0,0,0,0,0,0,0,0
0,d_19040601,100,64.2,0,0,0,0,0,0,0,0,0
0,d_19040701,100,0,0,0,0,0,0,0,0,0,0
100,d_19040801,0,0,0,0,0,0,0,0,0,0,0
100,d_19040901,0,0,0,0,0,0,0,0,0,0,0
0,d_19041001,0,0,0,0,0,0,100,4.1,0,0,0
98.2,d_19041101,0,0,0,0,0,0,1.8,0,0,0,0
100,d_19041201,0,0,0,0,0,0,0,0,0,0,0
99.5,d_19050101,0.5,0,0,0,0,0,0,0,0,0,0
86.6,d_19050201,0,0,0,0,0,0,13.4,0,0,0,0
0,d_19050301,0,0,0,0,0,0,100,50.2,0,0,0
2.3,d_19050401,0,0,0,0,0,0,97.7,8.6,0,0,0
0,d_19050501,0,0,0,0,0,0,100,58,0,0,0
0.6,d_19050601,0,0,0,0,0,0,99.4,18.3,0,0,0
0.2,d_19050701,0,0,0,0,0,0,99.8,42.5,0,0,0
0,d_19050801,0,0,0,0,0,0,100,95.9,0,0,0
0,d_19050901,0,0,0,0,0,0,100,100,0,0,0
0,d_19051001,0,0,0,0,0,0,100,100,8.1,0,0
0,d_19051101,0,0,0,0,0,0,100,100,0,0,0
5.8,d_19051201,94.2,44.5,0,0,0,0,0,0,0,0,0
100,d_19060101,0,0,0,0,0,0,0,0,0,0,0
47,d_19060201,53,0,0,0,0,0,0,0,0,0,0
33,d_19060301,0,0,0,0,0,0,67,0,0,0,0
79.6,d_19060401,0,0,0,0,0,0,20.4,0,0,0,0
8.6,d_19060501,0,0,0,0,0,0,91.4,0,0,0,0
8.6,d_19060601,0,0,0,0,0,0,91.4,0,0,0,0
0.4,d_19060701,0,0,0,0,0,0,99.6,2.1,0,0,0
0,d_19060801,0,0,0,0,0,0,99.9,1.7,0,0,0
0,d_19060901,0,0,0,0,0,0,100,100,0,0,0
0,d_19061001,0,0,0,0,0,0,100,100,0,0,0
0,d_19061101,0,0,0,0,0,0,100,100,68.9,0,0
0,d_19061201,0,0,0,0,0,0,100,42,0,0,0
0,d_19070101,0,0,0,0,0,0,100,100,100,90.3,2.8
0,d_19070201,0,0,0,0,0,0,100,94.9,27.6,0,0
0,d_19070301,0,0,0,0,0,0,100,100,70.7,12.7,0
0,d_19070401,0,0,0,0,0,0,100,96.6,48.6,0,0
0,d_19070501,0,0,0,0,0,0,100,95.1,41.4,0,0
0,d_19070601,0,0,0,0,0,0,100,95.9,45.2,0,0
0,d_19070701,0,0,0,0,0,0,100.1,99.2,58.4,7.1,0
0,d_19070801,0,0,0,0,0,0,99.9,99.9,69,13.2,0
0,d_19070901,0,0,0,0,0,0,99.9,88.4,0.8,0,0
31.1,d_19071001,0,0,0,0,0,0,68.9,0,0,0,0
0.2,d_19071101,0,0,0,0,0,0,99.8,70,0,0,0
100,d_19071201,0,0,0,0,0,0,0,0,0,0,0
59.1,d_19080101,0,0,0,0,0,0,40.9,0,0,0,0
0,d_19080201,0,0,0,0,0,0,100,33.5,0,0,0
100,d_19080301,0,0,0,0,0,0,0,0,0,0,0
100,d_19080401,0,0,0,0,0,0,0,0,0,0,0
100,d_19080501,0,0,0,0,0,0,0,0,0,0,0
100,d_19080601,0,0,0,0,0,0,0,0,0,0,0
100,d_19080701,0,0,0,0,0,0,0,0,0,0,0
100,d_19080801,0,0,0,0,0,0,0,0,0,0,0
100,d_19080901,0,0,0,0,0,0,0,0,0,0,0
100,d_19081001,0,0,0,0,0,0,0,0,0,0,0
0,d_19081101,100,90.2,3.7,0,0,0,0,0,0,0,0
70.2,d_19081201,29.8,2.4,0,0,0,0,0,0,0,0,0
0,d_19090101,0,0,0,0,0,0,100,100,78.5,1.4,0
0,d_19090201,0,0,0,0,0,0,100,100,100,74.5,0
0,d_19090301,0,0,0,0,0,0,100,100,100,93.8,0.2
0,d_19090401,0,0,0,0,0,0,100,100,100,55.4,0
0,d_19090501,0,0,0,0,0,0,99.9,99.9,99,49.9,0
0,d_19090601,0,0,0,0,0,0,100.1,100.1,89.1,39.3,0
0,d_19090701,0,0,0,0,0,0,100,100,96.8,53.7,0
0,d_19090801,0,0,0,0,0,0,100,100,97,48.7,0
0,d_19090901,0,0,0,0,0,0,100,100,100,66,0
0,d_19091001,0,0,0,0,0,0,100,82,0,0,0
74.4,d_19091101,0,0,0,0,0,0,25.6,0,0,0,0
0,d_19091201,0,0,0,0,0,0,100,100,8.4,0,0
0,d_19100101,0,0,0,0,0,0,100,100,0,0,0
100,d_19100201,0,0,0,0,0,0,0,0,0,0,0
100,d_19100301,0,0,0,0,0,0,0,0,0,0,0
100,d_19100401,0,0,0,0,0,0,0,0,0,0,0
100,d_19100501,0,0,0,0,0,0,0,0,0,0,0
100,d_19100601,0,0,0,0,0,0,0,0,0,0,0
100,d_19100701,0,0,0,0,0,0,0,0,0,0,0
100,d_19100801,0,0,0,0,0,0,0,0,0,0,0
22.5,d_19100901,77.5,0,0,0,0,0,0,0,0,0,0
0.6,d_19101001,99.4,0,0,0,0,0,0,0,0,0,0
100,d_19101101,0,0,0,0,0,0,0,0,0,0,0
0,d_19101201,100,99.2,77.5,34.8,0,0,0,0,0,0,0
0,d_19110101,0,0,0,0,0,0,100,100,0,0,0
0,d_19110201,0,0,0,0,0,0,100,99.8,0,0,0
0,d_19110301,0,0,0,0,0,0,100,100,98.5,65.9,0
0,d_19110401,0,0,0,0,0,0,100,100,93.8,56.3,0
0,d_19110501,0,0,0,0,0,0,100.1,100.1,91.4,55.3,0
0,d_19110601,0,0,0,0,0,0,100,100,82.3,45.3,0
0,d_19110701,0,0,0,0,0,0,100.1,100.1,89.5,55.2,0
0,d_19110801,0,0,0,0,0,0,100,100,97.9,61.6,0
0,d_19110901,0,0,0,0,0,0,100,100,100,86.1,24.7
0,d_19111001,0,0,0,0,0,0,100,93.8,33.8,0,0
0,d_19111101,0,0,0,0,0,0,99.9,82.3,40.5,15.9,0
0,d_19111201,100,100,0,0,0,0,0,0,0,0,0
0,d_19120101,100,100,100,7.3,0,0,0,0,0,0,0
0,d_19120201,100,100,100,100,100,0,0,0,0,0,0
59.1,d_19120301,40.9,0,0,0,0,0,0,0,0,0,0
88.1,d_19120401,11.9,0,0,0,0,0,0,0,0,0,0
100,d_19120501,0,0,0,0,0,0,0,0,0,0,0
100,d_19120601,0,0,0,0,0,0,0,0,0,0,0
100,d_19120701,0,0,0,0,0,0,0,0,0,0,0
100,d_19120801,0,0,0,0,0,0,0,0,0,0,0
100,d_19120901,0,0,0,0,0,0,0,0,0,0,0
0.9,d_19121001,0,0,0,0,0,0,99.2,2.2,0,0,0
0,d_19121101,0,0,0,0,0,0,100,100,88.9,0,0
4.8,d_19121201,95.2,45.1,0,0,0,0,0,0,0,0,0
0,d_19130101,100,45.1,0,0,0,0,0,0,0,0,0
56.2,d_19130201,43.7,22.9,0,0,0,0,0,0,0,0,0
32.6,d_19130301,67.4,47,12.1,0,0,0,0,0,0,0,0
28.7,d_19130401,71.2,51.1,17.7,0,0,0,0,0,0,0,0
25,d_19130501,75.1,55,23.3,0.1,0,0,0,0,0,0,0
31.1,d_19130601,68.9,50.2,16.7,0,0,0,0,0,0,0,0
36.7,d_19130701,63.3,44.5,2.5,0,0,0,0,0,0,0,0
51.9,d_19130801,48.1,25.2,0,0,0,0,0,0,0,0,0
96.2,d_19130901,0,0,0,0,0,0,3.8,0,0,0,0
72.6,d_19131001,19.3,3.2,0,0,0,0,8.1,0,0,0,0
45,d_19131101,55,0,0,0,0,0,0,0,0,0,0
100,d_19131201,0,0,0,0,0,0,0,0,0,0,0
0,d_19140101,0,0,0,0,0,0,100,100,100,100,23.1
0,d_19140201,0,0,0,0,0,0,100,100,100,100,98.3
0,d_19140301,0,0,0,0,0,0,100,100,100,86.8,0
0,d_19140401,0,0,0,0,0,0,100,100,99.9,5.1,0
0,d_19140501,0,0,0,0,0,0,100,100,99.2,4.7,0
0,d_19140601,0,0,0,0,0,0,100.1,100.1,100,6,0
0,d_19140701,0,0,0,0,0,0,100,100,100,64.1,0
0,d_19140801,0,0,0,0,0,0,100,100,97.9,0,0
0,d_19140901,0,0,0,0,0,0,100,100,88.7,0,0
97.2,d_19141001,0,0,0,0,0,0,2.8,0,0,0,0
0,d_19141101,100,100,84.8,5.7,0,0,0,0,0,0,0
100,d_19141201,0,0,0,0,0,0,0,0,0,0,0
0.8,d_19150101,0,0,0,0,0,0,99.2,42.8,0,0,0
0,d_19150201,0,0,0,0,0,0,100,100,70.7,25.5,0
0,d_19150301,0,0,0,0,0,0,100,89.1,1.1,0,0
0,d_19150401,0,0,0,0,0,0,100,89.3,9.3,0,0
0,d_19150501,0,0,0,0,0,0,99.9,97.9,50.6,0,0
0,d_19150601,0,0,0,0,0,0,99.9,98.7,50.6,0,0
0,d_19150701,0,0,0,0,0,0,100.1,99.7,48.3,0.4,0
0,d_19150801,0,0,0,0,0,0,100,100,70.3,11.4,0
0,d_19150901,0,0,0,0,0,0,100,100,18.4,0,0
0,d_19151001,0,0,0,0,0,0,100.1,86.9,0.8,0,0
85.7,d_19151101,14.3,0,0,0,0,0,0,0,0,0,0
36.2,d_19151201,0,0,0,0,0,0,63.8,0.3,0,0,0
0,d_19160101,0,0,0,0,0,0,100,100,82.7,2.4,0
8.7,d_19160201,0,0,0,0,0,0,91.2,39.2,0,0,0
42.4,d_19160301,0,0,0,0,0,0,57.6,0,0,0,0
82.6,d_19160401,0,0,0,0,0,0,17.4,0,0,0,0
91.9,d_19160501,0,0,0,0,0,0,8.1,0,0,0,0
90.8,d_19160601,0,0,0,0,0,0,9.2,0,0,0,0
58.9,d_19160701,0,0,0,0,0,0,41.1,0,0,0,0
10.4,d_19160801,0,0,0,0,0,0,89.6,2.5,0,0,0
9.2,d_19160901,0,0,0,0,0,0,90.8,3.4,0,0,0
100,d_19161001,0,0,0,0,0,0,0,0,0,0,0
100,d_19161101,0,0,0,0,0,0,0,0,0,0,0
0,d_19161201,0,0,0,0,0,0,100,92.1,41,3.1,0
0,d_19170101,0,0,0,0,0,0,100,95,31.4,0,0
19.7,d_19170201,0,0,0,0,0,0,80.3,41.9,1.2,0,0
71.9,d_19170301,0,0,0,0,0,0,28,3.2,0,0,0
84.2,d_19170401,0,0,0,0,0,0,15.8,0,0,0,0
86.8,d_19170501,0,0,0,0,0,0,13.2,0,0,0,0
94.6,d_19170601,0,0,0,0,0,0,5.4,0,0,0,0
100,d_19170701,0,0,0,0,0,0,0,0,0,0,0
100,d_19170801,0,0,0,0,0,0,0,0,0,0,0
7,d_19170901,93,0,0,0,0,0,0,0,0,0,0
0,d_19171001,100,99.4,70.2,0,0,0,0,0,0,0,0
0,d_19171101,100,100,98.9,75.2,5,0,0,0,0,0,0
0,d_19171201,100,100,97.5,77.2,20.9,0,0,0,0,0,0
0,d_19180101,100.1,100.1,99.5,88.6,43.7,0,0,0,0,0,0
98.7,d_19180201,0,0,0,0,0,0,1.3,0,0,0,0
0,d_19180301,0,0,0,0,0,0,100,66.6,0,0,0
1.8,d_19180401,0,0,0,0,0,0,98.2,14,0,0,0
12.2,d_19180501,0,0,0,0,0,0,87.8,5.9,0,0,0
5.5,d_19180601,0,0,0,0,0,0,94.5,7.9,0,0,0
0,d_19180701,0,0,0,0,0,0,100,33.4,0,0,0
0,d_19180801,0,0,0,0,0,0,100,52.2,0,0,0
0,d_19180901,0,0,0,0,0,0,100,100,16.9,0,0
0,d_19181001,0,0,0,0,0,0,100,100,100,83,0
0,d_19181101,0,0,0,0,0,0,100,100,52,6.7,0
99.9,d_19181201,0,0,0,0,0,0,0.1,0,0,0,0
100,d_19190101,0,0,0,0,0,0,0,0,0,0,0
100,d_19190201,0,0,0,0,0,0,0,0,0,0,0
99.7,d_19190301,0,0,0,0,0,0,0.3,0,0,0,0
100,d_19190401,0,0,0,0,0,0,0,0,0,0,0
99.3,d_19190501,0,0,0,0,0,0,0.7,0,0,0,0
100,d_19190601,0,0,0,0,0,0,0,0,0,0,0
100,d_19190701,0,0,0,0,0,0,0,0,0,0,0
73.1,d_19190801,26.9,0,0,0,0,0,0,0,0,0,0
98.4,d_19190901,1.6,0,0,0,0,0,0,0,0,0,0
97.5,d_19191001,0,0,0,0,0,0,2.5,0,0,0,0
77.2,d_19191101,22.8,0,0,0,0,0,0,0,0,0,0
98.7,d_19191201,1.3,0,0,0,0,0,0,0,0,0,0
1.5,d_19200101,98.5,18.7,0,0,0,0,0,0,0,0,0
0,d_19200201,100,93.4,0,0,0,0,0,0,0,0,0
95.7,d_19200301,4.3,0,0,0,0,0,0,0,0,0,0
33.5,d_19200401,66.5,0,0,0,0,0,0,0,0,0,0
13.1,d_19200501,86.9,0,0,0,0,0,0,0,0,0,0
5.6,d_19200601,94.4,0,0,0,0,0,0,0,0,0,0
14,d_19200701,86,0,0,0,0,0,0,0,0,0,0
100,d_19200801,0,0,0,0,0,0,0,0,0,0,0
100,d_19200901,0,0,0,0,0,0,0,0,0,0,0
100,d_19201001,0,0,0,0,0,0,0,0,0,0,0
100,d_19201101,0,0,0,0,0,0,0,0,0,0,0
0,d_19201201,100,65.4,0,0,0,0,0,0,0,0,0
100,d_19210101,0,0,0,0,0,0,0,0,0,0,0
78.5,d_19210201,21.5,0,0,0,0,0,0,0,0,0,0
0,d_19210301,100,5.6,0,0,0,0,0,0,0,0,0
0,d_19210401,100,18.3,0,0,0,0,0,0,0,0,0
8.9,d_19210501,91.1,0,0,0,0,0,0,0,0,0,0
42.6,d_19210601,57.4,0,0,0,0,0,0,0,0,0,0
41.9,d_19210701,58.1,0,0,0,0,0,0,0,0,0,0
93.7,d_19210801,6.3,0,0,0,0,0,0,0,0,0,0
100,d_19210901,0,0,0,0,0,0,0,0,0,0,0
82,d_19211001,18,0,0,0,0,0,0,0,0,0,0
32.3,d_19211101,67.7,3.6,0,0,0,0,0,0,0,0,0
0,d_19211201,0,0,0,0,0,0,100,100,0,0,0
0,d_19220101,0,0,0,0,0,0,100,100,11.2,0,0
0,d_19220201,0,0,0,0,0,0,100,68.2,0,0,0
0,d_19220301,0,0,0,0,0,0,100,42.5,0,0,0
14.4,d_19220401,0,0,0,0,0,0,85.6,10.5,0,0,0
7.6,d_19220501,0,0,0,0,0,0,92.4,24,0,0,0
12.1,d_19220601,0,0,0,0,0,0,87.8,17.1,0,0,0
6.8,d_19220701,0,0,0,0,0,0,93.2,25.5,0,0,0
0,d_19220801,0,0,0,0,0,0,100,60.4,0,0,0
79.9,d_19220901,0,0,0,0,0,0,20.1,0,0,0,0
100,d_19221001,0,0,0,0,0,0,0,0,0,0,0
100,d_19221101,0,0,0,0,0,0,0,0,0,0,0
91.7,d_19221201,0,0,0,0,0,0,8.3,0,0,0,0
100,d_19230101,0,0,0,0,0,0,0,0,0,0,0
90.6,d_19230201,9.4,0,0,0,0,0,0,0,0,0,0
0,d_19230301,100,56.2,0,0,0,0,0,0,0,0,0
61.3,d_19230401,38.7,2.2,0,0,0,0,0,0,0,0,0
44.5,d_19230501,55.5,7.6,0,0,0,0,0,0,0,0,0
50.6,d_19230601,49.4,4.6,0,0,0,0,0,0,0,0,0
52.9,d_19230701,47.1,4.3,0,0,0,0,0,0,0,0,0
57.8,d_19230801,42.2,2.5,0,0,0,0,0,0,0,0,0
0,d_19230901,100,29.3,0,0,0,0,0,0,0,0,0
32.6,d_19231001,67.3,0.5,0,0,0,0,0,0,0,0,0
40.2,d_19231101,59.7,4.8,0,0,0,0,0,0,0,0,0
92.7,d_19231201,7.3,0,0,0,0,0,0,0,0,0,0
0,d_19240101,100,100,95.7,77.5,11.4,0,0,0,0,0,0
0,d_19240201,100.1,100.1,100.1,97.3,82.8,0,0,0,0,0,0
0,d_19240301,100,100,93.8,63.6,0,0,0,0,0,0,0
0,d_19240401,100.1,100,88.6,53.8,0,0,0,0,0,0,0
0,d_19240501,99.9,99.9,94.5,74.4,6.9,0,0,0,0,0,0
0,d_19240601,100.1,100.1,95.4,76,8.8,0,0,0,0,0,0
0,d_19240701,100,100,99.3,87.9,23.9,0,0,0,0,0,0
0,d_19240801,100,100,94.8,40,0,0,0,0,0,0,0
0,d_19240901,100,99.8,0,0,0,0,0,0,0,0,0
18.2,d_19241001,81.8,0,0,0,0,0,0,0,0,0,0
100,d_19241101,0,0,0,0,0,0,0,0,0,0,0
0.2,d_19241201,99.8,1.7,0,0,0,0,0,0,0,0,0
0,d_19250101,100,100,8.6,0,0,0,0,0,0,0,0
0,d_19250201,100.1,100.1,74.8,5.7,0,0,0,0,0,0,0
0,d_19250301,100,100,0,0,0,0,0,0,0,0,0
0,d_19250401,100,60.5,0,0,0,0,0,0,0,0,0
26.1,d_19250501,73.9,25.5,0,0,0,0,0,0,0,0,0
31.5,d_19250601,68.5,7.8,0,0,0,0,0,0,0,0,0
28.4,d_19250701,71.6,8.7,0,0,0,0,0,0,0,0,0
47.9,d_19250801,52.1,0,0,0,0,0,0,0,0,0,0
100,d_19250901,0,0,0,0,0,0,0,0,0,0,0
97.8,d_19251001,0,0,0,0,0,0,2.2,0,0,0,0
1,d_19251101,0,0,0,0,0,0,99,0,0,0,0
86.4,d_19251201,0,0,0,0,0,0,13.6,0,0,0,0
100,d_19260101,0,0,0,0,0,0,0,0,0,0,0
100,d_19260201,0,0,0,0,0,0,0,0,0,0,0
1.5,d_19260301,98.5,30,0,0,0,0,0,0,0,0,0
100,d_19260401,0,0,0,0,0,0,0,0,0,0,0
100,d_19260501,0,0,0,0,0,0,0,0,0,0,0
100,d_19260601,0,0,0,0,0,0,0,0,0,0,0
100,d_19260701,0,0,0,0,0,0,0,0,0,0,0
100,d_19260801,0,0,0,0,0,0,0,0,0,0,0
100,d_19260901,0,0,0,0,0,0,0,0,0,0,0
100,d_19261001,0,0,0,0,0,0,0,0,0,0,0
0,d_19261101,0,0,0,0,0,0,100,100,10.2,0,0
0,d_19261201,0,0,0,0,0,0,100,100,100,57.5,0
100,d_19270101,0,0,0,0,0,0,0,0,0,0,0
0,d_19270201,0,0,0,0,0,0,100,96.1,0,0,0
0,d_19270301,0,0,0,0,0,0,100,4.5,0,0,0
0,d_19270401,0,0,0,0,0,0,100,0,0,0,0
0.4,d_19270501,0,0,0,0,0,0,99.6,0,0,0,0
0.1,d_19270601,0,0,0,0,0,0,99.9,0,0,0,0
0,d_19270701,0,0,0,0,0,0,100,0.1,0,0,0
100,d_19270801,0,0,0,0,0,0,0,0,0,0,0
100,d_19270901,0,0,0,0,0,0,0,0,0,0,0
0,d_19271001,0,0,0,0,0,0,100,98.4,0,0,0
100,d_19271101,0,0,0,0,0,0,0,0,0,0,0
43.2,d_19271201,0,0,0,0,0,0,56.9,2.8,0,0,0
84.5,d_19280101,15.5,0,0,0,0,0,0,0,0,0,0
100,d_19280201,0,0,0,0,0,0,0,0,0,0,0
66.5,d_19280301,33.5,0.2,0,0,0,0,0,0,0,0,0
40.5,d_19280401,59.5,1.5,0,0,0,0,0,0,0,0,0
55.6,d_19280501,44.4,0,0,0,0,0,0,0,0,0,0
60.7,d_19280601,39.3,0,0,0,0,0,0,0,0,0,0
0.3,d_19280701,99.7,79,0,0,0,0,0,0,0,0,0
4.5,d_19280801,95.5,21.1,0,0,0,0,0,0,0,0,0
0,d_19280901,100,16.4,0,0,0,0,0,0,0,0,0
100,d_19281001,0,0,0,0,0,0,0,0,0,0,0
100,d_19281101,0,0,0,0,0,0,0,0,0,0,0
100,d_19281201,0,0,0,0,0,0,0,0,0,0,0
100,d_19290101,0,0,0,0,0,0,0,0,0,0,0
24.3,d_19290201,75.7,10.4,0,0,0,0,0,0,0,0,0
0,d_19290301,100,27.1,0,0,0,0,0,0,0,0,0
5.5,d_19290401,94.5,22.3,0,0,0,0,0,0,0,0,0
0,d_19290501,100,58.4,0,0,0,0,0,0,0,0,0
0.3,d_19290601,99.8,37.8,0,0,0,0,0,0,0,0,0
8.1,d_19290701,91.9,16.1,0,0,0,0,0,0,0,0,0
4,d_19290801,96,69.5,0,0,0,0,0,0,0,0,0
0,d_19290901,100,73,0,0,0,0,0,0,0,0,0
2.2,d_19291001,97.8,69.8,0,0,0,0,0,0,0,0,0
0,d_19291101,100,98.8,57.9,1.6,0,0,0,0,0,0,0
0,d_19291201,100,100,100,99.6,86.6,0,0,0,0,0,0
1,d_19300101,98.9,76,6.7,0.4,0,0,0,0,0,0,0
0,d_19300201,100,100,25.1,10.3,0.1,0,0,0,0,0,0
0,d_19300301,99.9,70.3,5.3,0,0,0,0,0,0,0,0
0,d_19300401,99.9,80.5,12.2,0.2,0,0,0,0,0,0,0
0,d_19300501,100,59.7,1.6,0,0,0,0,0,0,0,0
0,d_19300601,100,49.4,0.3,0,0,0,0,0,0,0,0
2.5,d_19300701,97.5,26.9,0,0,0,0,0,0,0,0,0
75.8,d_19300801,24.2,1.6,0,0,0,0,0,0,0,0,0
100,d_19300901,0,0,0,0,0,0,0,0,0,0,0
98.8,d_19301001,1.2,0,0,0,0,0,0,0,0,0,0
96.3,d_19301101,0,0,0,0,0,0,3.7,0,0,0,0
0,d_19301201,100,56.7,0,0,0,0,0,0,0,0,0
100,d_19310101,0,0,0,0,0,0,0,0,0,0,0
67.5,d_19310201,32.5,0,0,0,0,0,0,0,0,0,0
0,d_19310301,100,71.3,0,0,0,0,0,0,0,0,0
0,d_19310401,100,61.4,0,0,0,0,0,0,0,0,0
20.5,d_19310501,79.5,39.5,0,0,0,0,0,0,0,0,0
21.8,d_19310601,78.1,38.2,0,0,0,0,0,0,0,0,0
35.4,d_19310701,64.5,18.2,0,0,0,0,0,0,0,0,0
30.9,d_19310801,69.1,19.8,0,0,0,0,0,0,0,0,0
100,d_19310901,0,0,0,0,0,0,0,0,0,0,0
50.7,d_19311001,49.3,16.2,0,0,0,0,0,0,0,0,0
99.8,d_19311101,0.2,0,0,0,0,0,0,0,0,0,0
0,d_19311201,0,0,0,0,0,0,100,100,100,97.8,2.9
0,d_19320101,0,0,0,0,0,0,99.9,99.9,53.6,5.2,0
0,d_19320201,0,0,0,0,0,0,100,100,31,0,0
0,d_19320301,0,0,0,0,0,0,100,43.8,0,0,0
0,d_19320401,0,0,0,0,0,0,100,5.7,0,0,0
0.8,d_19320501,0,0,0,0,0,0,99.2,0,0,0,0
0.6,d_19320601,0,0,0,0,0,0,99.4,0.3,0,0,0
0,d_19320701,0,0,0,0,0,0,100,27.6,0,0,0
3.9,d_19320801,0,0,0,0,0,0,96.1,0,0,0,0
100,d_19320901,0,0,0,0,0,0,0,0,0,0,0
75.7,d_19321001,24.3,0,0,0,0,0,0,0,0,0,0
0,d_19321101,100,100,100,100,100,0,0,0,0,0,0
0,d_19321201,100.1,100.1,89.3,21,0,0,0,0,0,0,0
99.2,d_19330101,0,0,0,0,0,0,0.8,0,0,0,0
86.7,d_19330201,13.3,0,0,0,0,0,0,0,0,0,0
0,d_19330301,100,54.6,0,0,0,0,0,0,0,0,0
0,d_19330401,100.1,85.2,1.1,0,0,0,0,0,0,0,0
0,d_19330501,100,80.2,5.7,0,0,0,0,0,0,0,0
0,d_19330601,100,73.4,1.3,0,0,0,0,0,0,0,0
0.1,d_19330701,99.9,38.4,0,0,0,0,0,0,0,0,0
61.3,d_19330801,38.7,6.4,0,0,0,0,0,0,0,0,0
98.5,d_19330901,1.5,0,0,0,0,0,0,0,0,0,0
0,d_19331001,100,100,100,92.9,0,0,0,0,0,0,0
0,d_19331101,100,100,99.5,93.4,0.2,0,0,0,0,0,0
98.2,d_19331201,0.5,0,0,0,0,0,1.2,0,0,0,0
69.8,d_19340101,30.2,0.5,0,0,0,0,0,0,0,0,0
66.3,d_19340201,33.7,9.5,0,0,0,0,0,0,0,0,0
6.1,d_19340301,93.9,78.2,11.8,1,0,0,0,0,0,0,0
2.2,d_19340401,97.9,88.2,26.6,7.3,0.1,0,0,0,0,0,0
0.4,d_19340501,99.5,92.9,35.5,10.7,0.4,0,0,0,0,0,0
1,d_19340601,99.1,89.5,24.6,7,0.1,0,0,0,0,0,0
0.7,d_19340701,99.2,89.9,24.1,7.7,0.2,0,0,0,0,0,0
8.2,d_19340801,91.8,45.2,6.3,0.6,0,0,0,0,0,0,0
0,d_19340901,100,100,14.4,2.3,0,0,0,0,0,0,0
57.3,d_19341001,42.7,0,0,0,0,0,0,0,0,0,0
100,d_19341101,0,0,0,0,0,0,0,0,0,0,0
25.8,d_19341201,0,0,0,0,0,0,74.2,10.6,0,0,0
0,d_19350101,0,0,0,0,0,0,100.1,81.1,0.8,0,0
48.6,d_19350201,0,0,0,0,0,0,51.4,18.6,0,0,0
56,d_19350301,0,0,0,0,0,0,44,11.6,0,0,0
0,d_19350401,0,0,0,0,0,0,100,21.5,0,0,0
0,d_19350501,0,0,0,0,0,0,100,15.9,0,0,0
0,d_19350601,0,0,0,0,0,0,100,18,0,0,0
53,d_19350701,0,0,0,0,0,0,47,0.1,0,0,0
99.5,d_19350801,0,0,0,0,0,0,0.5,0,0,0,0
97,d_19350901,0,0,0,0,0,0,3,0,0,0,0
100,d_19351001,0,0,0,0,0,0,0,0,0,0,0
73.1,d_19351101,0,0,0,0,0,0,26.9,0.4,0,0,0
98.7,d_19351201,1.3,0,0,0,0,0,0,0,0,0,0
0,d_19360101,99.9,99.9,0.2,0,0,0,0,0,0,0,0
100,d_19360201,0,0,0,0,0,0,0,0,0,0,0
100,d_19360301,0,0,0,0,0,0,0,0,0,0,0
100,d_19360401,0,0,0,0,0,0,0,0,0,0,0
99.8,d_19360501,0.2,0,0,0,0,0,0,0,0,0,0
100,d_19360601,0,0,0,0,0,0,0,0,0,0,0
100,d_19360701,0,0,0,0,0,0,0,0,0,0,0
100,d_19360801,0,0,0,0,0,0,0,0,0,0,0
100,d_19360901,0,0,0,0,0,0,0,0,0,0,0
0,d_19361001,0,0,0,0,0,0,100,100,0,0,0
96.3,d_19361101,3.7,0,0,0,0,0,0,0,0,0,0
0,d_19361201,0,0,0,0,0,0,100.1,97,12.1,0,0
0,d_19370101,0,0,0,0,0,0,100,74.4,2.5,0,0
0,d_19370201,0,0,0,0,0,0,100,100,0,0,0
0,d_19370301,0,0,0,0,0,0,100,100,23.8,0,0
0,d_19370401,0,0,0,0,0,0,100,100,0,0,0
0,d_19370501,0,0,0,0,0,0,100,100,0,0,0
0,d_19370601,0,0,0,0,0,0,100,100,0,0,0
0,d_19370701,0,0,0,0,0,0,100,34.7,0,0,0
0,d_19370801,0,0,0,0,0,0,100,100,0,0,0
31.6,d_19370901,0,0,0,0,0,0,68.4,2.5,0,0,0
21.7,d_19371001,0,0,0,0,0,0,78.4,6.7,0,0,0
100,d_19371101,0,0,0,0,0,0,0,0,0,0,0
2.4,d_19371201,97.6,63,0,0,0,0,0,0,0,0,0
78,d_19380101,22,0,0,0,0,0,0,0,0,0,0
59.5,d_19380201,0,0,0,0,0,0,40.5,1.9,0,0,0
0,d_19380301,0,0,0,0,0,0,100,100,0,0,0
0,d_19380401,0,0,0,0,0,0,100,100,0,0,0
0,d_19380501,0,0,0,0,0,0,100,100,0,0,0
0,d_19380601,0,0,0,0,0,0,100,100,0,0,0
0,d_19380701,0,0,0,0,0,0,100,100,0.6,0,0
0,d_19380801,0,0,0,0,0,0,100,100,35.2,0,0
0,d_19380901,0,0,0,0,0,0,100,100,9,0,0
0,d_19381001,0,0,0,0,0,0,100,100,100,0.1,0
0,d_19381101,0,0,0,0,0,0,100,66.1,8.7,0,0
98.6,d_19381201,0,0,0,0,0,0,1.4,0,0,0,0
99.8,d_19390101,0,0,0,0,0,0,0.2,0,0,0,0
100,d_19390201,0,0,0,0,0,0,0,0,0,0,0
100,d_19390301,0,0,0,0,0,0,0,0,0,0,0
99.1,d_19390401,0.9,0,0,0,0,0,0,0,0,0,0
92.7,d_19390501,7.3,0,0,0,0,0,0,0,0,0,0
72.3,d_19390601,27.7,0,0,0,0,0,0,0,0,0,0
94.6,d_19390701,5.4,0,0,0,0,0,0,0,0,0,0
100,d_19390801,0,0,0,0,0,0,0,0,0,0,0
100,d_19390901,0,0,0,0,0,0,0,0,0,0,0
92.6,d_19391001,7.4,0,0,0,0,0,0,0,0,0,0
79,d_19391101,21,2.5,0,0,0,0,0,0,0,0,0
1.7,d_19391201,98.4,73.1,8.6,0,0,0,0,0,0,0,0
100,d_19400101,0,0,0,0,0,0,0,0,0,0,0
100,d_19400201,0,0,0,0,0,0,0,0,0,0,0
100,d_19400301,0,0,0,0,0,0,0,0,0,0,0
100,d_19400401,0,0,0,0,0,0,0,0,0,0,0
100,d_19400501,0,0,0,0,0,0,0,0,0,0,0
100,d_19400601,0,0,0,0,0,0,0,0,0,0,0
100,d_19400701,0,0,0,0,0,0,0,0,0,0,0
100,d_19400801,0,0,0,0,0,0,0,0,0,0,0
100,d_19400901,0,0,0,0,0,0,0,0,0,0,0
100,d_19401001,0,0,0,0,0,0,0,0,0,0,0
14.7,d_19401101,85.3,60.8,0,0,0,0,0,0,0,0,0
0,d_19401201,0,0,0,0,0,0,99.9,99.2,6.2,0,0
0,d_19410101,0,0,0,0,0,0,99.9,99.9,34.6,3.1,0
0,d_19410201,0,0,0,0,0,0,100.1,100.1,100.1,95.3,1
0,d_19410301,0,0,0,0,0,0,100,100,100,100,98.2
0,d_19410401,0,0,0,0,0,0,100,100,100,100,100
0,d_19410501,0,0,0,0,0,0,100,100,100,100,100
0,d_19410601,0,0,0,0,0,0,100,100,100,100,100
0,d_19410701,0,0,0,0,0,0,100,100,100,100,100
0,d_19410801,0,0,0,0,0,0,100,100,100,100,100
0,d_19410901,0,0,0,0,0,0,100,100,100,100,80.4
0,d_19411001,0,0,0,0,0,0,100,100,100,100,100
0,d_19411101,0,0,0,0,0,0,100,100,100,100,91.4
0,d_19411201,0,0,0,0,0,0,100,100,95.1,66.7,3.7
49.4,d_19420101,0,0,0,0,0,0,50.5,14.3,0,0,0
77.8,d_19420201,22.2,0,0,0,0,0,0,0,0,0,0
64.2,d_19420301,35.8,7.6,0,0,0,0,0,0,0,0,0
99.8,d_19420401,0,0,0,0,0,0,0.2,0,0,0,0
90.8,d_19420501,9.2,0,0,0,0,0,0,0,0,0,0
94.9,d_19420601,5.1,0,0,0,0,0,0,0,0,0,0
88.8,d_19420701,11.2,0,0,0,0,0,0,0,0,0,0
84.3,d_19420801,0,0,0,0,0,0,15.7,0,0,0,0
33.9,d_19420901,66.1,5.1,0,0,0,0,0,0,0,0,0
100,d_19421001,0,0,0,0,0,0,0,0,0,0,0
100,d_19421101,0,0,0,0,0,0,0,0,0,0,0
94.3,d_19421201,0,0,0,0,0,0,5.7,0,0,0,0
0,d_19430101,0,0,0,0,0,0,100,92.7,0,0,0
6.7,d_19430201,0,0,0,0,0,0,93.3,57.9,0,0,0
7.4,d_19430301,0,0,0,0,0,0,92.7,44.9,0,0,0
20.7,d_19430401,0,0,0,0,0,0,79.3,41.2,0,0,0
29.2,d_19430501,0,0,0,0,0,0,70.8,34,0,0,0
28.5,d_19430601,0,0,0,0,0,0,71.5,36.2,0,0,0
29.2,d_19430701,0,0,0,0,0,0,70.7,34.2,0,0,0
12.1,d_19430801,0,0,0,0,0,0,87.9,51.1,0,0,0
0,d_19430901,0,0,0,0,0,0,100,65.3,0,0,0
100,d_19431001,0,0,0,0,0,0,0,0,0,0,0
68.8,d_19431101,31.2,0,0,0,0,0,0,0,0,0,0
94.1,d_19431201,0,0,0,0,0,0,5.9,0.2,0,0,0
99.9,d_19440101,0.1,0,0,0,0,0,0,0,0,0,0
8.9,d_19440201,0,0,0,0,0,0,91.1,0.7,0,0,0
98.8,d_19440301,0,0,0,0,0,0,1.2,0,0,0,0
98.8,d_19440401,0,0,0,0,0,0,1.2,0,0,0,0
99.4,d_19440501,0,0,0,0,0,0,0.6,0,0,0,0
99.4,d_19440601,0,0,0,0,0,0,0.6,0,0,0,0
99,d_19440701,0,0,0,0,0,0,1,0,0,0,0
42.2,d_19440801,0,0,0,0,0,0,57.8,0.4,0,0,0
100,d_19440901,0,0,0,0,0,0,0,0,0,0,0
30.6,d_19441001,0,0,0,0,0,0,69.4,0,0,0,0
100,d_19441101,0,0,0,0,0,0,0,0,0,0,0
100,d_19441201,0,0,0,0,0,0,0,0,0,0,0
22.8,d_19450101,77.2,1.6,0,0,0,0,0,0,0,0,0
100,d_19450201,0,0,0,0,0,0,0,0,0,0,0
100,d_19450301,0,0,0,0,0,0,0,0,0,0,0
100,d_19450401,0,0,0,0,0,0,0,0,0,0,0
100,d_19450501,0,0,0,0,0,0,0,0,0,0,0
100,d_19450601,0,0,0,0,0,0,0,0,0,0,0
100,d_19450701,0,0,0,0,0,0,0,0,0,0,0
25.4,d_19450801,74.6,0,0,0,0,0,0,0,0,0,0
100,d_19450901,0,0,0,0,0,0,0,0,0,0,0
100,d_19451001,0,0,0,0,0,0,0,0,0,0,0
100,d_19451101,0,0,0,0,0,0,0,0,0,0,0
95.2,d_19451201,0,0,0,0,0,0,4.8,0,0,0,0
100,d_19460101,0,0,0,0,0,0,0,0,0,0,0
28.7,d_19460201,71.3,0,0,0,0,0,0,0,0,0,0
100,d_19460301,0,0,0,0,0,0,0,0,0,0,0
98.7,d_19460401,1.3,0,0,0,0,0,0,0,0,0,0
96,d_19460501,4,0,0,0,0,0,0,0,0,0,0
95.5,d_19460601,4.5,0,0,0,0,0,0,0,0,0,0
96.6,d_19460701,3.4,0,0,0,0,0,0,0,0,0,0
100,d_19460801,0,0,0,0,0,0,0,0,0,0,0
13.4,d_19460901,86.6,7.1,0,0,0,0,0,0,0,0,0
100,d_19461001,0,0,0,0,0,0,0,0,0,0,0
0,d_19461101,0,0,0,0,0,0,100,100,43.3,0,0
0,d_19461201,0,0,0,0,0,0,100,68.3,0,0,0
90,d_19470101,0,0,0,0,0,0,10,0,0,0,0
74.3,d_19470201,25.7,0,0,0,0,0,0,0,0,0,0
41.6,d_19470301,58.3,23.6,0,0,0,0,0,0,0,0,0
26.8,d_19470401,73.1,41.8,0,0,0,0,0,0,0,0,0
16.8,d_19470501,83.2,48.5,0,0,0,0,0,0,0,0,0
19.8,d_19470601,80.2,44.6,0,0,0,0,0,0,0,0,0
23.3,d_19470701,76.6,43.5,0,0,0,0,0,0,0,0,0
0,d_19470801,100,100,97.6,71.4,19.4,0,0,0,0,0,0
0,d_19470901,100.1,100.1,100.1,95.2,6.4,0,0,0,0,0,0
0,d_19471001,100.1,100.1,90.5,14.4,0,0,0,0,0,0,0
0,d_19471101,100,100,97.1,80,17.8,0,0,0,0,0,0
0,d_19471201,100,100,99.2,92.7,63.3,0,0,0,0,0,0
0,d_19480101,100,100,100,100,99.7,0,0,0,0,0,0
0,d_19480201,100,100,100,100,99.1,0,0,0,0,0,0
0,d_19480301,100.1,100.1,99.9,80.5,0,0,0,0,0,0,0
0,d_19480401,100.1,100.1,81.7,0.1,0,0,0,0,0,0,0
0,d_19480501,99.9,99.9,80.6,1.4,0,0,0,0,0,0,0
0,d_19480601,100,100,74.4,0,0,0,0,0,0,0,0
0,d_19480701,100,100,58.3,0,0,0,0,0,0,0,0
0,d_19480801,100,89.2,0,0,0,0,0,0,0,0,0
19.8,d_19480901,80.2,0.2,0,0,0,0,0,0,0,0,0
100,d_19481001,0,0,0,0,0,0,0,0,0,0,0
100,d_19481101,0,0,0,0,0,0,0,0,0,0,0
100,d_19481201,0,0,0,0,0,0,0,0,0,0,0
33.4,d_19490101,66.7,25,0,0,0,0,0,0,0,0,0
0,d_19490201,100,100,0,0,0,0,0,0,0,0,0
10.2,d_19490301,89.8,53.2,0,0,0,0,0,0,0,0,0
0,d_19490401,100,65.9,15.7,0,0,0,0,0,0,0,0
0,d_19490501,99.9,57.4,2.3,0,0,0,0,0,0,0,0
1.7,d_19490601,98.4,53.5,0.3,0,0,0,0,0,0,0,0
23.8,d_19490701,76.3,45.4,0,0,0,0,0,0,0,0,0
55.7,d_19490801,44.4,2,0,0,0,0,0,0,0,0,0
38.9,d_19490901,61.1,18.3,0,0,0,0,0,0,0,0,0
68.8,d_19491001,31.2,9.5,0,0,0,0,0,0,0,0,0
87,d_19491101,13,3.6,0,0,0,0,0,0,0,0,0
94.3,d_19491201,5.7,0,0,0,0,0,0,0,0,0,0
100,d_19500101,0,0,0,0,0,0,0,0,0,0,0
85.1,d_19500201,14.9,0.4,0,0,0,0,0,0,0,0,0
40.4,d_19500301,59.6,6.1,0,0,0,0,0,0,0,0,0
27.1,d_19500401,72.8,5.3,0,0,0,0,0,0,0,0,0
10.9,d_19500501,89.1,18,0,0,0,0,0,0,0,0,0
17.4,d_19500601,82.6,14.2,0,0,0,0,0,0,0,0,0
50.9,d_19500701,49.1,0.5,0,0,0,0,0,0,0,0,0
50.6,d_19500801,49.4,0,0,0,0,0,0,0,0,0,0
19,d_19500901,81,0,0,0,0,0,0,0,0,0,0
23.8,d_19501001,76.2,0,0,0,0,0,0,0,0,0,0
68.3,d_19501101,31.7,0,0,0,0,0,0,0,0,0,0
23.8,d_19501201,76.2,6.6,0,0,0,0,0,0,0,0,0
44.4,d_19510101,55.6,0.5,0,0,0,0,0,0,0,0,0
7.6,d_19510201,92.5,57.6,0,0,0,0,0,0,0,0,0
0,d_19510301,100,96.1,12.7,0,0,0,0,0,0,0,0
0,d_19510401,100,77.2,1.9,0,0,0,0,0,0,0,0
0,d_19510501,100,93,7.1,0,0,0,0,0,0,0,0
0,d_19510601,100,90.6,8.6,0,0,0,0,0,0,0,0
0,d_19510701,99.9,99.7,16.1,0,0,0,0,0,0,0,0
0,d_19510801,100,99.7,19.3,0,0,0,0,0,0,0,0
0.6,d_19510901,99.4,21.8,0,0,0,0,0,0,0,0,0
5.9,d_19511001,94.1,35.9,0,0,0,0,0,0,0,0,0
65.5,d_19511101,34.5,10.4,0,0,0,0,0,0,0,0,0
13.8,d_19511201,0,0,0,0,0,0,86.2,11.3,0,0,0
0,d_19520101,0,0,0,0,0,0,99.9,99.9,54.7,31.8,0
2.7,d_19520201,0,0,0,0,0,0,97.3,51.3,4.3,0,0
0,d_19520301,0,0,0,0,0,0,100.1,100.1,58.8,5.9,0
0,d_19520401,0,0,0,0,0,0,100,100,49.6,4.3,0
0,d_19520501,0,0,0,0,0,0,100,100,44.5,2.3,0
0,d_19520601,0,0,0,0,0,0,100,100,47,2.5,0
0,d_19520701,0,0,0,0,0,0,100,100,51.7,10,0
0,d_19520801,0,0,0,0,0,0,100,100,54,0,0
0,d_19520901,0,0,0,0,0,0,100,90.7,25.1,0,0
96.9,d_19521001,0,0,0,0,0,0,3.1,0,0,0,0
0,d_19521101,0,0,0,0,0,0,99.9,99.9,91,20.1,0
0,d_19521201,0,0,0,0,0,0,99.9,99.9,28.3,1,0
25.5,d_19530101,0,0,0,0,0,0,74.5,10.6,0,0,0
96.6,d_19530201,0,0,0,0,0,0,3.4,0,0,0,0
70.9,d_19530301,29.1,0,0,0,0,0,0,0,0,0,0
73.2,d_19530401,26.8,0,0,0,0,0,0,0,0,0,0
62.8,d_19530501,37.1,0.9,0,0,0,0,0,0,0,0,0
67.1,d_19530601,32.9,0,0,0,0,0,0,0,0,0,0
84.4,d_19530701,15.6,0,0,0,0,0,0,0,0,0,0
14.1,d_19530801,85.9,38.7,0,0,0,0,0,0,0,0,0
0,d_19530901,100,100,97.6,44.2,0,0,0,0,0,0,0
0,d_19531001,100,100,100,76.2,0,0,0,0,0,0,0
37.8,d_19531101,62.2,0,0,0,0,0,0,0,0,0,0
25.2,d_19531201,74.8,0,0,0,0,0,0,0,0,0,0
100,d_19540101,0,0,0,0,0,0,0,0,0,0,0
100,d_19540201,0,0,0,0,0,0,0,0,0,0,0
100,d_19540301,0,0,0,0,0,0,0,0,0,0,0
100,d_19540401,0,0,0,0,0,0,0,0,0,0,0
100,d_19540501,0,0,0,0,0,0,0,0,0,0,0
100,d_19540601,0,0,0,0,0,0,0,0,0,0,0
100,d_19540701,0,0,0,0,0,0,0,0,0,0,0
100,d_19540801,0,0,0,0,0,0,0,0,0,0,0
100,d_19540901,0,0,0,0,0,0,0,0,0,0,0
89.2,d_19541001,10.8,1.2,0,0,0,0,0,0,0,0,0
92.9,d_19541101,7.1,1.9,0,0,0,0,0,0,0,0,0
28.5,d_19541201,71.5,14.6,2,0,0,0,0,0,0,0,0
100,d_19550101,0,0,0,0,0,0,0,0,0,0,0
100,d_19550201,0,0,0,0,0,0,0,0,0,0,0
39.9,d_19550301,60.1,0.2,0,0,0,0,0,0,0,0,0
98.7,d_19550401,1.3,0,0,0,0,0,0,0,0,0,0
100,d_19550501,0,0,0,0,0,0,0,0,0,0,0
100,d_19550601,0,0,0,0,0,0,0,0,0,0,0
100,d_19550701,0,0,0,0,0,0,0,0,0,0,0
100,d_19550801,0,0,0,0,0,0,0,0,0,0,0
100,d_19550901,0,0,0,0,0,0,0,0,0,0,0
65,d_19551001,34.9,11.9,0,0,0,0,0,0,0,0,0
83,d_19551101,17,10.1,0.2,0,0,0,0,0,0,0,0
12.9,d_19551201,0,0,0,0,0,0,87.2,79,51.7,28.2,0
17.8,d_19560101,0,0,0,0,0,0,82.1,62.8,0,0,0
77.9,d_19560201,1.8,0,0,0,0,0,20.2,0,0,0,0
74,d_19560301,26,8.6,0,0,0,0,0,0,0,0,0
88.1,d_19560401,11.9,1,0,0,0,0,0,0,0,0,0
89.8,d_19560501,10.2,0.4,0,0,0,0,0,0,0,0,0
90.7,d_19560601,9.3,0,0,0,0,0,0,0,0,0,0
96.4,d_19560701,3.6,0,0,0,0,0,0,0,0,0,0
99.5,d_19560801,0.5,0,0,0,0,0,0,0,0,0,0
89.9,d_19560901,10.1,0,0,0,0,0,0,0,0,0,0
16.7,d_19561001,83.3,13.6,0,0,0,0,0,0,0,0,0
6.8,d_19561101,93.3,30.7,0,0,0,0,0,0,0,0,0
47.9,d_19561201,52.1,2.5,0,0,0,0,0,0,0,0,0
76.2,d_19570101,23.8,0,0,0,0,0,0,0,0,0,0
30,d_19570201,70,15,0,0,0,0,0,0,0,0,0
10.2,d_19570301,89.8,64.9,0,0,0,0,0,0,0,0,0
19.4,d_19570401,80.6,37.6,0,0,0,0,0,0,0,0,0
34,d_19570501,66,19,0,0,0,0,0,0,0,0,0
40.8,d_19570601,59.2,8.6,0,0,0,0,0,0,0,0,0
47.3,d_19570701,52.7,12.1,0,0,0,0,0,0,0,0,0
89.7,d_19570801,10.3,0,0,0,0,0,0,0,0,0,0
100,d_19570901,0,0,0,0,0,0,0,0,0,0,0
98.9,d_19571001,0,0,0,0,0,0,1.1,0,0,0,0
98.3,d_19571101,0,0,0,0,0,0,1.7,0,0,0,0
6.5,d_19571201,0,0,0,0,0,0,93.6,35.8,0.5,0,0
94.1,d_19580101,0,0,0,0,0,0,5.9,0,0,0,0
3,d_19580201,0,0,0,0,0,0,97,24.1,0,0,0
0,d_19580301,0,0,0,0,0,0,100,100,0.8,0,0
0,d_19580401,0,0,0,0,0,0,100,100,100,17.9,0
0,d_19580501,0,0,0,0,0,0,100,100,100,41.3,0
0,d_19580601,0,0,0,0,0,0,100,100,100,44.2,0
0,d_19580701,0,0,0,0,0,0,100,100,100,28.9,0
0,d_19580801,0,0,0,0,0,0,100,100,100,75.1,0
0,d_19580901,0,0,0,0,0,0,100,100,100,21.8,0
0,d_19581001,0,0,0,0,0,0,100,100,100,100,5.3
0,d_19581101,0,0,0,0,0,0,99.9,99.9,99.9,64.3,12.1
78.1,d_19581201,0,0,0,0,0,0,21.8,8.6,0,0,0
11.7,d_19590101,88.3,76.9,4.8,0,0,0,0,0,0,0,0
76.7,d_19590201,23.3,0.2,0,0,0,0,0,0,0,0,0
0,d_19590301,100,54.2,0.2,0,0,0,0,0,0,0,0
0,d_19590401,100,61,2,0,0,0,0,0,0,0,0
0,d_19590501,100,85.6,19.1,0,0,0,0,0,0,0,0
0,d_19590601,100.1,99.3,33.6,1.6,0,0,0,0,0,0,0
0,d_19590701,100,79.2,18.6,0,0,0,0,0,0,0,0
12.3,d_19590801,87.6,49.6,1.1,0,0,0,0,0,0,0,0
92.9,d_19590901,7.1,0.7,0,0,0,0,0,0,0,0,0
65.4,d_19591001,34.7,5.2,0.1,0,0,0,0,0,0,0,0
0,d_19591101,100,100,100,100,100,0,0,0,0,0,0
0,d_19591201,100,100,99.7,73.7,46.5,0,0,0,0,0,0
0,d_19600101,100,43.5,6,0,0,0,0,0,0,0,0
46.2,d_19600201,53.8,24.1,0,0,0,0,0,0,0,0,0
8.8,d_19600301,91.2,61.8,3.8,0,0,0,0,0,0,0,0
33.3,d_19600401,66.7,39.2,0.5,0,0,0,0,0,0,0,0
24.2,d_19600501,75.7,48,6,0,0,0,0,0,0,0,0
21.9,d_19600601,78,47.9,3.8,0,0,0,0,0,0,0,0
33.8,d_19600701,66.1,38.4,0,0,0,0,0,0,0,0,0
62,d_19600801,38,6.8,0,0,0,0,0,0,0,0,0
96.2,d_19600901,3.6,0,0,0,0,0,0.2,0,0,0,0
63.9,d_19601001,34.6,2.7,0,0,0,0,1.5,0,0,0,0
31.8,d_19601101,0,0,0,0,0,0,68.2,4.8,0,0,0
8.2,d_19601201,0,0,0,0,0,0,91.8,8.3,0,0,0
100,d_19610101,0,0,0,0,0,0,0,0,0,0,0
12.6,d_19610201,87.4,19.4,0,0,0,0,0,0,0,0,0
0,d_19610301,100,83.8,0,0,0,0,0,0,0,0,0
0,d_19610401,100,96.7,8.3,0,0,0,0,0,0,0,0
0,d_19610501,100,100,35.6,0,0,0,0,0,0,0,0
0,d_19610601,100,100,23.8,0,0,0,0,0,0,0,0
0,d_19610701,100.1,95.5,31.6,0,0,0,0,0,0,0,0
0,d_19610801,100,100,100,100,99.4,0,0,0,0,0,0
0,d_19610901,100.1,100.1,100.1,86.7,0.3,0,0,0,0,0,0
0,d_19611001,100,100,100,98.1,83.1,0,0,0,0,0,0
18,d_19611101,82,23,0,0,0,0,0,0,0,0,0
93,d_19611201,7,0,0,0,0,0,0,0,0,0,0
100,d_19620101,0,0,0,0,0,0,0,0,0,0,0
0,d_19620201,0,0,0,0,0,0,100,100,94.1,28.2,1.7
0,d_19620301,0,0,0,0,0,0,100,100,35.2,10.2,0
0,d_19620401,0,0,0,0,0,0,100,96.8,13.9,0,0
0,d_19620501,0,0,0,0,0,0,100,92.7,12.6,0,0
0,d_19620601,0,0,0,0,0,0,100,93.3,13.2,0,0
0,d_19620701,0,0,0,0,0,0,100,100,21.2,1.6,0
0,d_19620801,0,0,0,0,0,0,100,78.8,10.3,0,0
0,d_19620901,0,0,0,0,0,0,100,90,13,0,0
0,d_19621001,0,0,0,0,0,0,100,100,48.9,13.4,0
0,d_19621101,100,99.8,87.9,57.2,9.2,0,0,0,0,0,0
0,d_19621201,100,100,100,97.7,89.3,0,0,0,0,0,0
0,d_19630101,100,100,95.5,85.6,41,0,0,0,0,0,0
4.3,d_19630201,95.7,72.8,5.2,0.3,0,0,0,0,0,0,0
19.7,d_19630301,80.2,31.2,0.3,0,0,0,0,0,0,0,0
62.8,d_19630401,37.3,6.9,0,0,0,0,0,0,0,0,0
60.5,d_19630501,39.5,11.6,0,0,0,0,0,0,0,0,0
67.5,d_19630601,32.5,3.9,0,0,0,0,0,0,0,0,0
73.2,d_19630701,26.8,0.1,0,0,0,0,0,0,0,0,0
99.4,d_19630801,0,0,0,0,0,0,0.6,0,0,0,0
60.8,d_19630901,0,0,0,0,0,0,39.2,0.6,0,0,0
0.3,d_19631001,0,0,0,0,0,0,99.7,81.3,0,0,0
0,d_19631101,0,0,0,0,0,0,100,100,43.3,1.8,0
10.3,d_19631201,0,0,0,0,0,0,89.7,8.5,0.4,0,0
98.6,d_19640101,0,0,0,0,0,0,1.4,0,0,0,0
5.9,d_19640201,94,72,0,0,0,0,0,0,0,0,0
1.4,d_19640301,98.6,85.8,0,0,0,0,0,0,0,0,0
0.4,d_19640401,99.6,76.8,0,0,0,0,0,0,0,0,0
0,d_19640501,100,91.4,0,0,0,0,0,0,0,0,0
0,d_19640601,100,99.4,0,0,0,0,0,0,0,0,0
0,d_19640701,100,99.8,13.8,0,0,0,0,0,0,0,0
0,d_19640801,100,100,96.6,19.8,0,0,0,0,0,0,0
0,d_19640901,100,86.4,0,0,0,0,0,0,0,0,0
31.1,d_19641001,68.9,4.5,0,0,0,0,0,0,0,0,0
54.8,d_19641101,0,0,0,0,0,0,45.2,2.7,0,0,0
9.2,d_19641201,0,0,0,0,0,0,90.8,57.9,0,0,0
98.3,d_19650101,0,0,0,0,0,0,1.7,0,0,0,0
50.8,d_19650201,49.2,0,0,0,0,0,0,0,0,0,0
24.9,d_19650301,75.1,1.3,0,0,0,0,0,0,0,0,0
100,d_19650401,0,0,0,0,0,0,0,0,0,0,0
100,d_19650501,0,0,0,0,0,0,0,0,0,0,0
100,d_19650601,0,0,0,0,0,0,0,0,0,0,0
100,d_19650701,0,0,0,0,0,0,0,0,0,0,0
80,d_19650801,20,0,0,0,0,0,0,0,0,0,0
86.3,d_19650901,13.7,0,0,0,0,0,0,0,0,0,0
100,d_19651001,0,0,0,0,0,0,0,0,0,0,0
0,d_19651101,0,0,0,0,0,0,99.9,99.9,97.6,76.1,6.5
0,d_19651201,0,0,0,0,0,0,100,100,100,100,82.1
0.8,d_19660101,0,0,0,0,0,0,99.2,81.4,0,0,0
60.1,d_19660201,0,0,0,0,0,0,40,14.1,0,0,0
89.6,d_19660301,0,0,0,0,0,0,10.4,0,0,0,0
94.8,d_19660401,5.2,0,0,0,0,0,0,0,0,0,0
87.5,d_19660501,12.5,0,0,0,0,0,0,0,0,0,0
89.5,d_19660601,10.5,0,0,0,0,0,0,0,0,0,0
97.8,d_19660701,2.2,0,0,0,0,0,0,0,0,0,0
0.3,d_19660801,99.7,85.6,20.6,0,0,0,0,0,0,0,0
0,d_19660901,100,100,86.2,72.9,0,0,0,0,0,0,0
0,d_19661001,100,100,93.6,86.6,72.8,0,0,0,0,0,0
13.1,d_19661101,86.9,60.8,3.2,0,0,0,0,0,0,0,0
46.4,d_19661201,0,0,0,0,0,0,53.7,33.7,5.3,0,0
1.4,d_19670101,0,0,0,0,0,0,98.6,53,8,0,0
73.9,d_19670201,0,0,0,0,0,0,26,3.5,0,0,0
72.5,d_19670301,0.7,0,0,0,0,0,26.8,4.3,0,0,0
4.8,d_19670401,0,0,0,0,0,0,95.3,43.7,0.3,0,0
5.8,d_19670501,0,0,0,0,0,0,94.2,39.2,0,0,0
6.1,d_19670601,0,0,0,0,0,0,94,40.7,0,0,0
3.9,d_19670701,0,0,0,0,0,0,96.1,59.9,1.6,0,0
10.8,d_19670801,0,0,0,0,0,0,89.2,24.5,0,0,0
54.2,d_19670901,0,0,0,0,0,0,45.8,0,0,0,0
98.7,d_19671001,0,0,0,0,0,0,1.3,0,0,0,0
0,d_19671101,0,0,0,0,0,0,100,100,66.4,30.3,0
0,d_19671201,0,0,0,0,0,0,100.1,100.1,24.3,11.3,0
66.8,d_19680101,33.2,0,0,0,0,0,0,0,0,0,0
18.7,d_19680201,81.3,48.3,0,0,0,0,0,0,0,0,0
20.8,d_19680301,79.2,37.5,0,0,0,0,0,0,0,0,0
18.7,d_19680401,81.3,33.7,0,0,0,0,0,0,0,0,0
10.5,d_19680501,89.4,51.7,0,0,0,0,0,0,0,0,0
8.3,d_19680601,91.7,58.2,0,0,0,0,0,0,0,0,0
16.9,d_19680701,83.1,29.5,0,0,0,0,0,0,0,0,0
0,d_19680801,100,99.8,12.3,0,0,0,0,0,0,0,0
0,d_19680901,100,70.7,0,0,0,0,0,0,0,0,0
94.7,d_19681001,5.3,0,0,0,0,0,0,0,0,0,0
99.2,d_19681101,0,0,0,0,0,0,0.8,0,0,0,0
88.9,d_19681201,10.1,0,0,0,0,0,1,0,0,0,0
0,d_19690101,0,0,0,0,0,0,100,100,95.3,52.6,4.4
0,d_19690201,0,0,0,0,0,0,100,100,100,99.6,92.6
0,d_19690301,0,0,0,0,0,0,100,100,99.6,95.2,30.5
0,d_19690401,0,0,0,0,0,0,100,100,99.6,96,36.1
0,d_19690501,0,0,0,0,0,0,100,100,99.6,95.9,35.1
0,d_19690601,0,0,0,0,0,0,100,100,99.6,96,35.8
0,d_19690701,0,0,0,0,0,0,100,100,99.6,72.7,28.1
0,d_19690801,0,0,0,0,0,0,99.9,99.9,99.5,73.2,26.6
0,d_19690901,0,0,0,0,0,0,100,100,99.8,84.5,28.9
0.6,d_19691001,0,0,0,0,0,0,99.4,93.7,0.7,0,0
66.1,d_19691101,33.9,0,0,0,0,0,0,0,0,0,0
46.2,d_19691201,53.8,0,0,0,0,0,0,0,0,0,0
1.1,d_19700101,98.8,34.9,1.8,0,0,0,0,0,0,0,0
5.1,d_19700201,94.8,34.1,0,0,0,0,0,0,0,0,0
22.7,d_19700301,77.3,11.8,0,0,0,0,0,0,0,0,0
0,d_19700401,100,63.3,0,0,0,0,0,0,0,0,0
0,d_19700501,99.9,77.2,3.1,0,0,0,0,0,0,0,0
0,d_19700601,100,74.9,0.8,0,0,0,0,0,0,0,0
0.2,d_19700701,99.7,66,0,0,0,0,0,0,0,0,0
0,d_19700801,100,61.1,0,0,0,0,0,0,0,0,0
82.1,d_19700901,17.9,1.4,0,0,0,0,0,0,0,0,0
42.2,d_19701001,57.8,3.2,0,0,0,0,0,0,0,0,0
61.4,d_19701101,0,0,0,0,0,0,38.6,21.6,0,0,0
5.3,d_19701201,0,0,0,0,0,0,94.6,47.4,11.7,0,0
73.6,d_19710101,0,0,0,0,0,0,26.4,4.7,0,0,0
99.8,d_19710201,0,0,0,0,0,0,0.2,0,0,0,0
44.1,d_19710301,55.9,10.6,0,0,0,0,0,0,0,0,0
39.6,d_19710401,60.4,10.2,0,0,0,0,0,0,0,0,0
53.4,d_19710501,46.6,0,0,0,0,0,0,0,0,0,0
57.7,d_19710601,42.3,0,0,0,0,0,0,0,0,0,0
80.5,d_19710701,19.5,0,0,0,0,0,0,0,0,0,0
0,d_19710801,100,86.7,0,0,0,0,0,0,0,0,0
0,d_19710901,100,100,88.4,0,0,0,0,0,0,0,0
0,d_19711001,100,99.9,9.4,0,0,0,0,0,0,0,0
0,d_19711101,100,96.2,6.6,0,0,0,0,0,0,0,0
3.5,d_19711201,0,0,0,0,0,0,96.5,64.5,0,0,0
100,d_19720101,0,0,0,0,0,0,0,0,0,0,0
15.6,d_19720201,84.4,37.2,0,0,0,0,0,0,0,0,0
0,d_19720301,100,98.8,42.6,15.1,0,0,0,0,0,0,0
0,d_19720401,100,100,63.1,25.1,0,0,0,0,0,0,0
0,d_19720501,100,100,76.1,41.4,2.9,0,0,0,0,0,0
0,d_19720601,100,100,72.4,38.3,1.1,0,0,0,0,0,0
0,d_19720701,100,100,67,28.2,0,0,0,0,0,0,0
0,d_19720801,100,98.8,36.7,12.5,0,0,0,0,0,0,0
0,d_19720901,100,100,100,100,100,0,0,0,0,0,0
0,d_19721001,100,100,100,100,98,0,0,0,0,0,0
89.9,d_19721101,10.2,4,0,0,0,0,0,0,0,0,0
87.8,d_19721201,0,0,0,0,0,0,12.2,0,0,0,0
9.1,d_19730101,0,0,0,0,0,0,91,64.1,1,0,0
1,d_19730201,0,0,0,0,0,0,99,92.3,79.7,15.6,0
0,d_19730301,0,0,0,0,0,0,100,94.3,65.9,6.4,0
2.6,d_19730401,0,0,0,0,0,0,97.3,87.8,18.6,0,0
3.3,d_19730501,0,0,0,0,0,0,96.6,86.4,15.2,0,0
3.1,d_19730601,0,0,0,0,0,0,96.9,86.7,17.1,0,0
2.2,d_19730701,0,0,0,0,0,0,97.8,87.5,23.2,0,0
16.1,d_19730801,0,0,0,0,0,0,83.9,39.4,0,0,0
6.1,d_19730901,0,0,0,0,0,0,93.9,80.7,0,0,0
11.9,d_19731001,0,0,0,0,0,0,88.1,62.7,0,0,0
98.3,d_19731101,0,0,0,0,0,0,1.7,0,0,0,0
71.2,d_19731201,28.8,2.9,0,0,0,0,0,0,0,0,0
7.1,d_19740101,0,0,0,0,0,0,92.9,27.7,0,0,0
100,d_19740201,0,0,0,0,0,0,0,0,0,0,0
80.3,d_19740301,0,0,0,0,0,0,19.8,1.3,0,0,0
82.6,d_19740401,0,0,0,0,0,0,17.4,0.8,0,0,0
86.4,d_19740501,0,0,0,0,0,0,13.6,0,0,0,0
85.9,d_19740601,0,0,0,0,0,0,14.1,0,0,0,0
84.6,d_19740701,0,0,0,0,0,0,15.3,0,0,0,0
96.8,d_19740801,0,0,0,0,0,0,3.2,0,0,0,0
99.3,d_19740901,0,0,0,0,0,0,0.7,0,0,0,0
59.7,d_19741001,40.3,0.5,0,0,0,0,0,0,0,0,0
84,d_19741101,4.2,0,0,0,0,0,11.8,0,0,0,0
44.3,d_19741201,0,0,0,0,0,0,55.7,0,0,0,0
92.2,d_19750101,7.8,0,0,0,0,0,0,0,0,0,0
99.8,d_19750201,0.2,0,0,0,0,0,0,0,0,0,0
83.3,d_19750301,0,0,0,0,0,0,16.7,0,0,0,0
90.4,d_19750401,0.2,0,0,0,0,0,9.4,0,0,0,0
90.9,d_19750501,5.2,0,0,0,0,0,3.9,0,0,0,0
92,d_19750601,3.3,0,0,0,0,0,4.7,0,0,0,0
87.9,d_19750701,11,2.4,0,0,0,0,1.1,0,0,0,0
71.7,d_19750801,3.7,0,0,0,0,0,24.7,0,0,0,0
87.4,d_19750901,12.6,0.2,0,0,0,0,0,0,0,0,0
37.8,d_19751001,0,0,0,0,0,0,62.2,0,0,0,0
91.2,d_19751101,7.8,1.4,0,0,0,0,0.9,0,0,0,0
0,d_19751201,100,99.9,95,67.1,2.7,0,0,0,0,0,0
0,d_19760101,100,100,100,100,99.4,0,0,0,0,0,0
0,d_19760201,100,85.4,0.4,0,0,0,0,0,0,0,0
0,d_19760301,100,100,6.9,0,0,0,0,0,0,0,0
0,d_19760401,100,99.8,5.5,0,0,0,0,0,0,0,0
0,d_19760501,100.1,100.1,10.9,0.2,0,0,0,0,0,0,0
0,d_19760601,100,98.6,7.1,0,0,0,0,0,0,0,0
0,d_19760701,100,99.5,8.6,0,0,0,0,0,0,0,0
0,d_19760801,100,56.8,0,0,0,0,0,0,0,0,0
100,d_19760901,0,0,0,0,0,0,0,0,0,0,0
82.9,d_19761001,0,0,0,0,0,0,17.1,0,0,0,0
67.4,d_19761101,32.5,5.9,0,0,0,0,0,0,0,0,0
54.7,d_19761201,45.3,12.4,0,0,0,0,0,0,0,0,0
61,d_19770101,39,0,0,0,0,0,0,0,0,0,0
0,d_19770201,100,96.7,14.3,0,0,0,0,0,0,0,0
0.2,d_19770301,99.8,97.1,22.6,0,0,0,0,0,0,0,0
0,d_19770401,99.9,99.5,63.6,9.6,0,0,0,0,0,0,0
1.3,d_19770501,98.6,95.3,23,0.4,0,0,0,0,0,0,0
0,d_19770601,100,98,36.2,4.5,0,0,0,0,0,0,0
0,d_19770701,99.9,98.6,37.9,4.8,0,0,0,0,0,0,0
22.5,d_19770801,74.4,67.3,14.2,0,0,3.1,0,0,0,0,0
21.8,d_19770901,78.2,34.1,0,0,0,0,0,0,0,0,0
2.4,d_19771001,97.6,91.4,7.9,0,0,0,0,0,0,0,0
6.3,d_19771101,93.7,67.1,1.3,0,0,0,0,0,0,0,0
83.5,d_19771201,4.1,0,0,0,0,0,12.4,0.7,0,0,0
0,d_19780101,0,0,0,0,0,0,99.9,98.9,2.3,0,0
0,d_19780201,0,0,0,0,0,0,100,100,90.6,20.7,0
0,d_19780301,0,0,0,0,0,0,100,100,100,100,28.2
0,d_19780401,0,0,0,0,0,0,100,100,100,100,77.4
0,d_19780501,0,0,0,0,0,0,100,100,100,100,71.5
0,d_19780601,0,0,0,0,0,0,100,100,100,100,72
0,d_19780701,0,0,0,0,0,0,100,100,100,100,94.7
0,d_19780801,0,0,0,0,0,0,100,100,100,100,100
0,d_19780901,0,0,0,0,0,0,100,100,100,100,66.4
0,d_19781001,0,0,0,0,0,0,100,100,100,100,59.8
0,d_19781101,0,0,0,0,0,0,100,100,100,91.2,21.8
98.8,d_19781201,0,0,0,0,0,0,1.2,0,0,0,0
97.5,d_19790101,0,0,0,0,0,0,2.5,0,0,0,0
85.7,d_19790201,0,0,0,0,0,0,14.2,1.4,0,0,0
16.4,d_19790301,0,0,0,0,0,0,83.7,11.1,0,0,0
80,d_19790401,0,0,0,0,0,0,20,2.5,0,0,0
86.5,d_19790501,0,0,0,0,0,0,13.5,1,0,0,0
94.3,d_19790601,0,0,0,0,0,0,5.7,0,0,0,0
84.5,d_19790701,0,0,0,0,0,0,15.5,0,0,0,0
90.2,d_19790801,0,0,0,0,0,0,9.8,0,0,0,0
26.3,d_19790901,0,0,0,0,0,0,73.7,2.3,0,0,0
88.1,d_19791001,0,0,0,0,0,0,11.9,0,0,0,0
100,d_19791101,0,0,0,0,0,0,0,0,0,0,0
0,d_19791201,100,56.7,0,0,0,0,0,0,0,0,0
99.5,d_19800101,0,0,0,0,0,0,0.5,0,0,0,0
3.5,d_19800201,0,0,0,0,0,0,96.6,85.9,1,0,0
3.7,d_19800301,0,0,0,0,0,0,96.2,27,0.4,0,0
0.6,d_19800401,0,0,0,0,0,0,99.4,17.6,0.4,0,0
0.8,d_19800501,0,0,0,0,0,0,99.2,17.8,0.4,0,0
1.3,d_19800601,0,0,0,0,0,0,98.7,13.6,0.2,0,0
0.3,d_19800701,0,0,0,0,0,0,99.8,19,0.4,0,0
0,d_19800801,0,0,0,0,0,0,100,38.7,0.4,0,0
0,d_19800901,0,0,0,0,0,0,100,76,0.7,0,0
0.8,d_19801001,0,0,0,0,0,0,99.2,47.2,0,0,0
13.1,d_19801101,86.7,65.5,0,0,0,0,0.2,0,0,0,0
2.3,d_19801201,97.7,92.4,74,16.7,0,0,0,0,0,0,0
0.5,d_19810101,99.5,42.5,0,0,0,0,0,0,0,0,0
0,d_19810201,100,52.1,0,0,0,0,0,0,0,0,0
100,d_19810301,0,0,0,0,0,0,0,0,0,0,0
100,d_19810401,0,0,0,0,0,0,0,0,0,0,0
95.8,d_19810501,4.2,0,0,0,0,0,0,0,0,0,0
98.3,d_19810601,1.7,0,0,0,0,0,0,0,0,0,0
100,d_19810701,0,0,0,0,0,0,0,0,0,0,0
100,d_19810801,0,0,0,0,0,0,0,0,0,0,0
81.4,d_19810901,0,0,0,0,0,0,18.6,0,0,0,0
57.5,d_19811001,0,0,0,0,0,0,42.5,0,0,0,0
2.1,d_19811101,0,0,0,0,0,0,97.9,15.7,0,0,0
0.8,d_19811201,99.2,85.7,0,0,0,0,0,0,0,0,0
68.6,d_19820101,31.4,0,0,0,0,0,0,0,0,0,0
5.1,d_19820201,94.9,66.7,0,0,0,0,0,0,0,0,0
87.3,d_19820301,12.6,0,0,0,0,0,0.1,0,0,0,0
86,d_19820401,1.4,0,0,0,0,0,12.6,5,0,0,0
85.4,d_19820501,3.6,0,0,0,0,0,11,4.1,0,0,0
85.8,d_19820601,2.7,0,0,0,0,0,11.5,4.1,0,0,0
88.5,d_19820701,1,0,0,0,0,0,10.5,1.9,0,0,0
85.8,d_19820801,2.2,0,0,0,0,0,12,2.9,0,0,0
62.7,d_19820901,0,0,0,0,0,0,37.2,14.7,1.2,0,0
37.7,d_19821001,0,0,0,0,0,0,62.3,28.9,5.9,0.1,0
0,d_19821101,0,0,0,0,0,0,100,100,100,94.4,40.1
0,d_19821201,0,0,0,0,0,0,100,100,89.6,23.9,0.1
0,d_19830101,0,0,0,0,0,0,100,100,93.4,50.9,0
0,d_19830201,0,0,0,0,0,0,100.1,100.1,100.1,65.4,6.1
0,d_19830301,0,0,0,0,0,0,100,100,100,100,58.5
0,d_19830401,0,0,0,0,0,0,100,100,100,100,80.4
0,d_19830501,0,0,0,0,0,0,100,100,100,100,80.3
0,d_19830601,0,0,0,0,0,0,100,100,100,100,73.1
0,d_19830701,0,0,0,0,0,0,100,100,100,100,74.8
0,d_19830801,0,0,0,0,0,0,100.1,100.1,100.1,83.6,41.1
0,d_19830901,0,0,0,0,0,0,100,100,100,87.9,39.9
0,d_19831001,0,0,0,0,0,0,100,100,100,83.1,0
0,d_19831101,0,0,0,0,0,0,100,100,100,100,96.6
0,d_19831201,0,0,0,0,0,0,100,100,100,72.8,0
93.9,d_19840101,0,0,0,0,0,0,6.1,0,0,0,0
83.2,d_19840201,16.8,0,0,0,0,0,0,0,0,0,0
3.7,d_19840301,96.2,62.7,0,0,0,0,0,0,0,0,0
5.5,d_19840401,94.4,78.3,0,0,0,0,0,0,0,0,0
1.7,d_19840501,98.3,88,1,0,0,0,0,0,0,0,0
1.7,d_19840601,98.4,86.8,0.8,0,0,0,0,0,0,0,0
0.1,d_19840701,100,95.6,31.7,0,0,0,0,0,0,0,0
0,d_19840801,100,100,96.1,82.7,0,0,0,0,0,0,0
0,d_19840901,99.9,99.9,98.5,95.7,88.1,0,0,0,0,0,0
0,d_19841001,100,100,97.2,92.8,23.8,0,0,0,0,0,0
26.2,d_19841101,73.8,18.1,0,0,0,0,0,0,0,0,0
0,d_19841201,0,0,0,0,0,0,100,26.1,3.5,0,0
84.2,d_19850101,0,0,0,0,0,0,15.8,4.1,0,0,0
98.8,d_19850201,0,0,0,0,0,0,1.2,0,0,0,0
71.9,d_19850301,28.1,0,0,0,0,0,0,0,0,0,0
24,d_19850401,76,0,0,0,0,0,0,0,0,0,0
16.5,d_19850501,83.4,33.3,0,0,0,0,0,0,0,0,0
16.5,d_19850601,83.4,32.5,0,0,0,0,0,0,0,0,0
19.8,d_19850701,80.2,16.7,0,0,0,0,0,0,0,0,0
5.4,d_19850801,94.6,80.4,0,0,0,0,0,0,0,0,0
0,d_19850901,100,99.8,84.8,15.7,0,0,0,0,0,0,0
0,d_19851001,100,100,2.9,0,0,0,0,0,0,0,0
100,d_19851101,0,0,0,0,0,0,0,0,0,0,0
100,d_19851201,0,0,0,0,0,0,0,0,0,0,0
100,d_19860101,0,0,0,0,0,0,0,0,0,0,0
71.3,d_19860201,0,0,0,0,0,0,28.7,0.6,0,0,0
1.2,d_19860301,0,0,0,0,0,0,98.8,6.3,0,0,0
25.5,d_19860401,0,0,0,0,0,0,74.5,3.1,0,0,0
46.6,d_19860501,0,0,0,0,0,0,53.4,2.6,0,0,0
44.9,d_19860601,0,0,0,0,0,0,55.1,2.8,0,0,0
31.5,d_19860701,0,0,0,0,0,0,68.4,3.1,0,0,0
96.9,d_19860801,0,0,0,0,0,0,3.1,0,0,0,0
49.1,d_19860901,0,0,0,0,0,0,51,5,0,0,0
3.7,d_19861001,0,0,0,0,0,0,96.3,39.5,0,0,0
73.7,d_19861101,0,0,0,0,0,0,26.2,0.4,0,0,0
0,d_19861201,100,74,8.9,0,0,0,0,0,0,0,0
3,d_19870101,96.9,70.5,9.9,0,0,0,0,0,0,0,0
0,d_19870201,100,95.4,22.1,0,0,0,0,0,0,0,0
12.7,d_19870301,87.3,57.1,0,0,0,0,0,0,0,0,0
0.3,d_19870401,99.7,69.8,13.1,0,0,0,0,0,0,0,0
0,d_19870501,100,80.8,25.4,0,0,0,0,0,0,0,0
0,d_19870601,99.9,90.1,35.2,0,0,0,0,0,0,0,0
0,d_19870701,100,76.5,21.1,0,0,0,0,0,0,0,0
0,d_19870801,100.1,68.4,3.9,0,0,0,0,0,0,0,0
32.9,d_19870901,67.1,14.3,0,0,0,0,0,0,0,0,0
99.8,d_19871001,0.2,0,0,0,0,0,0,0,0,0,0
84.2,d_19871101,0,0,0,0,0,0,15.9,4.7,0,0,0
40,d_19871201,0,0,0,0,0,0,60,19.7,8.4,1.3,0
75.8,d_19880101,0,0,0,0,0,0,24.2,14,3.4,0,0
83.5,d_19880201,0,0,0,0,0,0,16.5,7.6,0,0,0
99.8,d_19880301,0.2,0,0,0,0,0,0,0,0,0,0
85.7,d_19880401,0,0,0,0,0,0,14.2,1.4,0,0,0
87.8,d_19880501,0,0,0,0,0,0,12.2,0.3,0,0,0
86.7,d_19880601,0,0,0,0,0,0,13.3,0.8,0,0,0
98.9,d_19880701,0,0,0,0,0,0,1.1,0,0,0,0
100,d_19880801,0,0,0,0,0,0,0,0,0,0,0
99.3,d_19880901,0.7,0,0,0,0,0,0,0,0,0,0
97,d_19881001,3,0,0,0,0,0,0,0,0,0,0
65.5,d_19881101,34.5,0,0,0,0,0,0,0,0,0,0
0,d_19881201,0,0,0,0,0,0,100,18.6,0,0,0
8.2,d_19890101,91.9,15.4,0,0,0,0,0,0,0,0,0
3,d_19890201,97,58.5,0,0,0,0,0,0,0,0,0
0,d_19890301,100,100,30.3,0,0,0,0,0,0,0,0
0,d_19890401,100,100,62.5,6.2,0,0,0,0,0,0,0
0,d_19890501,99.9,99.9,68.2,9,0,0,0,0,0,0,0
0,d_19890601,100,100,63.5,7.2,0,0,0,0,0,0,0
0,d_19890701,100,100,41.4,0,0,0,0,0,0,0,0
0,d_19890801,100.1,94.3,14.5,0,0,0,0,0,0,0,0
0,d_19890901,100,100,64.4,31.6,0,0,0,0,0,0,0
0,d_19891001,100,76.2,12.5,0,0,0,0,0,0,0,0
0,d_19891101,100,100,100,41.3,1.7,0,0,0,0,0,0
0,d_19891201,100,100,100,100,27.2,0,0,0,0,0,0
0,d_19900101,100,98.1,14.3,1.8,0,0,0,0,0,0,0
0,d_19900201,100,100,26.2,8.7,0,0,0,0,0,0,0
0,d_19900301,100.1,100.1,99.7,39.1,9.2,0,0,0,0,0,0
0,d_19900401,100,100,100,64.1,17.1,0,0,0,0,0,0
0,d_19900501,100.1,100.1,100.1,58.7,14.2,0,0,0,0,0,0
0,d_19900601,100,100,100,87.2,18.7,0,0,0,0,0,0
0,d_19900701,100,100,100,86.1,15.5,0,0,0,0,0,0
0,d_19900801,99.9,99.9,94.7,25.2,6.1,0,0,0,0,0,0
0,d_19900901,99.9,43.9,0.9,0,0,0,0,0,0,0,0
0,d_19901001,100,100,18.5,0,0,0,0,0,0,0,0
0,d_19901101,100,100,100,100,51.4,0,0,0,0,0,0
0,d_19901201,100.1,100.1,100.1,95,26.3,0,0,0,0,0,0
0,d_19910101,100.1,100.1,99.3,62.8,0,0,0,0,0,0,0
0,d_19910201,100,100,100,51.5,0,0,0,0,0,0,0
40.7,d_19910301,0,0,0,0,0,0,59.3,3.4,0,0,0
94.9,d_19910401,0,0,0,0,0,0,5.1,0,0,0,0
96.3,d_19910501,0,0,0,0,0,0,3.7,0,0,0,0
96.6,d_19910601,0,0,0,0,0,0,3.4,0,0,0,0
86.7,d_19910701,0,0,0,0,0,0,13.3,0,0,0,0
18.6,d_19910801,0,0,0,0,0,0,81.4,0,0,0,0
0,d_19910901,0,0,0,0,0,0,100,84,0,0,0
0,d_19911001,0,0,0,0,0,0,100,100,53.4,0,0
0,d_19911101,0,0,0,0,0,0,100,100,100,90.2,0
91.9,d_19911201,8.1,1.3,0,0,0,0,0,0,0,0,0
100,d_19920101,0,0,0,0,0,0,0,0,0,0,0
1.9,d_19920201,0,0,0,0,0,0,98.1,63.7,0,0,0
2.2,d_19920301,0,0,0,0,0,0,97.8,50.4,0,0,0
29.6,d_19920401,0,0,0,0,0,0,70.3,18,0,0,0
42.2,d_19920501,0,0,0,0,0,0,57.8,12.3,0,0,0
39.2,d_19920601,0,0,0,0,0,0,60.9,13.5,0,0,0
27.5,d_19920701,0,0,0,0,0,0,72.6,25.6,0,0,0
1.4,d_19920801,0,0,0,0,0,0,98.6,51.6,0,0,0
25.7,d_19920901,0,0,0,0,0,0,74.3,20.1,0,0,0
0.7,d_19921001,0,0,0,0,0,0,99.3,63.9,6,0,0
38.5,d_19921101,61.5,28.3,0,0,0,0,0,0,0,0,0
97,d_19921201,2.7,0,0,0,0,0,0.3,0,0,0,0
0,d_19930101,0,0,0,0,0,0,99.9,96.2,11.8,1.5,0
0,d_19930201,0,0,0,0,0,0,100,100,93.5,40.6,1
0,d_19930301,0,0,0,0,0,0,100.1,100.1,91.3,48.1,0.9
0,d_19930401,0,0,0,0,0,0,100,100,65.4,19.4,0
0,d_19930501,0,0,0,0,0,0,99.9,99.9,63.9,15.7,0
0,d_19930601,0,0,0,0,0,0,100,100,67.1,19.9,0
0,d_19930701,0,0,0,0,0,0,100.1,100.1,66.9,19.2,0
0,d_19930801,0,0,0,0,0,0,100,100,87.7,38.1,0
0,d_19930901,0,0,0,0,0,0,100,100,58.2,5.2,0
0,d_19931001,0,0,0,0,0,0,100,70.4,0,0,0
100,d_19931101,0,0,0,0,0,0,0,0,0,0,0
0,d_19931201,100,97.6,0,0,0,0,0,0,0,0,0
0,d_19940101,100,46.7,0,0,0,0,0,0,0,0,0
100,d_19940201,0,0,0,0,0,0,0,0,0,0,0
99.3,d_19940301,0.7,0,0,0,0,0,0,0,0,0,0
90.3,d_19940401,9.7,0,0,0,0,0,0,0,0,0,0
90,d_19940501,10,0,0,0,0,0,0,0,0,0,0
93.3,d_19940601,6.7,0,0,0,0,0,0,0,0,0,0
98.7,d_19940701,1.3,0,0,0,0,0,0,0,0,0,0
100,d_19940801,0,0,0,0,0,0,0,0,0,0,0
100,d_19940901,0,0,0,0,0,0,0,0,0,0,0
99.9,d_19941001,0,0,0,0,0,0,0.1,0,0,0,0
99.1,d_19941101,0.7,0,0,0,0,0,0.1,0,0,0,0
90.9,d_19941201,2.9,0,0,0,0,0,6.3,0.6,0,0,0
0,d_19950101,0,0,0,0,0,0,100,100,100,100,93.7
0,d_19950201,0,0,0,0,0,0,100,100,97.9,92.2,0
0,d_19950301,0,0,0,0,0,0,100,100,100,100,94.3
0,d_19950401,0,0,0,0,0,0,100,100,100,100,91.6
0,d_19950501,0,0,0,0,0,0,100,100,100,100,93.7
0,d_19950601,0,0,0,0,0,0,100,100,100,100,93.7
0,d_19950701,0,0,0,0,0,0,100,100,100,100,94.8
0,d_19950801,0,0,0,0,0,0,100,100,100,100,93.1
0,d_19950901,0,0,0,0,0,0,100,100,100,100,94.8
0,d_19951001,0,0,0,0,0,0,100,79.6,0.3,0,0
0,d_19951101,0,0,0,0,0,0,100,100,21.4,0.6,0
2.5,d_19951201,97.5,52,0,0,0,0,0,0,0,0,0
4.9,d_19960101,95.1,12.2,0,0,0,0,0,0,0,0,0
79,d_19960201,0,0,0,0,0,0,21,0.9,0,0,0
100,d_19960301,0,0,0,0,0,0,0,0,0,0,0
100,d_19960401,0,0,0,0,0,0,0,0,0,0,0
100,d_19960501,0,0,0,0,0,0,0,0,0,0,0
100,d_19960601,0,0,0,0,0,0,0,0,0,0,0
100,d_19960701,0,0,0,0,0,0,0,0,0,0,0
98.8,d_19960801,0,0,0,0,0,0,1.2,0,0,0,0
74.8,d_19960901,0,0,0,0,0,0,25.2,0,0,0,0
0,d_19961001,0,0,0,0,0,0,100,91,0,0,0
76.6,d_19961101,0,0,0,0,0,0,23.4,0,0,0,0
0,d_19961201,0,0,0,0,0,0,99.9,96.6,22.8,0.1,0
0,d_19970101,0,0,0,0,0,0,100,100,19.9,2.1,0
18.4,d_19970201,0,0,0,0,0,0,81.6,7.5,0,0,0
99.4,d_19970301,0,0,0,0,0,0,0.6,0,0,0,0
100,d_19970401,0,0,0,0,0,0,0,0,0,0,0
100,d_19970501,0,0,0,0,0,0,0,0,0,0,0
100,d_19970601,0,0,0,0,0,0,0,0,0,0,0
37.7,d_19970701,62.3,0,0,0,0,0,0,0,0,0,0
16.3,d_19970801,83.7,2.4,0,0,0,0,0,0,0,0,0
0,d_19970901,100,96.3,0,0,0,0,0,0,0,0,0
0,d_19971001,100,100,100,100,100,0,0,0,0,0,0
11.4,d_19971101,88.5,14.2,0.1,0,0,0,0,0,0,0,0
0.1,d_19971201,0,0,0,0,0,0,100,97.6,13.5,0,0
0,d_19980101,0,0,0,0,0,0,100,99.2,22.8,0,0
0,d_19980201,0,0,0,0,0,0,100,100,100,100,100
0,d_19980301,0,0,0,0,0,0,100,100,100,100,100
0,d_19980401,0,0,0,0,0,0,100,100,100,100,100
0,d_19980501,0,0,0,0,0,0,100,100,100,100,100
0,d_19980601,0,0,0,0,0,0,100,100,100,100,100
0,d_19980701,0,0,0,0,0,0,100,100,100,100,100
0,d_19980801,0,0,0,0,0,0,100,100,100,100,100
0,d_19980901,0,0,0,0,0,0,100,100,100,100,100
0,d_19981001,0,0,0,0,0,0,100,100,100,100,100
0,d_19981101,0,0,0,0,0,0,100,79,31.7,2.6,0
30.5,d_19981201,0,0,0,0,0,0,69.6,45.9,1.2,0,0
88.5,d_19990101,0,0,0,0,0,0,11.5,4.4,0,0,0
15.7,d_19990201,84.2,43.8,4,0,0,0,0,0,0,0,0
67.5,d_19990301,32.5,18.6,0,0,0,0,0,0,0,0,0
74.8,d_19990401,25.2,5.2,0,0,0,0,0,0,0,0,0
70.9,d_19990501,29.1,12.4,0,0,0,0,0,0,0,0,0
69.4,d_19990601,30.6,14.2,0,0,0,0,0,0,0,0,0
73,d_19990701,27,5.2,0,0,0,0,0,0,0,0,0
78.9,d_19990801,21.1,0,0,0,0,0,0,0,0,0,0
100,d_19990901,0,0,0,0,0,0,0,0,0,0,0
100,d_19991001,0,0,0,0,0,0,0,0,0,0,0
46.9,d_19991101,0,0,0,0,0,0,53.1,36.5,0,0,0
0,d_19991201,100,59.3,0,0,0,0,0,0,0,0,0
0,d_20000101,99.9,99.9,92.3,11.7,0,0,0,0,0,0,0
97,d_20000201,3,0,0,0,0,0,0,0,0,0,0
93,d_20000301,7,0,0,0,0,0,0,0,0,0,0
72,d_20000401,0,0,0,0,0,0,28,0,0,0,0
97.2,d_20000501,0,0,0,0,0,0,2.8,0,0,0,0
94.5,d_20000601,0,0,0,0,0,0,5.5,0,0,0,0
53.6,d_20000701,0,0,0,0,0,0,46.4,0.3,0,0,0
51.6,d_20000801,0,0,0,0,0,0,48.4,0.4,0,0,0
8.4,d_20000901,0,0,0,0,0,0,91.7,57.5,0,0,0
0,d_20001001,0,0,0,0,0,0,100,98.4,77.9,2.3,0
54.2,d_20001101,0,0,0,0,0,0,45.8,0,0,0,0
98.7,d_20001201,1.3,0,0,0,0,0,0,0,0,0,0
100,d_20010101,0,0,0,0,0,0,0,0,0,0,0
58.4,d_20010201,0,0,0,0,0,0,41.6,0,0,0,0
9.2,d_20010301,0,0,0,0,0,0,90.8,17.3,0,0,0
11,d_20010401,0,0,0,0,0,0,89,26.9,0,0,0
15.3,d_20010501,0,0,0,0,0,0,84.6,14.2,0,0,0
14.3,d_20010601,0,0,0,0,0,0,85.7,16.1,0,0,0
50.8,d_20010701,0,0,0,0,0,0,49.2,5.4,0,0,0
8.4,d_20010801,0,0,0,0,0,0,91.5,26.5,0,0,0
0,d_20010901,0,0,0,0,0,0,99.9,95.5,4.2,0,0
0,d_20011001,0,0,0,0,0,0,100,51.3,0,0,0
0,d_20011101,0,0,0,0,0,0,100,95.9,12,0,0
64.9,d_20011201,0,0,0,0,0,0,35.1,0,0,0,0
97.2,d_20020101,2.8,0,0,0,0,0,0,0,0,0,0
0,d_20020201,100,62.1,0,0,0,0,0,0,0,0,0
0,d_20020301,100,100,36.9,0.9,0,0,0,0,0,0,0
0,d_20020401,100,100,58.6,0.2,0,0,0,0,0,0,0
0,d_20020501,100,100,89.3,16.2,0,0,0,0,0,0,0
0,d_20020601,100.1,100.1,79,4.4,0,0,0,0,0,0,0
0,d_20020701,100,100,77.9,10.6,0,0,0,0,0,0,0
0,d_20020801,100,100,100,100,48.4,0,0,0,0,0,0
0,d_20020901,100,100,100,100,70.9,0,0,0,0,0,0
0,d_20021001,100,100,100,100,98.5,0,0,0,0,0,0
19.3,d_20021101,80.7,18,0,0,0,0,0,0,0,0,0
1.7,d_20021201,0,0,0,0,0,0,98.3,51.9,1.8,0,0
96.9,d_20030101,0,0,0,0,0,0,3.1,0,0,0,0
100,d_20030201,0,0,0,0,0,0,0,0,0,0,0
96.8,d_20030301,0,0,0,0,0,0,3.2,0,0,0,0
96.4,d_20030401,0,0,0,0,0,0,3.6,0,0,0,0
93.3,d_20030501,0,0,0,0,0,0,6.7,0,0,0,0
92.8,d_20030601,0,0,0,0,0,0,7.2,0,0,0,0
86.8,d_20030701,0,0,0,0,0,0,13.2,1.6,0,0,0
100,d_20030801,0,0,0,0,0,0,0,0,0,0,0
77.9,d_20030901,22.1,0,0,0,0,0,0,0,0,0,0
93.7,d_20031001,0,0,0,0,0,0,6.3,0,0,0,0
72.2,d_20031101,0,0,0,0,0,0,27.7,0.7,0,0,0
86.7,d_20031201,0,0,0,0,0,0,13.3,0,0,0,0
9.2,d_20040101,90.8,4.6,0,0,0,0,0,0,0,0,0
97.2,d_20040201,2.8,0,0,0,0,0,0,0,0,0,0
0,d_20040301,100,48.9,0,0,0,0,0,0,0,0,0
0,d_20040401,100,99.1,0,0,0,0,0,0,0,0,0
0,d_20040501,100,100,2.5,0,0,0,0,0,0,0,0
0,d_20040601,100,99.8,0,0,0,0,0,0,0,0,0
0,d_20040701,100,99.4,0,0,0,0,0,0,0,0,0
0,d_20040801,100,98.2,0,0,0,0,0,0,0,0,0
0,d_20040901,100,60,0,0,0,0,0,0,0,0,0
100,d_20041001,0,0,0,0,0,0,0,0,0,0,0
48.2,d_20041101,51.8,14.1,0,0,0,0,0,0,0,0,0
1.8,d_20041201,0,0,0,0,0,0,98.2,91,70.2,34,0
0,d_20050101,0,0,0,0,0,0,100,100,95.8,83.5,38
0,d_20050201,0,0,0,0,0,0,99.9,99.9,94.4,84.6,49.4
0,d_20050301,0,0,0,0,0,0,100,98.7,90.1,72.1,29.7
0,d_20050401,0,0,0,0,0,0,100,98.1,88.8,58.8,23.1
0,d_20050501,0,0,0,0,0,0,100,98.9,90.1,66,27.6
0,d_20050601,0,0,0,0,0,0,99.9,99.5,90,67.2,27.6
1.4,d_20050701,0,0,0,0,0,0,98.6,94.2,61.1,37.6,9
0,d_20050801,0,0,0,0,0,0,100,96.5,66.7,42.9,12.5
1.8,d_20050901,0,0,0,0,0,0,98.2,75.6,24.8,0.6,0
38.8,d_20051001,0,0,0,0,0,0,61.2,12.5,0,0,0
100,d_20051101,0,0,0,0,0,0,0,0,0,0,0
66.9,d_20051201,33.1,0,0,0,0,0,0,0,0,0,0
100,d_20060101,0,0,0,0,0,0,0,0,0,0,0
82.5,d_20060201,17.5,0,0,0,0,0,0,0,0,0,0
100,d_20060301,0,0,0,0,0,0,0,0,0,0,0
87.9,d_20060401,0,0,0,0,0,0,12.1,0,0,0,0
66.6,d_20060501,0,0,0,0,0,0,33.4,0,0,0,0
65.6,d_20060601,0,0,0,0,0,0,34.4,0,0,0,0
50.9,d_20060701,0,0,0,0,0,0,49.1,0,0,0,0
51.7,d_20060801,0,0,0,0,0,0,48.3,0,0,0,0
10,d_20060901,0,0,0,0,0,0,90,17.8,0,0,0
15,d_20061001,0,0,0,0,0,0,85,7.3,0,0,0
2.6,d_20061101,0,0,0,0,0,0,97.4,78.5,0,0,0
77.7,d_20061201,0.3,0,0,0,0,0,22,0,0,0,0
0,d_20070101,100,97.8,27,9.5,0,0,0,0,0,0,0
0,d_20070201,100,100,96.8,23.4,0,0,0,0,0,0,0
0,d_20070301,100,100,100,100,40.2,0,0,0,0,0,0
0,d_20070401,100,100,100,100,51.8,0,0,0,0,0,0
0,d_20070501,100,100,100,100,76.1,0,0,0,0,0,0
0,d_20070601,100,100,100,100,71,0,0,0,0,0,0
0,d_20070701,100,100,100,100,64.2,0,0,0,0,0,0
0,d_20070801,100,100,100,67.7,2.3,0,0,0,0,0,0
0,d_20070901,100,100,44.8,0.5,0,0,0,0,0,0,0
0,d_20071001,100,100,24.3,0,0,0,0,0,0,0,0
0,d_20071101,100,100,100,100,99.8,0,0,0,0,0,0
0,d_20071201,100,84.5,8.3,0,0,0,0,0,0,0,0
1.1,d_20080101,0,0,0,0,0,0,98.9,92.2,9.4,0,0
12,d_20080201,0,0,0,0,0,0,88,57,0,0,0
85.3,d_20080301,0.2,0,0,0,0,0,14.5,0,0,0,0
97.8,d_20080401,2.2,0,0,0,0,0,0,0,0,0,0
97.1,d_20080501,2.9,0.2,0,0,0,0,0,0,0,0,0
97.1,d_20080601,2.9,0.2,0,0,0,0,0,0,0,0,0
97.8,d_20080701,2.2,0,0,0,0,0,0,0,0,0,0
82.3,d_20080801,0.4,0,0,0,0,0,17.3,0,0,0,0
53.8,d_20080901,0,0,0,0,0,0,46.2,0,0,0,0
0,d_20081001,100,100,95.6,34.9,8.2,0,0,0,0,0,0
0,d_20081101,100.1,99.3,31.3,9.1,0,0,0,0,0,0,0
82.3,d_20081201,17.7,1.8,0,0,0,0,0,0,0,0,0
9.8,d_20090101,90.2,25.9,0.2,0,0,0,0,0,0,0,0
99.9,d_20090201,0.1,0,0,0,0,0,0,0,0,0,0
22.7,d_20090301,77.3,1.4,0,0,0,0,0,0,0,0,0
0,d_20090401,100,28.8,0,0,0,0,0,0,0,0,0
0,d_20090501,100,63.5,0,0,0,0,0,0,0,0,0
0,d_20090601,100,37,0,0,0,0,0,0,0,0,0
1.4,d_20090701,98.6,15,0,0,0,0,0,0,0,0,0
0,d_20090801,100,97.3,0,0,0,0,0,0,0,0,0
0,d_20090901,100,10.6,0,0,0,0,0,0,0,0,0
100,d_20091001,0,0,0,0,0,0,0,0,0,0,0
0,d_20091101,100,86.9,21.5,4.3,0,0,0,0,0,0,0
96.6,d_20091201,3.4,0.2,0,0,0,0,0,0,0,0,0
0,d_20100101,0,0,0,0,0,0,100,78.8,0,0,0
0.2,d_20100201,0,0,0,0,0,0,99.8,67.8,0,0,0
55.7,d_20100301,0,0,0,0,0,0,44.3,0,0,0,0
20.5,d_20100401,0,0,0,0,0,0,79.5,20.6,0,0,0
39,d_20100501,0,0,0,0,0,0,61,13.3,0,0,0
35.8,d_20100601,0,0,0,0,0,0,64.2,14.8,0,0,0
66.8,d_20100701,0,0,0,0,0,0,33.2,0,0,0,0
22.3,d_20100801,0,0,0,0,0,0,77.7,5.2,0,0,0
27.9,d_20100901,0,0,0,0,0,0,72.1,4.2,0,0,0
100,d_20101001,0,0,0,0,0,0,0,0,0,0,0
100,d_20101101,0,0,0,0,0,0,0,0,0,0,0
0,d_20101201,0,0,0,0,0,0,100,100,100,100,59.5
0,d_20110101,0,0,0,0,0,0,100,79.3,26.7,6.7,0
0,d_20110201,0,0,0,0,0,0,100,60,14.1,0,0
0,d_20110301,0,0,0,0,0,0,100,99.9,46.5,15.1,0
0,d_20110401,0,0,0,0,0,0,100.1,72.6,27.1,1.3,0
0,d_20110501,0,0,0,0,0,0,100,75.1,29.7,3,0
0,d_20110601,0,0,0,0,0,0,100.1,84.5,32.4,6,0
1.2,d_20110701,0,0,0,0,0,0,98.8,66.1,17.4,0.3,0
0,d_20110801,0,0,0,0,0,0,100,69.6,12.8,0,0
98.1,d_20110901,1.9,0,0,0,0,0,0,0,0,0,0
28.5,d_20111001,0,0,0,0,0,0,71.5,6.9,0,0,0
5.8,d_20111101,0,0,0,0,0,0,94.2,83.3,0,0,0
12.2,d_20111201,87.8,7.9,0,0,0,0,0,0,0,0,0
21.1,d_20120101,79,19,0,0,0,0,0,0,0,0,0
0,d_20120201,100,100,64.8,17.6,0.5,0,0,0,0,0,0
0,d_20120301,100,100,41.1,0,0,0,0,0,0,0,0
0,d_20120401,100,64.3,0,0,0,0,0,0,0,0,0
0,d_20120501,99.9,81.6,3,0,0,0,0,0,0,0,0
0,d_20120601,100.1,80.2,0.8,0,0,0,0,0,0,0,0
0,d_20120701,100,93.7,0,0,0,0,0,0,0,0,0
0,d_20120801,100,100,28.9,0,0,0,0,0,0,0,0
18.9,d_20120901,81.1,25.8,0,0,0,0,0,0,0,0,0
50.4,d_20121001,49.6,0,0,0,0,0,0,0,0,0,0
100,d_20121101,0,0,0,0,0,0,0,0,0,0,0
72.1,d_20121201,0.4,0,0,0,0,0,27.5,0,0,0,0
20.5,d_20130101,79.4,29.4,7.8,1.9,0,0,0,0,0,0,0
0,d_20130201,100,100,34.9,16.5,4.3,0,0,0,0,0,0
0,d_20130301,100,100,77.5,34.1,11.3,0,0,0,0,0,0
0,d_20130401,100,100,100,52.4,19.3,0,0,0,0,0,0
0,d_20130501,99.9,99.9,99.9,73.5,25.2,0,0,0,0,0,0
0,d_20130601,100,100,100,67.5,23.7,0,0,0,0,0,0
0,d_20130701,100,100,98.9,54.2,19.4,0,0,0,0,0,0
0,d_20130801,100,100,100,57.7,18.2,0,0,0,0,0,0
0,d_20130901,100,100,100,100,32.6,0,0,0,0,0,0
0,d_20131001,100,100,100,100,44.4,0,0,0,0,0,0
0,d_20131101,100,100,100,97.9,44.1,0,0,0,0,0,0
0,d_20131201,100,100,100,100,98,0,0,0,0,0,0
0,d_20140101,100,100,100,100,100,0,0,0,0,0,0
0,d_20140201,100.1,100.1,99.5,65.3,31.5,0,0,0,0,0,0
0,d_20140301,100,100,100,57.2,26.3,0,0,0,0,0,0
0,d_20140401,100,100,100,61.8,25.9,0,0,0,0,0,0
0,d_20140501,100,100,100,93,37.6,0,0,0,0,0,0
0,d_20140601,100,100,100,85.2,33.5,0,0,0,0,0,0
0,d_20140701,100,100,100,63.1,28,0,0,0,0,0,0
0,d_20140801,100,100,93,40.1,12.5,0,0,0,0,0,0
0,d_20140901,99.9,81.6,15.3,6.2,0.4,0,0,0,0,0,0
71.4,d_20141001,28.5,13.6,4.5,1,0,0,0,0,0,0,0
0,d_20141101,100,95.5,6.7,1.1,0,0,0,0,0,0,0
95.5,d_20141201,0,0,0,0,0,0,4.5,0,0,0,0
98.3,d_20150101,1.7,0,0,0,0,0,0,0,0,0,0
10.4,d_20150201,89.7,42.2,0,0,0,0,0,0,0,0,0
0,d_20150301,99.9,94.3,19.9,0,0,0,0,0,0,0,0
0,d_20150401,100,100,65.9,0,0,0,0,0,0,0,0
0,d_20150501,100,100,76.4,0,0,0,0,0,0,0,0
0,d_20150601,100,99,62.4,0,0,0,0,0,0,0,0
0,d_20150701,100,92,45.9,0,0,0,0,0,0,0,0
0,d_20150801,100,89.8,1.3,0,0,0,0,0,0,0,0
0,d_20150901,100,100,100,93.8,39.6,0,0,0,0,0,0
0,d_20151001,100,100,100,86,2.6,0,0,0,0,0,0
0,d_20151101,100,100,99.5,96.9,10.6,0,0,0,0,0,0
0,d_20151201,100.1,100.1,43.5,17.6,0,0,0,0,0,0,0
95.5,d_20160101,4.5,0,0,0,0,0,0,0,0,0,0
3.1,d_20160201,96.9,33.5,0,0,0,0,0,0,0,0,0
1.1,d_20160301,98.9,33.8,0,0,0,0,0,0,0,0,0
0,d_20160401,100,49.6,0,0,0,0,0,0,0,0,0
0.2,d_20160501,99.8,53.7,0,0,0,0,0,0,0,0,0
0.6,d_20160601,99.4,51.4,0,0,0,0,0,0,0,0,0
4,d_20160701,96,41.4,0,0,0,0,0,0,0,0,0
31.7,d_20160801,68.4,7.6,0,0,0,0,0,0,0,0,0
100,d_20160901,0,0,0,0,0,0,0,0,0,0,0
36,d_20161001,64,2.8,0,0,0,0,0,0,0,0,0
90.7,d_20161101,9.3,0,0,0,0,0,0,0,0,0,0
91,d_20161201,0,0,0,0,0,0,9.1,1.7,0,0,0
0,d_20170101,0,0,0,0,0,0,100.1,95.6,10.4,0,0
0,d_20170201,0,0,0,0,0,0,100,100,90.2,44.4,0
0,d_20170301,0,0,0,0,0,0,100,100,17.2,0,0
0,d_20170401,0,0,0,0,0,0,100,92.3,3.6,0,0
0,d_20170501,0,0,0,0,0,0,100,89.6,4.5,0,0
0,d_20170601,0,0,0,0,0,0,100,92.2,5.6,0,0
0,d_20170701,0,0,0,0,0,0,99.9,94.3,2.9,0,0
0,d_20170801,0,0,0,0,0,0,100,98,0,0,0
0,d_20170901,0,0,0,0,0,0,100,93.3,3.3,0,0
46,d_20171001,0,0,0,0,0,0,54,6.3,0,0,0
0,d_20171101,100.1,100.1,92.4,65,16.1,0,0,0,0,0,0
0,d_20171201,99.9,99.9,99.9,99.6,78.7,0,0,0,0,0,0
0,d_20180101,100,100,89.8,7.2,0,0,0,0,0,0,0
0,d_20180201,100,100,100,100,96.9,0,0,0,0,0,0
0,d_20180301,100,100,25.9,0,0,0,0,0,0,0,0
0,d_20180401,100,100,51.5,7.5,0,0,0,0,0,0,0
0,d_20180501,100,100,82.3,22.5,0,0,0,0,0,0,0
0,d_20180601,100,100,92.7,29.2,0,0,0,0,0,0,0
0,d_20180701,100,100,61.8,14.6,0,0,0,0,0,0,0
0,d_20180801,100,98.5,8.5,0,0,0,0,0,0,0,0
57.2,d_20180901,42.8,0.2,0,0,0,0,0,0,0,0,0
60.9,d_20181001,39.1,0.8,0,0,0,0,0,0,0,0,0
59.7,d_20181101,0,0,0,0,0,0,40.3,0,0,0,0
0,d_20181201,100,35,0,0,0,0,0,0,0,0,0
59.7,d_20190101,0,0,0,0,0,0,40.3,0,0,0,0
5.6,d_20190201,0,0,0,0,0,0,94.4,57,4.4,0,0
7.1,d_20190301,0,0,0,0,0,0,92.9,49.7,1.7,0,0
29,d_20190401,0,0,0,0,0,0,71,14.1,0,0,0
6,d_20190501,0,0,0,0,0,0,94,42.7,0,0,0
4.7,d_20190601,0,0,0,0,0,0,95.3,45.3,0,0,0
1,d_20190701,0,0,0,0,0,0,99,55.5,0,0,0
4.7,d_20190801,0,0,0,0,0,0,95.3,35.1,0,0,0
0,d_20190901,0,0,0,0,0,0,99.9,80.8,1.9,0,0
39.6,d_20191001,0,0,0,0,0,0,60.4,5.2,0,0,0
100,d_20191101,0,0,0,0,0,0,0,0,0,0,0
36.6,d_20191201,0,0,0,0,0,0,63.4,22.4,0,0,0
91.9,d_20200101,0,0,0,0,0,0,8.1,0,0,0,0
7,d_20200201,93,75.4,8.2,0,0,0,0,0,0,0,0
45.3,d_20200301,54.7,6.9,0,0,0,0,0,0,0,0,0
87.3,d_20200401,11,0,0,0,0,0,1.7,0,0,0,0
82.8,d_20200501,17.1,0,0,0,0,0,0.1,0,0,0,0
85.9,d_20200601,13.9,0,0,0,0,0,0.2,0,0,0,0
88.5,d_20200701,0,0,0,0,0,0,11.6,4.2,0,0,0
89,d_20200801,3.1,0,0,0,0,0,8,0.1,0,0,0
62.2,d_20200901,37.8,0.4,0,0,0,0,0,0,0,0,0
94.6,d_20201001,0,0,0,0,0,0,5.4,0,0,0,0
59.2,d_20201101,0,0,0,0,0,0,40.7,15.4,0,0,0
83.1,d_20201201,16.9,0,0,0,0,0,0,0,0,0,0
73,d_20210101,27,7.2,0,0,0,0,0,0,0,0,0
5.9,d_20210201,94.1,51.8,23,2.4,0,0,0,0,0,0,0
0,d_20210301,100,95.5,38.1,18.5,0,0,0,0,0,0,0
0,d_20210401,99.9,99.9,46.2,23.5,1.5,0,0,0,0,0,0
0,d_20210501,100.1,100.1,65.3,33.9,6.8,0,0,0,0,0,0
0,d_20210601,100.1,100.1,58.6,31.5,4.6,0,0,0,0,0,0
0,d_20210701,100,99.7,43.9,22,1.3,0,0,0,0,0,0
0,d_20210801,99.9,75.7,18.8,2.4,0,0,0,0,0,0,0
11.1,d_20210901,88.8,43.1,9.6,0.6,0,0,0,0,0,0,0
0,d_20211001,100,100,94.4,4.9,0,0,0,0,0,0,0
0,d_20211101,99.9,99.9,87.7,6.4,0,0,0,0,0,0,0
11,d_20211201,0,0,0,0,0,0,89,8.6,0,0,0