Species,Tree_id,Branch,Year,Sub-branch,LWM_g,LDM_g,SWM_g,SDM_g,L_cm,D_mm,Date,Notes,Area Of Leaf from scan ,Leaf Count,
L,2345,1,1,,2.701,1.512,0.835,0.442,12.22,2.135,3/8/23,,,12,
L,2380,3,1,,1.067,0.647,0.453,0.24,7.29,1.6225,3/8/23,,,8,
L,2377,1,0,,0.528,0.147,0.065,0.019,2.47,0.8575,3/8/23,,,6,
L,2352,1,1,,1.105,0.717,0.283,0.154,8.31,1.405,3/8/23,,,8,
B,2004,3,0,,0.274,0.083,0.056,0.016,2.21,NA,3/8/23,,,8,
L,2354,2,1,a,1.073,0.643,0.155,0.079,5.14,1.4875,3/8/23,,,9,
L,2377,4,1,b,0.204,0.123,0.279,0.132,4.01,2.265,3/8/23,,,1,
L,2354,2,1,b,0.205,0.114,0.036,0.017,1.66,1.09,3/8/23,,,4,
L,2354,2,2,,1.671,0.98,0.679,0.346,9.04,1.8075,3/8/23,,,3,
L,2352,4,1,,1.394,0.87,0.382,0.221,11.76,1.72,3/8/23,,,12,
L,2376,5,1,,0.681,0.283,0.055,0.052,2.82,1.34,3/8/23,,,4,
L,2380,2,1,a,2.45,1.5,0.56,0.272,8.24,1.965,3/8/23,,,12,
L,2354,1,1,,0.698,0.398,0.103,0.047,3.81,1.07,3/8/23,,,7,
L,2345,2,1,,0.932,0.529,0.355,0.176,4.87,1.845,3/8/23,,,5,
L,2354,4,1,,0.468,0.268,0.107,0.051,4.53,1.08,3/8/23,,,5,
L,2376,2,1,,2.404,1.156,0.291,0.123,5.27,1.585,3/8/23,,,9,
B,2004,4,0,,0.349,0.112,0.094,0.023,2.78,NA,3/8/23,,,11,
L,2380,1,1,a,1.373,0.857,0.215,0.131,3.56,1.76,3/8/23,,,8,
L,2301,3,1,,5.231,2.854,0.707,0.358,11.05,2.205,3/8/23,,,14,
L,2380,4,1,,0.959,0.586,0.329,0.191,5.69,1.715,3/8/23,,,6,
L,2376,6,1,,0.48,0.979,0.094,0.14,5.58,1.5875,3/8/23,,,7,
L,2376,1,1,,1.671,1.375,0.265,0.149,5.57,1.695,3/8/23,,,10,
B,2005,3,0,,2.067,0.689,0.214,0.066,3.47,NA,3/8/23,,,10,
L,2377,1,1,a,0.337,0.194,0.232,0.11,4.05,1.7575,3/8/23,,,3,
L,2377,1,1,b,0.169,0.094,0.057,0.027,1.83,1.0725,3/8/23,,,1,
L,2354,1,0,,0.299,0.086,0.044,0.012,2.31,0.4575,3/8/23,,,8,
B,2006,3,0,,0.55,0.169,0.042,0.012,1.1,NA,3/8/23,,,7,
L,2377,6,1,,0.698,0.386,0.155,0.077,5.13,1.485,3/8/23,,,9,
L,2331,6,1,,0.644,0.366,0.164,0.082,4.53,1.33,3/8/23,,,7,
L,2376,3,1,,2.035,1.059,0.243,0.122,5.16,1.5875,3/8/23,,,8,
L,2377,3,2,,2.334,1.341,0.847,0.435,12.85,2.2725,3/8/23,,,11,
L,2377,2,2,,1.143,0.696,0.288,0.15,3.81,1.7425,3/8/23,,,5,
L,2345,6,1,,2.864,1.609,0.706,0.334,10.24,1.915,3/8/23,,,14,
L,2354,4,2,,0.364,0.218,0.192,0.094,3.38,1.6,3/8/23,,,1,
L,2301,5,1,,0.99,0.559,0.097,0.047,1.99,1.44,3/8/23,,,4,
B,2005,1,0,,0.69,0.21,0.081,0.024,2.51,NA,3/8/23,,,8,
L,2377,4,0,a,1.419,0.385,0.087,0.027,2.91,1.0375,3/8/23,,,5,
L,2331,4,1,,1.716,0.956,0.288,0.141,4.95,1.5425,3/8/23,,,7,
L,2352,2,1,,1.452,0.904,0.508,0.298,13.53,1.915,3/8/23,,,12,
L,2345,4,1,,1.958,1.07,0.288,0.144,5.96,1.4625,3/8/23,,,9,
L,2352,3,1,,1.661,1.08,0.463,0.257,10.7,1.715,3/8/23,,,12,
B,2005,4,0,,0.828,0.251,0.103,0.029,2.26,NA,3/8/23,,,7,
L,2345,3,1,,1.903,1.068,0.446,0.221,6.18,1.76,3/8/23,,,9,
L,2354,3,1,,1.619,0.982,0.472,0.244,7.82,2.3875,3/8/23,,,6,
L,2331,2,1,,1.85,1.057,0.384,0.193,5.68,1.8275,3/8/23,,,9,
L,2377,3,1,,1.396,0.77,0.394,0.176,7.43,2.0075,3/8/23,,,8,
B,2004,2,0,,0.238,0.045,0.074,0.013,1.64,NA,3/8/23,,,9,
L,2377,4,1,,1.797,1.001,0.719,0.34,8.71,2.195,3/8/23,,,7,
L,2301,6,1,,3.784,2.031,0.572,0.283,11.03,1.9925,3/8/23,,,13,
B,2006,4,0,,0.244,0.079,0.043,0.012,1.26,NA,3/8/23,,,7,
L,2331,1,1,,1.427,0.844,0.678,0.369,10.76,2.135,3/8/23,,,8,
B,2006,2,0,,0.26,0.08,0.021,0.006,0.63,NA,3/8/23,,,7,
L,2377,2,1,,1.137,0.641,0.621,0.297,9.18,2.31,3/8/23,,,6,
L,2380,2,1,b,1.592,0.979,0.224,0.13,4.02,1.4925,3/8/23,,,11,
L,2301,2,1,,0.588,0.313,0.997,0.045,2.65,1.1475,3/8/23,,,5,
L,2331,3,1,,1.147,0.679,0.33,0.165,6.48,1.71,3/8/23,,,10,
L,2377,1,1,,2.559,1.405,0.631,0.317,9.61,2.2825,3/8/23,,,11, 
L,2377,3,1,,0.43,0.253,0.166,0.086,4.26,1.3725,3/8/23,,,7,
L,2301,4,1,,2.097,1.164,0.186,0.091,4.99,1.3025,3/8/23,,,10,
B,2004,1,0,,0.205,0.065,0.035,0.01,1.47,NA,3/8/23,,,9,
L,2345,5,1,,1.742,0.993,0.462,0.216,7.98,1.7375,3/8/23,,,10,
L,2377,5,1,,0.735,0.409,0.178,0.089,5.89,1.5,3/8/23,,,7,
B,2005,2,0,,1.385,0.435,0.144,0.042,2.85,NA,3/8/23,,,7,
L,2376,4,1,,1.842,0.388,0.24,0.027,1.41,1.1525,3/8/23,,,4,
L,2331,5,1,,1.105,0.584,0.246,0.125,4.23,1.5325,3/8/23,,,7,
L,2377,4,0,b,0.232,0.065,0.032,0.009,2.22,0.655,3/8/23,,,6,
L,2301,1,1,,2.02,1.133,0.285,0.143,7.49,1.58,3/8/23,,,9,
L,2377,4,1,a,0.491,0.307,0.061,0.032,1.95,1.4975,3/8/23,,,5,
L,2380,1,1,b,1.202,0.738,0.453,0.256,6.86,1.8775,3/8/23,,,8,
L,2377,2,1,,0.086,0.056,0.13,0.068,2.65,2.5025,3/8/23,,,1,
L,2354,2,0,,0.402,0.111,0.035,0.01,1.64,0.67,3/8/23,,,5,
B,2006,1,0,,0.434,0.137,0.025,0.007,0.68,NA,3/8/23,,,8,
B,2027,1,0,,0.751,0.31,0.037,0.014,0.96,NA,3/15/23,,,6,
L,2089,3,1,,0.86,0.523,0.205,0.115,4.65,1.2225,3/15/23,,,5,
L,2026,3,0,,0.6887,0.332,0.1036,0.046,2.55,1.055,3/15/23,,,9,
L,2303,1,0,a,1.7982,0.939,0.146,0.066,4.025,1.2175,3/15/23,,,7,
B,2379,1,0,,0.569,0.265,0.0214,0.009,0.83,NA,3/15/23,,,7,
L,2377,3,1,,0.7726,0.472,0.1162,0.064,1.91,1.385,3/15/23,,,6,
L,2345,2,0,b,0.208,0.058,0.0192,0.007,0.93,NA,3/15/23,,,6,
L,2091,1,1,,1.59,0.953,0.2103,0.114,3.491,1.77,3/15/23,,,12,
L,2345,1,0,a,0.1418,0.037,0.0208,0.005,1.06,NA,3/15/23,,,7,
L,2022,3,1,,0.4999,0.292,0.1469,0.072,3.07,1.6175,3/15/23,,,5,
L,2380,2,1,,0.7821,0.453,0.0523,0.028,1.59,1.305,3/15/23,,,7,
B,2006,1,0,,0.4585,0.165,0.0416,0.015,1.3,0.84,3/15/23,,,8,
L,2023,4,0,b,0.761,0.371,0.141,0.058,2.88,1.0425,3/15/23,,,4,
L,2091,2,1,,0.9837,0.609,0.2223,0.132,3.66,1.55,3/15/23,,,9,
L,2023,4,1,,0.193,0.116,0.085,0.044,1.68,1.5225,3/15/23,,,2,
L,2022,1,1,,1.051,0.625,0.129,0.07,2.82,1.5275,3/15/23,,,5,
B,2020,1,0,,0.557,0.227,0.048,0.018,1.92,0.84,3/15/23,,,7,
L,2023,2,1,b,0.1304,0.08,0.0587,0.031,1.46,1.1775,3/15/23,,,2,
B,2382,2,0,,0.914,0.388,0.082,0.032,2.57,1.06,3/15/23,,,7,
L,2352,3,0,,0.085,0.031,0.012,0.004,0.99,NA,3/15/23,,,2,
L,2023,2,0,a,0.4621,0.238,0.0131,0.006,0.62,1.3675,3/15/23,,,3,
B,2025,3,0,,0.415,0.205,0.052,0.024,2.15,1.0325,3/15/23,,,9,
B,2378,2,0,,1.523,0.657,0.288,0.113,4.65,1.53,3/15/23,,,11,
L,2380,1,1,,0.9233,0.514,0.1323,0.067,2.77,1.3375,3/15/23,,,10,
L,2301,1,1,,3.2085,1.805,0.4124,0.223,8.52,1.7,3/15/23,,,11,
L,2303,1,1,,1.227,0.744,0.162,0.082,1.96,1.7825,3/15/23,,,4,
B,2020,2,0,,0.489,0.213,0.039,0.015,1.26,0.8525,3/15/23,,,6,
L,2352,1,0,,0.614,0.347,0.07,0.034,2.33,1.0125,3/15/23,,,6,
B,2007,1,0,,0.5225,0.235,0.0436,0.017,1.98,0.7075,3/15/23,,,8,
L,2089,2,0,a,0.278,0.156,0.035,0.02,2.01,0.82,3/15/23,,,5,
L,2091,3,1,,1.1657,0.714,0.1638,0.095,3.39,1.555,3/15/23,,,11,
L,2026,1,0,,0.5381,0.263,0.0972,0.026,1.93,0.7775,3/15/23,,,8,
B,2005,1,0,,1.97,0.819,0.194,0.074,2.93,1.495,3/15/23,,,9,
L,2331,2,0,,0.2566,0.078,0.0255,0.009,1.22,NA,3/15/23,,,5,
L,2352,3,1,,0.194,0.117,0.037,0.02,1.92,0.8975,3/15/23,,,4,
B,2020,3,0,,0.477,0.216,0.031,0.012,1.2,0.8525,3/15/23,,,6,
L,2023,3,1,,1.359,0.826,0.241,0.127,4.62,1.685,3/15/23,,,7,
B,2379,3,0,,0.5032,0.224,0.0413,0.017,0.75,NA,3/15/23,,,5,
L,2093,2,1,,1.8806,0.124,0.0428,0.104,2.69,1.63,3/15/23,,,12,
B,2378,1,0,,0.615,0.279,0.124,0.05,2.75,1.015,3/15/23,,,7,
B,2006,3,0,,0.225,0.081,0.0264,0.01,0.78,NA,3/15/23,,,6,
L,2352,2,1,,0.41,0.242,0.034,0.018,1.37,0.92,3/15/23,,,5,
B,2025,2,0,,0.943,0.447,0.163,0.069,4.34,1.3975,3/15/23,,,11,
B,2021,1,0,,0.404,0.2,0.045,0.018,1.21,NA,3/15/23,,,5,
L,2352,1,1,,0.2,0.122,0.2,0.112,6.39,1.265,3/15/23,,,1,
B,2024,1,0,,1.72,0.714,0.208,0.078,3.63,1.6175,3/15/23,,,9,
B,2008,1,0,,0.505,0.173,0.03,0.011,0.9,NA,3/15/23,,,4,
L,2331,2,1,,0.5628,0.34,0.199,0.109,4.63,1.5025,3/15/23,,,3,
B,2024,4,0,,0.939,0.35,0.203,0.074,4.82,1.65,3/15/23,,,9,
B,2025,4,0,,0.657,0.322,0.098,0.043,3.21,1.2475,3/15/23,,,10,
L,2023,2,0,b,1.3048,0.65,0.1037,0.046,3.43,1.02,3/15/23,,,6,
L,2345,3,1,,2.0648,1.212,0.3191,0.177,5.41,1.76,3/15/23,,,11,
L,2023,4,0,a,1.513,0.742,0.176,0.076,5.03,1.285,3/15/23,,,6,
L,2345,1,1,a,2.5494,1.486,0.2795,0.147,4.39,1.775,3/15/23,,,8,
L,2089,2,1,,1.062,0.622,0.278,0.157,6.85,1.5625,3/15/23,,,6,
B,2008,3,0,,0.913,0.317,0.06,0.021,1.5,NA,3/15/23,,,9,
B,2381,1,0,,0.594,0.226,0.056,0.02,0.96,NA,3/15/23,,,5,
B,2004,2,0,,0.512,0.189,0.09,0.032,2.2,1.18,3/15/23,,,11,
L,2301,3,1,,1.9497,1.1,0.2815,0.148,7.56,1.4025,3/15/23,,,10,
L,2092,1,1,,0.3787,0.233,0.0811,0.043,2.04,1.4275,3/15/23,,,5,
L,2023,3,0,,1.058,0.548,0.088,0.041,1.84,1.2925,3/15/23,,,5,
L,2023,2,0,c,1.0261,0.52,0.112,0.05,4.41,1.0075,3/15/23,,,5,
L,2345,1,1,,2.4007,1.412,0.4181,0.227,7.02,2.0275,3/15/23,,,9,
L,2023,2,1,a,0.4375,0.269,0.1647,0.086,3.57,1.3525,3/15/23,,,4,
B,2027,2,0,,1.026,0.402,0.042,0.016,1.05,NA,3/15/23,,,7,
B,2379,2,0,,0.5888,0.27,0.0298,0.013,0.8,0.7775,3/15/23,,,7,
L,2301,2,1,,2.3277,1.344,0.3994,0.213,9.51,1.425,3/15/23,,,9,
L,2345,2,1,,1.6601,0.977,0.3092,0.173,5.59,1.6375,3/15/23,,,8,
L,2089,1,1,,2.377,1.421,NA,0.267,8.55,1.9725,3/15/23,,,8,
L,2023,1,0,c,0.256,0.133,0.0252,0.013,0.86,1.125,3/15/23,,,2,
B,2382,3,0,,1.123,0.485,0.082,0.032,2.19,1.15,3/15/23,,,7,
L,2089,4,0,,0.752,0.438,0.098,0.051,3.17,1.3375,3/15/23,,,8,
L,2377,1,1,,2.0381,1.258,0.466,0.259,7.75,1.905,3/15/23,,,11,
B,2006,2,0,,0.9156,0.326,0.0534,0.02,1.38,1.6475,3/15/23,,,8,
B,2384,3,0,,0.2467,0.106,0.0109,0.004,0.61,NA,3/15/23,Previous LWM 0.247 and LDM 0.109 ,,6,
B,2378,4,0,,0.452,0.208,0.086,0.035,2.21,0.99,3/15/23,,,7,
B,2378,3,0,,0.827,0.376,0.161,0.065,4.02,1.345,3/15/23,,,9,
B,2020,4,0,,0.277,0.124,0.018,0.007,0.7,0.71,3/15/23,,,3,
L,2022,3,0,,3.2876,1.546,0.2367,0.089,3.42,1.57,3/15/23,,,8,
B,2007,3,0,,0.29,0.133,NA,0.009,1.09,NA,3/15/23,,,7,
L,2092,3,1,,0.7635,0.445,0.1311,0.066,3.5,1.3525,3/15/23,,,12,
L,2022,2,0,,1.921,0.934,0.253,0.093,2.5,1.455,3/15/23,,,7,
L,2331,1,1,,2.0409,1.282,0.4136,0.245,7.13,1.9575,3/15/23,,,9,
L,2345,1,1,b,1.3859,0.824,NA,0.089,4.83,1.345,3/15/23,,,9,
B,2384,2,0,,0.3051,0.131,0.0271,0.011,0.86,NA,3/15/23,,,6,
L,2089,3,0,,0.756,0.453,0.075,0.044,3.22,1.1225,3/15/23,,,8,
B,2027,3,0,,0.315,0.135,0.012,0.005,0.5,NA,3/15/23,,,5,
L,2023,1,0,b,2.4075,1.259,0.2134,0.097,5.29,1.5125,3/15/23,,,7,
B,2381,2,0,,0.482,0.191,0.028,0.011,0.8,NA,3/15/23,,,6,
B,2025,1,0,,0.854,0.393,0.133,0.055,3.41,1.305,3/15/23,,,9,
L,2345,3,1,b,1.7134,1.066,0.1643,0.098,4.43,1.7575,3/15/23,,,9,
L,2345,1,0,b,0.237,0.131,0.0333,0.017,1.23,0.97,3/15/23,,,4,
L,2022,2,1,,0.6215,0.361,0.0565,0.098,3.61,1.7025,3/15/23,,,6,
L,2026,2,0,,0.2398,0.114,0.0302,0.013,1.48,0.6925,3/15/23,,,7,
L,2022,1,0,,1.172,0.567,0.108,0.046,2.01,1.28,3/15/23,,,8,
B,2005,3,0,,1.485,0.624,0.184,0.072,3.75,1.37,3/15/23,,,8,
L,2345,3,1,a,1.755,1.052,0.3197,0.182,7.55,2.0725,3/15/23,,,8,
L,2093,1,1,,1.357,0.806,0.174,0.093,3.24,1.5825,3/15/23,,,12,
B,2004,1,0,,0.656,0.238,0.129,0.043,3.55,1.21,3/15/23,,,13,
L,2345,2,1,a,1.2522,0.763,0.1533,0.088,5.39,1.595,3/15/23,,,8,
B,2381,3,0,,0.905,0.365,0.041,0.015,0.85,NA,3/15/23,,,6,
B,2021,3,0,,0.793,0.377,0.061,0.025,1.48,NA,3/15/23,,,12,
B,2021,3,0,,0.793,0.377,0.061,0.025,1.48,NA,3/15/23,,,9,
B,2384,1,0,,0.1294,0.114,0.0186,0.007,0.77,NA,3/15/23,,,5,
B,2007,2,0,,0.5294,0.245,0.0266,0.011,0.99,0.605,3/15/23,,,7,
L,2092,2,1,,0.4471,0.272,0.0492,0.027,1.6,1.4625,3/15/23,,,9,
B,2005,2,0,,2.143,0.893,0.275,0.104,4.21,1.6825,3/15/23,,,10,
L,2089,2,0,b,0.561,0.325,0.056,0.031,2.82,1.1875,3/15/23,,,7,
L,2377,2,1,,1.6459,1.005,0.2738,0.152,5.83,1.9225,3/15/23,,,10,
L,2345,2,1,b,1.6052,0.989,0.1212,0.066,3.33,1.52,3/15/23,,,8,
B,2024,2,0,,1.602,0.653,0.146,0.057,2.87,1.34,3/15/23,,,9,
B,2382,1,0,,1.272,0.562,0.279,0.106,6.41,1.305,3/15/23,,,9,
L,2380,3,1,,0.6676,0.407,0.0764,0.043,1.82,1.1125,3/15/23,,,7,
B,2021,2,0,,0.82,0.398,0.089,0.038,2.05,NA,3/15/23,,,10,
B,2004,3,0,,0.507,0.193,0.059,0.022,1.67,1.05,3/15/23,,,11,
L,2331,3,0,,0.4853,0.193,0.102,0.037,3.6,0.9625,3/15/23,,,8,
L,2089,4,1,,1.152,0.701,0.271,0.156,6.52,1.725,3/15/23,,,7,
B,2008,2,0,,0.802,0.291,0.033,0.012,1.16,NA,3/15/23,,,6,
L,2331,3,1,,1.0484,0.642,0.2059,0.111,4.83,1.4575,3/15/23,,,7,
B,2024,3,0,,1.128,0.43,0.26,0.094,5.23,1.5725,3/15/23,,,7,
L,2093,3,1,,1.3837,0.822,0.1204,0.067,2.58,1.4175,3/15/23,,,9,
L,2376,3,1,,2.062,1.192,0.254,0.14,15.29,1.585,3/30/23,,,10,
L,2377,2,1,,1.456,0.855,0.825,0.372,8.84,2.1975,3/30/23,,,12,
B,2009,6,0,,0.409,0.097,0.04,0.013,1.06,0.7475,3/30/23,,,5,
B,2372,1,0,,0.585,0.174,0.059,0.019,1.31,NA,3/30/23,,,7,
B,2371,3,0,,0.389,0.111,0.037,0.012,1.52,0.7,3/30/23,,,5,
B,2382,1,0,,1.004,0.499,0.167,0.075,4.24,1.1075,3/30/23,,,7,
B,2020,2,0,,1.515,0.69,0.281,0.104,3.19,1.6625,3/30/23,,,11,
L,2331,1,1,,1.168,0.977,0.296,0.168,7.75,1.685,3/30/23,,,10,
B,2379,3,0,,0.362,0.182,0.02,0.008,0.78,NA,3/30/23,,,6,
B,2360,3,0,,1.023,0.445,0.085,0.034,2.08,1.1375,3/30/23,,,8,
B,2384,3,0,,0.392,0.184,0.023,0.009,0.87,NA,3/30/23,,,6,
L,2380,2,0,,1.289,0.603,0.052,0.02,1.42,0.6475,3/30/23,,,7,
L,2377,3,1,,2.578,1.468,0.619,0.334,9.49,2.1975,3/30/23,,,11,
B,2373,2,0,,0.654,0.177,0.051,0.014,1.08,1,3/30/23,,,6,
B,2383,1,0,,0.488,0.239,0.038,0.017,0.9,1.015,3/30/23,,,4,
L,2301,3,1,,0.772,0.462,0.267,0.151,6.64,1.4425,3/30/23,,,5,
L,2376,1,1,,4.579,2.427,0.699,0.37,7.68,2.4625,3/30/23,,,9,
B,2371,1,0,,0.449,0.126,0.029,0.009,1.24,0.5125,3/30/23,,,5,
L,2377,1,0,,2.633,0.86,0.469,0.143,9.37,1.59,3/30/23,,,13,
L,2331,3,1,,1.136,0.659,0.156,0.088,4.87,1.2275,3/30/23,,,9,
L,2301,2,1,,1.453,0.867,0.123,0.065,3.35,1.17,3/30/23,,,9,
L,2354,1,1,,2.28,1.209,0.488,0.257,9.22,2.34,3/30/23,,,8,
L,2377,1,1,,8,0.792,0.91,0.4,7.78,2.2475,3/30/23,,,8,
L,2380,3,1,,0.656,0.374,0.067,0.034,1.7,1.0575,3/30/23,,,10,
L,2301,1,1,,3.336,1.967,0.218,0.128,4.83,1.7175,3/30/23,,,11,
L,2377,2,0,,2.961,1.044,0.489,0.16,9.55,1.5175,3/30/23,,,19,
B,2378,3,0,,1.254,0.581,0.17,0.073,2.33,1.085,3/30/23,,,9,
B,2379,2,0,,0.416,0.211,0.046,0.022,1.05,NA,3/30/23,,,6,
L,2345,1,1,,1.696,0.943,0.418,0.209,6.84,1.8325,3/30/23,,,10,
B,2347,2,0,,0.434,0.152,0.062,0.018,1.09,0.8175,3/30/23,,,4,
B,2009,5,0,,0.527,0.167,0.045,0.014,1.38,1.3825,3/30/23,,,5,
B,2343,2,0,,0.751,0.262,0.123,0.039,2.64,1.2125,3/30/23,,,6,
L,2380,2,1,,1.276,0.694,0.279,0.145,5.87,1.595,3/30/23,,,7,
L,2380,1,0,,0.379,0.101,0.033,0.01,1.32,NA,3/30/23,,,7,
L,2345,3,1,,2.008,1.122,0.618,0.33,10.37,1.945,3/30/23,,,11,
B,2009,3,0,,0.617,0.249,0.059,0.024,1.41,1.06,3/30/23,,,5,
B,2346,2,0,,0.742,0.326,0.093,0.038,2.52,1,3/30/23,,,6,
B,2373,1,0,,0.452,0.125,0.047,0.014,1.36,0.87,3/30/23,,,6,
B,2382,2,0,,0.812,0.411,0.15,0.069,3.37,0.995,3/30/23,,,7,
L,2376,2,1,,2.119,1.161,0.293,0.158,5.71,1.62,3/30/23,,,7,
L,2380,1,1,,0.534,0.287,0.073,0.034,1.9,0.8625,3/30/23,,,6,
L,2352,1,0,,0.606,0.27,0.032,0.013,1.86,NA,3/30/23,,,5,
B,2370,3,0,,0.218,0.065,0.02,0.007,0.84,NA,3/30/23,,,6,
L,2354,2,1,,2.269,1.259,0.313,0.17,7.09,1.8125,3/30/23,,,10,
B,2378,2,0,,1.068,0.506,0.294,0.125,4.11,1.575,3/30/23,,,7,
B,2382,3,0,,0.876,0.432,0.05,0.021,1.24,1.0875,3/30/23,,,6,
B,2381,1,0,,0.826,0.387,0.092,0.037,1.49,1.2825,3/30/23,,,7,
L,2352,2,0,,0.294,0.131,0.039,0.015,2.18,NA,3/30/23,,,4,
B,2347,1,0,,1.027,0.357,0.094,0.028,1.29,NA,3/30/23,,,7,
B,2370,2,0,,0.249,0.073,0.014,0.003,0.75,NA,3/30/23,,,7,
L,2354,3,0,,0.215,0.057,0.035,0.01,1.35,NA,3/30/23,,,4,
L,2352,2,1,,0.782,0.486,0.242,0.131,6,1.4775,3/30/23,,,3,
B,2360,2,0,,0.764,0.327,0.049,0.016,1.2,NA,3/30/23,,,7,
B,2020,1,0,,0.803,0.361,0.104,0.041,1.6,1.2475,3/30/23,,,7,
B,2381,2,0,,1.067,0.496,0.106,0.044,2.03,1.2675,3/30/23,,,9,
B,2384,1,0,,0.388,0.182,0.022,0.008,0.77,NA,3/30/23,,,5,
B,2343,1,0,,0.812,0.291,0.107,0.035,2.18,NA,3/30/23,,,6,
L,2352,3,1,,0.955,0.605,0.246,0.147,6.51,1.35,3/30/23,,,4,
B,2346,3,0,,0.637,0.295,0.146,0.058,2.83,1.0025,3/30/23,,,8,
B,2009,2,0,,0.674,0.271,0.08,0.032,1.33,0.8225,3/30/23,,,6,
L,2345,2,1,,2.153,1.148,0.625,0.339,10.37,1.97,3/30/23,,,12,
B,2383,2,0,,0.55,0.276,0.031,0.012,0.84,0.995,3/30/23,,,6,
L,2354,3,1,,3.496,1.903,0.522,0.273,7.98,2.2275,3/30/23,,,10,
L,2331,2,1,,1.453,0.815,0.304,0.167,8.12,1.44,3/30/23,,,8,
B,2009,4,0,,0.892,0.334,0.066,0.023,1.25,1.26,3/30/23,,,8,
B,2347,3,0,,0.627,0.22,0.088,0.027,1.08,NA,3/30/23,,,4,
B,2372,2,0,,0.325,0.099,0.03,0.007,0.88,NA,3/30/23,,,5,
B,2372,3,0,,0.876,0.258,0.058,0.016,1.26,NA,3/30/23,,,9,
B,2009,1,0,,0.502,0.195,0.049,0.019,1.28,0.865,3/30/23,,,5,
B,2370,1,0,,0.304,0.088,0.016,0.005,0.65,NA,3/30/23,,,7,
B,2346,1,0,,0.51,0.232,0.051,0.02,1.64,0.99,3/30/23,,,6,
B,2378,1,0,,1.182,0.526,0.167,0.07,3.38,1.2925,3/30/23,,,9,
B,2384,2,0,,0.587,0.277,0.035,0.015,0.98,1.025,3/30/23,,,6,
B,2381,3,0,,1.043,0.468,0.124,0.051,2.17,1.3025,3/30/23,,,8,
B,2343,3,0,,0.782,0.277,0.071,0.022,1.99,1.145,3/30/23,,,7,
B,2379,1,0,,1.024,0.515,0.094,0.045,1.47,1.2725,3/30/23,,,9,
B,2373,3,0,,0.37,0.108,0.064,0.019,1.3,NA,3/30/23,,,6,
B,2360,1,0,,0.412,0.18,0.026,0.008,0.83,NA,3/30/23,,,6,
L,2301,3,0,,0.234,0.139,0.042,0.022,1.02,NA,3/30/23,,,5,
B,2383,3,0,,0.751,0.269,0.075,0.032,1.44,1.16,3/30/23,,,6,
B,2020,3,0,,1.223,0.539,0.192,0.07,2.07,1.4475,3/30/23,,,9,
B,2371,2,0,,0.53,0.152,0.039,0.012,1.05,NA,3/30/23,,,6,
B,2007,2,0,,0.37,0.194,0.051,0.022,1.27,0.6,4/4/23,,,6,
B,2012,2,0,,0.342,0.126,0.036,0.013,1.3,0.6575,4/4/23,,,7,
B,1478,3,0,,0.596,0.223,0.112,0.036,2.98,1.18,4/4/23,,,7,
B,2031,1,0,,1.398,0.732,0.123,0.06,1.97,1.355,4/4/23,,,9,
B,2025,2,0,,0.79,0.396,0.059,0.026,1.49,1.0175,4/4/23,,,10,
B,2026,3,0,,0.42,0.216,0.069,0.032,1.81,0.7825,4/4/23,,,7,
L,2022,2,1,,0.829,0.499,0.091,0.045,2.2,1.39,4/4/23,,,5,
B,2015,3,0,,0.615,0.302,0.089,0.035,2.65,0.985,4/4/23,,,9,
B,2090,1,0,,0.699,0.319,0.089,0.032,2.08,0.95,4/4/23,,,6,
L,2030,2,3,,0.198,0.107,0.018,0.006,0.86,0.5725,4/4/23,changed from Y1 ->  Y3 cuz envelope,,2,
L,2022,1,0,,2.682,1.41,0.233,0.098,4.06,1.3825,4/4/23,,,8,
B,2088,2,0,,0.422,0.179,0.063,0.024,2.1,1.0075,4/4/23,,,7,
L,2093,1,0,,0.219,0.14,0.073,0.034,1.75,0.9025,4/4/23,,,8,
L,2023,3,0,,1.893,1.027,0.088,0.041,2.16,1.215,4/4/23,,,5,
B,2007,3,0,,1.023,0.54,0.199,0.091,5.73,1.3425,4/4/23,,,11,
B,2024,2,0,,1.599,0.783,0.134,0.061,1.47,1.65,4/4/23,**changed from branch 3 to 2 cuz envelope,,7,
B,2014,2,0,,0.698,0.301,0.113,0.037,2.92,1,4/4/23,,,7,
B,2012,3,0,,0.131,0.048,0.014,0.005,0.92,NA,4/4/23,,,5,
L,2089,1,1,,1.761,0.998,0.26,0.136,4.82,1.6475,4/4/23,,,10,
L,2023,2,1,,0.857,0.512,0.121,0.062,1.53,1.8875,4/4/23,,,3,
B,2027,2,0,,1.086,0.543,0.087,0.039,1.43,1.03,4/4/23,,,7,
L,2028,1,1,,3.514,1.894,0.178,0.08,3.8,1.58,4/4/23,,,10,
B,2026,1,0,,0.821,0.425,0.128,0.06,2.49,1.1875,4/4/23,,,11,
B,2028,2,0,,0.782,0.397,0.059,0.025,1.5,0.88,4/4/23,,,7,
B,2006,3,0,,0.443,0.216,0.026,0.009,0.66,NA,4/4/23,,,7,
L,2023,1,0,,2.298,1.221,0.325,0.152,6.26,1.5075,4/4/23,,,6,
B,2087,2,0,,0.753,0.298,0.084,0.031,1.55,0.835,4/4/23,,,8,
B,2028,3,0,,0.516,0.278,0.045,0.02,1.19,0.9575,4/4/23,,,6,
B,2007,1,0,,0.619,0.327,0.064,0.028,1.9,0.895,4/4/23,,,8,
L,2023,2,0,a,1.355,0.722,0.223,0.104,5.21,1.2975,4/4/23,,,6,
B,2020,2,0,,0.52,0.264,0.029,0.013,0.87,0.71,4/4/23,,,5,
B,2008,1,0,,0.737,0.384,0.05,0.022,1.76,0.8325,4/4/23,,,6,
B,2087,1,0,,1.65,0.577,0.323,0.101,4.15,1.315,4/4/23,,,12,
B,2005,3,0,,1.046,0.515,0.108,0.05,2.44,0.9325,4/4/23,,,7,
B,2013,3,0,,0.658,0.209,0.174,0.054,3.86,1.08,4/4/23,,,12,
B,2025,3,0,,0.739,0.39,0.063,0.029,1.67,1.2975,4/4/23,,,10,
B,2014,1,0,,0.834,0.344,0.205,0.069,3.73,1.2575,4/4/23,,,7,
B,2031,3,0,,1.207,0.647,0.064,0.032,1.1,1.28,4/4/23,,,7,
B,2021,3,0,,0.376,0.198,0.036,0.016,1.07,0.8525,4/4/23,,,6,
L,2022,3,1,,0.77,0.471,0.132,0.067,3.45,1.505,4/4/23,,,8,
B,2013,1,0,,0.536,0.177,0.165,0.049,4.25,0.9775,4/4/23,,,10,
L,2091,3,1,,1.514,0.92,0.296,0.161,4.89,1.795,4/4/23,,,13,
L,2089,2,1,,0.865,0.525,0.053,0.031,2.31,1.005,4/4/23,,,7,
L,2089,3,1,,2.047,1.247,0.566,0.316,7.34,1.91,4/4/23,,,17,
L,2092,2,1,,1.626,0.957,0.146,0.077,3.23,1.27,4/4/23,,,8,
B,2012,1,0,,0.355,0.141,0.019,0.007,0.5,NA,4/4/23,,,4,
B,2085,1,0,,0.382,0.142,0.048,0.018,1.22,1.0125,4/4/23,,,5,
B,2008,3,0,,0.678,0.357,0.055,0.024,1.55,0.8,4/4/23,,,6,
B,2086,1,0,,1.291,0.546,0.217,0.084,3.06,1.3275,4/4/23,,,9,
B,2021,1,0,,0.713,0.372,0.043,0.019,1.08,0.8,4/4/23,,,7,
B,1478,2,0,,0.73,0.249,0.111,0.033,2.65,0.9975,4/4/23,,,7,
B,2088,3,0,,0.76,0.316,0.095,0.034,2.39,1.0525,4/4/23,,,7,
L,2091,1,1,,1.337,0.807,0.157,0.09,3.69,1.5075,4/4/23,,,11,
B,2028,1,0,,0.961,0.521,0.125,0.055,2.53,1.2075,4/4/23,,,7,
L,2023,2,0,b,1.452,0.76,0.229,0.103,5.63,1.31,4/4/23,,,8,
L,2030,3,1,,1.212,0.67,0.081,0.04,2.4,1.065,4/4/23,,,8,
B,2008,2,0,,0.942,0.48,0.053,0.023,1.43,0.9725,4/4/23,,,7,
L,2092,3,1,,0.959,0.588,0.294,0.148,5.04,1.8725,4/4/23,,,13,
B,2025,1,0,,0.483,0.248,0.037,0.017,1.29,0.795,4/4/23,,,8,
L,2022,2,0,,0.124,0.063,0.014,0.005,0.55,NA,4/4/23,,,2,
L,2022,3,0,,0.226,0.117,0.044,0.018,1.73,0.59,4/4/23,,,4,
L,2023,1,1,,3.529,2.072,0.573,0.289,6.83,2.2025,4/4/23,,,8,
B,2087,3,0,,0.838,0.332,0.079,0.03,1.79,1.07,4/4/23,,,7,
B,2004,1,0,,1.157,0.585,0.325,0.143,5.25,1.5575,4/4/23,,,16,
B,2006,1,0,,0.737,0.362,0.03,0.013,0.81,1.0925,4/4/23,,,6,
L,2093,1,1,,2.66,1.676,0.534,0.308,8.26,1.9,4/4/23,,,8,
B,2004,3,0,,0.583,0.305,0.075,0.034,1.93,0.9925,4/4/23,,,9,
B,2021,2,0,,0.936,0.494,0.11,0.05,2.33,1.165,4/4/23,,,10,
B,2024,1,0,,1.315,0.644,0.175,0.077,2.35,1.3725,4/4/23,,,8,
L,2093,3,1,,1.436,0.91,0.254,0.146,5.66,1.43,4/4/23,,,9,
B,2085,2,0,,0.543,0.206,0.124,0.042,2.83,1.2025,4/4/23,,,8,
B,2027,1,0,,0.989,0.509,0.089,0.04,1.35,1.0775,4/4/23,,,7,
L,2022,1,1,,0.656,0.392,0.335,0.165,5.43,1.665,4/4/23,,,7,
B,2027,3,0,,0.422,0.211,0.044,0.019,1.1,0.8475,4/4/23,,,6,
B,2020,1,0,,0.529,0.259,0.056,0.022,1.34,NA,4/4/23,,,6,
B,2020,3,0,,0.462,0.23,0.021,0.008,0.81,NA,4/4/23,,,7,
B,2005,2,0,,1.284,0.617,0.108,0.049,1.72,1.3325,4/4/23,,,8,
B,2031,2,0,,0.266,0.144,0.012,0.006,0.43,NA,4/4/23,,,3,
L,2091,2,1,,1.045,0.62,0.141,0.079,3.41,1.46,4/4/23,,,10,
L,2092,2,0,,0.141,0.047,0.066,0.019,1.54,NA,4/4/23,,,13,
B,2014,3,0,,0.734,0.304,0.106,0.036,2.58,1.04,4/4/23,,,7,
L,2093,2,1,,1.265,0.819,0.319,0.184,6.25,1.6725,4/4/23,,,9,
L,2028,2,1,,3.176,1.631,0.187,0.079,3.96,1.23,4/4/23,,,8,
B,2086,2,0,,0.963,0.357,0.192,0.07,3.07,1.285,4/4/23,,,6,
L,2092,1,1,,0.385,0.237,0.112,0.06,3.17,1.2375,4/4/23,,,9,
B,2013,2,0,,0.34,0.126,0.018,0.006,0.58,NA,4/4/23,,,4,
B,2088,1,0,,0.264,0.117,0.033,0.013,1.08,0.7875,4/4/23,,,6,
L,2023,3,1,,0.984,0.601,0.329,0.182,6.8,1.5925,4/4/23,,,4,
B,2004,2,0,,0.958,0.502,0.184,0.082,3.34,1.2175,4/4/23,,,15,
B,2090,2,0,,0.892,0.369,0.114,0.042,2.64,0.95,4/4/23,,,8,
B,2085,3,0,,0.637,0.253,0.068,0.024,1.8,1.0475,4/4/23,,,6,
B,2090,3,0,,0.515,0.233,0.062,0.024,1.6,0.7275,4/4/23,,,6,
B,2015,2,0,,0.619,0.298,0.095,0.039,2.26,0.9375,4/4/23,,,8,
L,2030,1,1,,0.351,0.192,0.024,0.01,1.07,0.63,4/4/23,,,3,
B,1478,1,0,,0.817,0.275,0.245,0.07,6.03,1.0525,4/4/23,,,14,
B,2005,1,0,,0.971,0.463,0.109,0.048,2.29,1.0275,4/4/23,,,7,
B,2026,2,0,,0.557,0.296,0.107,0.051,1.9,0.9475,4/4/23,,,8,
B,2006,2,0,,0.553,0.274,0.032,0.013,0.84,NA,4/4/23,,,8,
L,2093,3,0,,0.193,0.121,0.04,0.017,0.67,NA,4/4/23,,,4,
B,2086,3,0,,1.11,0.456,0.096,0.037,1.45,NA,4/4/23,,,7,
B,2015,1,0,,0.867,0.417,0.298,0.116,5.98,1.2125,4/4/23,,,11,
B,2024,3,0,,0.898,0.485,0.088,0.04,1.35,1.1225,4/4/23,,,6,
L,2028,3,1,,0.862,0.454,0.055,0.024,2.55,0.825,4/4/23,,,7,
L,2345,3,0,,1.036,0.624,0.296,0.186,6.45,1.4025,4/25/23,Repeat of cell A-448,,8,
B,2381,2,0,,0.673,0.372,0.049,0.027,0.91,1.165,4/25/23,,,6,
B,2384,3,0,,0.367,0.21,0.033,0.018,1.01,0.92,4/25/23,,,5,
B,2346,1,0,,0.381,0.212,0.026,0.014,0.81,0.8175,4/25/23,,,7,
B,2011,3,0,,0.776,0.428,0.057,0.028,0.93,1.3075,4/25/23,,,7,
B,2378,1,0,,1.337,0.725,0.232,0.129,2.39,1.5025,4/25/23,,,9,
L,2377,3,0,,1.356,0.751,0.254,0.131,6.66,1.4625,4/25/23,,,13,
L,2345,1,1,,1.876,1.12,0.332,0.212,7.27,1.5875,4/25/23,,,9,
B,2381,1,0,,0.974,0.532,0.079,0.043,1.35,1.3125,4/25/23,,,8,
L,2352,3,1,,0.465,0.314,0.059,0.038,2.23,1.18,4/25/23,,,3,
L,2380,1,0,,0.422,0.269,0.082,0.054,2.07,1.3225,4/25/23,,,7,
L,2331,1,1,,1.776,1.144,0.327,0.217,7.35,1.865,4/25/23,,,9,
L,2301,3,1,,2.043,1.277,0.229,0.145,5.72,1.435,4/25/23,,,9,
L,2354,3,1,,0.235,0.147,0.15,0.087,4.66,1.2475,4/25/23,,,4,
B,2365,3,0,,0.509,0.275,0.032,0.018,0.89,3.74,4/25/23,,,8,
B,2367,2,0,,0.351,0.191,0.022,0.012,1,0.75,4/25/23,,,6,
B,2343,3,0,,0.954,0.527,0.116,0.062,1.98,1.275,4/25/23,,,7,
L,2352,1,1,,0.834,0.54,0.152,0.098,5.18,1.33,4/25/23,,,6,
B,2384,1,0,,0.605,0.346,0.064,0.037,1.37,1.2925,4/25/23,,,9,
L,2377,2,0,,0.509,0.29,0.077,0.04,2.94,1.0775,4/25/23,,,9,
L,2377,1,1,,0.079,0.051,0.05,0.029,1.11,1.6,4/25/23,,,3,
L,2354,2,1,,0.252,0.153,0.054,0.031,2.06,1.085,4/25/23,,,3,
L,2345,2,1,,1.067,0.636,0.249,0.158,5.89,1.68,4/25/23,,,7,
L,2376,2,1,,1.964,1.214,0.298,0.19,6.4,1.625,4/25/23,,,9,
L,2331,1,0,,0.344,0.192,0.058,0.034,2.2,0.9875,4/25/23,,,4,
B,2009,1,0,,0.974,0.547,0.118,0.064,2.05,1.335,4/25/23,,,8,
B,2383,3,0,,0.427,0.25,0.037,0.02,1.04,1.0525,4/25/23,,,7,
L,2377,3,1,,0.353,0.225,0.28,0.166,4.81,1.8275,4/25/23,,,6,
L,2301,2,1,,2.717,1.666,0.303,0.187,5.32,1.7375,4/25/23,,,10,
B,2382,3,0,,0.531,0.312,0.044,0.025,1.19,1.065,4/25/23,,,6,
B,2381,3,0,,1.086,0.59,0.097,0.051,1.5,1.33,4/25/23,,,8,
L,2380,3,1,,1.302,0.849,0.217,0.147,4.45,1.4875,4/25/23,,,9,
L,2354,1,0,,0.778,0.419,0.05,0.025,2.65,0.8625,4/25/23,,,7,
B,2011,1,0,,0.781,0.431,0.078,0.039,1.2,1.15,4/25/23,,,7,
B,2372,2,0,,0.759,0.413,0.04,0.021,1.11,0.965,4/25/23,,,8,
B,2370,1,0,,0.407,0.218,0.066,0.035,1.47,0.8975,4/25/23,,,5,
B,2009,2,0,,0.829,0.47,0.104,0.056,1.79,1.1175,4/25/23,,,8,
B,2372,1,0,,0.986,0.539,0.103,0.055,1.92,1.2775,4/25/23,,,7,
L,2380,2,1,,1.488,0.981,0.396,0.26,5.54,2.0125,4/25/23,,,8,
L,2352,2,1,,0.088,0.059,0.034,0.022,2.03,1.335,4/25/23,,,2,
B,2371,2,0,,1.034,0.541,0.126,0.064,2.22,1.3625,4/25/23,,,9,
B,2383,2,0,,1.182,0.688,0.142,0.078,1.92,1.5525,4/25/23,,,9,
B,2382,2,0,,0.609,0.358,0.04,0.023,1.11,1.16,4/25/23,,,5,
B,2379,1,0,,0.969,0.536,0.08,0.044,1.61,1.315,4/25/23,,,8,
B,2378,2,0,,0.719,0.392,0.052,0.029,1.16,1.03,4/25/23,,,5,
B,2379,2,0,,0.494,0.273,0.025,0.013,0.71,1.065,4/25/23,,,5,
B,2384,2,0,,0.37,0.21,0.035,0.019,1.04,0.9525,4/25/23,,,5,
B,2365,2,0,,0.338,0.183,0.02,0.011,0.7,0.7175,4/25/23,,,5,
B,2371,1,0,,0.771,0.403,0.045,0.023,1.23,1.1425,4/25/23,,,7,
B,2378,3,0,,0.688,0.373,0.069,0.038,1.54,1.125,4/25/23,,,8,
B,2372,3,0,,1.142,0.625,0.093,0.048,2.02,1.275,4/25/23,,,9,
B,2367,3,0,,0.374,0.205,0.038,0.021,1.67,0.755,4/25/23,,,6,
L,2354,2,0,,0.862,0.469,0.074,0.038,3.87,0.93,4/25/23,,,7,
B,2010,2,0,,0.676,0.361,0.118,0.06,1.37,1.3025,4/25/23,,,7,
L,2380,1,1,,1.432,0.918,0.239,0.156,4.99,1.805,4/25/23,,,9,
B,2346,3,0,,0.329,0.185,0.021,0.012,0.82,0.76,4/25/23,,,6,
B,2369,2,0,,0.608,0.335,0.022,0.012,0.58,1.035,4/25/23,,,4,
B,2347,2,0,,0.728,0.385,0.051,0.026,1,0.985,4/25/23,,,5,
B,2009,3,0,,0.661,0.378,0.093,0.051,1.86,1.2575,4/25/23,,,4,
L,2376,3,1,,2.237,1.414,0.376,0.242,6.32,1.7825,4/25/23,,,9,
L,2376,1,1,,1.325,0.824,0.181,0.114,4.98,1.39,4/25/23,,,7,
B,2343,1,0,,0.789,0.435,0.081,0.042,1.56,1.2825,4/25/23,,,6,
L,2331,2,1,,0.749,0.497,0.183,0.12,5.27,1.5,4/25/23,,,4,
B,2010,3,0,,0.888,0.485,0.149,0.072,2.54,1.6075,4/25/23,,,7,
B,2343,2,0,,1.076,0.598,0.08,0.043,1.78,1.3225,4/25/23,,,7,
L,2331,3,0,,0.171,0.099,0.053,0.029,2.31,0.8875,4/25/23,,,3,
B,2347,3,0,,0.834,0.442,0.062,0.032,1.35,0.955,4/25/23,,,6,
B,2010,1,0,,0.86,0.462,0.092,0.046,1.54,1.4275,4/25/23,,,7,
B,2345,3,0,,1.015,0.548,0.094,0.049,1.46,1.4375,4/25/23,Label says 2345 with 5 crossed out. Repeat of cell A-380,,9,
B,2369,3,0,,0.763,0.423,0.048,0.027,1.25,0.9425,4/25/23,,,6,
B,2382,1,0,,0.706,0.416,0.058,0.033,1.23,1.1775,4/25/23,,,8,
B,2367,1,0,,0.434,0.235,0.03,0.017,1.17,0.8925,4/25/23,,,6,
L,2377,2,1,,0.225,0.149,0.13,0.077,2.94,1.42,4/25/23,,,7,
B,2365,1,0,,0.375,0.205,0.034,0.02,0.99,0.755,4/25/23,,,5,
L,2331,3,1,,1.22,0.78,0.239,0.156,5.38,1.89,4/25/23,,,7,
B,2360,3,0,,0.316,0.179,0.025,0.014,0.89,1.0025,4/25/23,,,4,
B,2346,2,0,,0.229,0.129,0.028,0.016,1.09,0.7225,4/25/23,,,5,
L,2377,1,0,,0.686,0.385,0.105,0.055,3.83,1.245,4/25/23,,,11,
B,2345,2,0,,0.572,0.311,0.065,0.032,1.25,1.12,4/25/23,,,8,
B,2345,1,0,,0.666,0.358,0.044,0.023,1.19,1.2325,4/25/23,,,7,
B,2379,3,0,,0.342,0.191,0.025,0.014,0.92,1.14,4/25/23,,,4,
L,2331,2,0,,0.283,0.165,0.073,0.041,3.22,1.0875,4/25/23,,,6,
L,2354,1,1,,0.346,0.216,0.162,0.092,4.96,1.3875,4/25/23,,,4,
B,2369,1,0,,0.481,0.266,0.027,0.014,0.9,0.9925,4/25/23,,,5,
B,2360,2,0,,0.426,0.242,0.021,0.012,0.65,0.9075,4/25/23,,,6,
B,2347,1,0,,0.817,0.432,0.124,0.064,1.52,1.0575,4/25/23,,,6,
B,2011,2,0,,0.591,0.324,0.061,0.031,0.98,1.1525,4/25/23,,,5,
L,2354,3,0,,0.909,0.499,0.078,0.041,3.93,0.95,4/25/23,,,7,
B,2371,3,0,,0.538,0.282,0.091,0.046,1.87,1.0575,4/25/23,,,8,
B,2370,2,0,,0.372,0.229,0.069,0.036,1.42,0.8775,4/25/23,,,7,
B,2360,1,0,,0.695,0.393,0.047,0.028,1.51,0.9775,4/25/23,,,7,
B,2383,1,0,,0.581,0.339,0.147,0.083,1.39,1.28,4/25/23,,,5,
B,2370,3,0,,0.367,0.197,0.049,0.025,1.04,0.83,4/25/23,,,8,
L,2301,1,1,,2.352,1.477,0.24,0.153,5.13,1.59,4/25/22,,,10,
B,1478,3,0,,0.4498,0.2219,0.0455,0.0202,1.156,1.31,4/27/23,,15.746,4,
B,2088,2,0,,0.7376,0.3508,0.2057,0.0921,3.702,1.5375,4/27/23,,26.219,7,
B,2028,2,0,,0.9904,0.5285,0.0917,0.0497,1.97,1.37,4/27/23,,37.178,8,
B,2005,1,0,,1.224,0.5742,0.1462,0.0706,2.47,1.4575,4/27/23,,39.518,7,
L,2092,3,0,,0.6115,0.2847,0.0681,0.0328,2.301,0.64,4/27/23,,17.357,11,
B,2007,2,0,,0.7689,0.3954,0.0567,0.0297,1.683,1.08,4/27/23,,29.004,7,
B,2086,2,0,,1.4337,0.6885,0.2407,0.1154,2.92,1.6075,4/27/23,,50.86,7,
L,2089,2,1,,1.1044,0.6236,0.1853,0.0893,4.055,1.765,4/27/23,,34.376,7,
L,2089,1,0,,2.0214,0.5103,0.2059,0.0638,5.705,1.1875,4/27/23,,67.611,9,
B,2026,2,0,,0.8779,0.4643,0.1632,0.0868,3.66,1.4375,4/27/23,,34.503,9,
B,2005,2,0,,1.1186,0.519,0.1401,0.0646,1.716,1.27,4/27/23,,36.447,6,
L,2030,2,1,,0.9081,0.5248,0.1651,0.0981,2.546,1.6625,4/27/23,,27.947,5,
B,2012,3,0,,0.3999,0.1996,0.0233,0.0114,0.792,0.755,4/27/23,,15.3,7,
B,2031,2,0,,0.905,0.4649,0.0862,0.0468,1.764,1.37,4/27/23,,33.114,6,
B,2024,3,0,,1.0194,0.5278,0.1805,0.0925,2.529,1.805,4/27/23,,34.068,7,
L,2029,2,0,,1.7892,1.0125,0.0369,0.0207,1.578,1.0825,4/27/23,,64.724,7,
B,2025,1,0,,0.772,0.3915,0.0734,0.0393,1.85,1.27,4/27/23,,30.383,7,
B,2021,1,0,,0.6961,0.3575,0.08,0.041,1.48,1.0175,4/27/23,,22.917,8,
B,2004,1,0,,0.9937,0.5222,0.154,0.0755,2.858,1.4525,4/27/23,,33.563,13,
L,2089,1,1,,0.985,0.561,0.2553,0.1181,5.967,1.3675,4/27/23,,32.214,8,
L,2029,1,1,,0.6694,0.4089,0.1449,0.0855,4.565,1.4675,4/27/23,,20.238,6,
L,2023,2,1,,0.628,0.3782,0.1836,0.1093,3.337,2.24,4/27/23,,17.306,3,
B,2090,1,0,,0.7389,0.353,0.0494,0.0234,1.04,1.33,4/27/23,,29.42,6,
B,2031,1,0,,0.7037,0.3652,0.0709,0.0382,1.664,1.3325,4/27/23,,26.292,6,
B,1478,1,0,,0.9488,0.4619,0.2391,0.1056,4.077,1.7675,4/27/23,,32.684,8,
L,2030,1,0,,0.9927,0.5338,0.0349,0.019,0.921,1.225,4/27/23,,38.541,4,
B,2015,1,0,,0.6276,0.3127,0.0688,0.0337,2.029,1.03,4/27/23,,20.585,8,
L,2023,1,1,,1.589,0.9501,0.2286,0.1345,3.402,1.9625,4/27/23,,43.345,6,
L,2092,1,0,,0.2313,0.1077,0.0258,0.012,1.484,0.765,4/27/23,,6.595,11,
B,2015,2,0,,0.4924,0.2476,0.0779,0.0399,1.415,1.0775,4/27/23,,16.392,7,
B,2354,2,0,,1.2982,0.6214,0.3068,0.1356,6.785,1.3375,4/27/23,,49.802,17,
B,2028,3,0,,1.4923,0.7755,0.1133,0.0583,1.819,1.76,4/27/23,,52.259,7,
B,2087,2,0,,1.0339,0.4823,0.2891,0.1298,2.369,1.3975,4/27/23,,37.159,9,
B,2086,3,0,,2.196,1.0495,0.3906,0.1825,4.39,1.875,4/27/23,,74.294,8,
B,2012,1,0,,0.4637,0.2805,0.1006,0.0483,3.147,1.0525,4/27/23,,16.265,8,
L,2029,1,0,,1.875,1.0251,0.0915,0.0485,3.054,1.15,4/27/23,,70.998,9,
B,2085,1,0,,0.8097,0.3863,0.1962,0.0922,2.458,1.2675,4/27/23,,26.945,6,
L,2089,2,0,,0.3603,0.0829,0.0592,0.0171,2.953,0.785,4/27/23,,13.906,7,
B,2021,3,0,,0.5699,0.2868,0.038,0.0197,0.926,0.9425,4/27/23,,19.234,7,
L,2091,2,0,,1.3865,0.5515,0.1318,0.0554,3.805,1.2475,4/27/23,,32.952,12,
B,2026,3,0,,0.5817,0.2972,0.1167,0.0599,1.848,1.09,4/27/23,,23.972,7,
B,2020,1,0,,1.0932,0.5591,0.1108,0.0568,2.628,1.2675,4/27/23,,,7,
L,2091,1,0,,1.3417,0.5788,0.084,0.0346,2.42,1.0875,4/27/23,,35.252,8,
L,2023,3,1,,0.8075,0.5001,0.159,0.0966,4.056,1.4,4/27/23,,20.984,3,
L,2022,2,2,,0.4566,0.2982,0.196,0.122,3.879,1.3075,4/27/23,,13.831,3,
L,2030,3,1,,0.8606,0.535,0.2396,0.1169,3.829,1.6775,4/27/23,,22.58,9,
L,2023,1,0,,2.6297,1.46,0.2647,0.1454,5.35,1.8,4/27/23,,78.814,8,
B,2027,3,0,,0.2495,0.1333,0.0139,0.0075,0.583,0.7075,4/27/23,,12.468,4,
L,2091,1,1,,0.3048,0.1806,0.1148,0.0614,2.372,1.5375,4/27/23,,9.48,6,
B,2005,3,0,,1.8027,0.8732,0.3377,0.1634,4.754,1.7625,4/27/23,,55.495,8,
B,2025,2,0,,0.9683,0.4903,0.1012,0.0541,2.472,1.3225,4/27/23,,39.132,10,
B,2006,3,0,,0.4397,0.2291,0.0448,0.0249,0.881,1.0575,4/27/23,,15.058,5,
B,1478,2,0,,0.8644,0.4127,0.1551,0.0685,3.021,1.6425,4/27/23,,31.034,8,
B,2085,3,0,,1.2228,0.59,0.1896,0.0904,3.211,1.5475,4/27/23,,40.921,8,
B,2027,1,0,,0.4077,0.2185,0.0185,0.0112,0.653,0.8175,4/27/23,,19.823,5,
B,2027,2,0,,0.5795,0.3075,0.0352,0.0173,0.861,1.15,4/27/23,,25.445,6,
L,2030,3,2,,1.0969,0.6789,0.3361,0.2084,4.526,2.1225,4/27/23,,34.199,6,
B,2085,2,0,,0.5359,0.2637,0.0326,0.0156,0.749,0.8775,4/27/23,,18.963,5,
L,2091,3,1,,0.5993,0.3538,0.3349,0.1851,4.342,1.5,4/27/23,,18.312,9,
B,2024,2,0,,0.4888,0.2515,0.1115,0.0578,1.777,1.4675,4/27/23,,18.248,5,
B,2026,1,0,,0.6326,0.3277,0.1333,0.071,2.274,1.0025,4/27/23,,27.081,9,
L,2030,1,1,,0.3407,0.2037,0.0955,0.0538,2.488,1.78,4/27/23,,9.848,2,
B,2015,3,0,,0.2954,0.1497,0.0671,0.0361,1.741,0.94,4/27/23,,9.981,4,
B,2028,1,0,,0.435,0.228,0.0605,0.0317,1.647,1.2025,4/27/23,,17.049,6,
B,2024,1,0,,0.8289,0.418,0.0566,0.0298,0.926,1.22,4/27/23,,29.53,6,
L,2092,1,1,,0.9139,0.5666,0.1517,0.083,2.597,1.4275,4/27/23,,25.239,13,
L,2023,2,0,,0.9071,0.4935,0.0936,0.0512,1.735,1.14,4/27/23,,29.312,4,
L,2089,3,1,,1.1415,0.6609,0.1959,0.0951,4.816,1.445,4/27/23,,38.174,10,
B,2090,3,0,,0.5719,0.276,0.0527,0.0242,0.898,1.04,4/27/23,,19.848,4,
B,2031,3,0,,0.5196,0.2668,0.0376,0.0198,1.113,1.1525,4/27/23,,21.451,7,
L,2091,2,1,,1.953,1.1336,0.6112,0.3194,7.933,2.045,4/27/23,,52.826,16,
B,2354,3,0,,1.0403,0.4935,0.119,0.0531,2.317,1.26,4/27/23,,36.447,14,
L,2029,2,1,,0.674,0.4458,0.1823,0.1095,5.248,1.2575,4/27/23,,20.538,6,
B,2086,1,0,,1.5047,0.7117,0.1725,0.0825,2.411,1.7475,4/27/23,,57.279,7,
B,2004,2,0,,0.3466,0.1856,0.0519,0.0265,1.699,1.07,4/27/23,,13.382,8,
L,2093,2,1,,0.744,0.4617,0.1032,0.0632,4.234,1.185,4/27/23,,25.761,7,
B,2021,2,0,,0.4611,0.2321,0.0317,0.0156,0.766,1.0125,4/27/23,,15.405,6,
B,2004,3,0,,0.3888,0.2117,0.0588,0.031,1.778,0.9775,4/27/23,,14.839,9,
L,2022,1,1,,0.8411,0.5286,0.0971,0.0599,2.757,1.2,4/27/23,,23.762,8,
B,2025,3,0,,0.3645,0.1817,0.0096,0.0046,0.526,0.7325,4/27/23,,16.387,6,
L,2089,3,0,,1.8729,0.6118,0.1724,0.0548,5.458,1.2975,4/27/23,,64.882,10,
B,2087,1,0,,0.7985,0.3934,0.2528,0.1178,2.436,1.41,4/27/23,,28.873,10,
L,2093,3,1,,0.2874,0.1862,0.0393,0.0237,1.412,1.0925,4/27/23,,8.278,5,
L,2023,2,0,,1.795,0.991,0.1701,0.0957,4.584,1.36,4/27/23,,55.133,7,
L,2093,1,1,,1.5029,0.9266,0.4198,0.2405,9.247,1.8825,4/27/23,,47.304,10,
L,2093,3,2,,1.5599,0.9791,0.6057,0.3663,11.042,2.09,4/27/23,,50.251,10,
L,2022,2,1,,0.5986,0.3836,0.0665,0.0396,2.512,1.485,4/27/23,,19.033,6,
B,2006,2,0,,1.1535,0.5933,0.1,0.0529,1.636,1.485,4/27/23,,41.002,9,
L,2092,3,1,,0.363,0.2295,0.0671,0.0374,1.932,1.065,4/27/23,,11.158,7,
B,2020,2,0,,0.7074,0.3728,0.1182,0.0594,2.371,1.3825,4/27/23,,,6,
L,2091,3,0,,0.7614,0.2798,0.0564,0.0221,2.436,1.0275,4/27/23,,20.931,7,
B,2006,1,0,,1.4527,0.7419,0.1881,0.0962,2.87,1.9225,4/27/23,,50.411,11,
B,2012,2,0,,0.3077,0.1517,0.0194,0.0092,0.73,0.7725,4/27/23,,12.927,7,
L,2022,3,1,,0.6953,0.4457,0.1044,0.0637,4.059,1.375,4/27/23,,22.725,8,
L,2030,2,0,,1.1271,0.6017,0.0577,0.0309,1.275,1.37,4/27/23,,45.455,5,
B,2088,3,0,,0.7963,0.3818,0.1066,0.0487,1.788,1.31,4/27/23,,26.779,8,
L,2030,3,0,,0.8375,0.4597,0.0427,0.0235,1.847,0.945,4/27/23,,31.826,6,
B,2088,1,0,,0.9022,0.4362,0.2399,0.1077,4.731,1.71,4/27/23,,47.31,11,
B,2020,3,0,,0.695,0.35,0.1411,0.072,2.292,1.1975,4/27/23,,24.351,6,
B,2087,3,0,,0.7498,0.3583,0.0694,0.0298,1.288,1.2275,4/27/23,,27.045,7,
B,2007,1,0,,0.8188,0.4215,0.1101,0.0572,2.485,1.1275,4/27/23,,29.794,8,
B,2354,1,0,,0.6096,0.291,0.0836,0.0368,2.054,1.0425,4/27/23,,21.44,9,
L,2093,1,0,,0.7442,0.3929,0.0648,0.0327,2.1735,0.9275,4/27/23,,21.735,7,
L,2022,3,0,,1.2146,0.7383,0.0486,0.0292,2.513,1.05,4/27/23,,49.589,9,
B,2007,3,0,,0.4045,0.21,0.0513,0.0266,1.367,0.88,4/27/23,,16.573,7,
B,2090,2,0,,0.9755,0.4616,0.095,0.0452,1.675,1.2525,4/27/23,,35.085,7,
L,2092,2,1,,0.5722,0.3595,0.2206,0.1191,3.557,1.635,4/27/23,,15.641,9,
B,2375,1,0,,0.98,0.446,0.154,0.067,2.06,1.4875,5/23/23,,,8,
L,2345,3,1,,1.768,0.972,0.284,0.147,5.65,1.5325,5/23/23,,,10,
B,2369,2,0,,0.548,0.302,0.046,0.026,1.56,1.06,5/23/23,,,6,
L,2023,3,1,,0.735,0.429,0.176,0.098,3.51,1.885,5/23/23,,,4,
B,2024,3,0,,1.324,0.627,0.246,0.115,2.94,2.36,5/23/23,,,7,
B,2010,2,0,,1.462,0.724,0.249,0.12,2.47,1.93,5/23/23,,,8,
B,2369,1,0,,0.872,0.479,0.106,0.06,2.99,1.235,5/23/23,,,6,
L,2380,1,1,,1.426,0.834,0.381,0.205,6,1.675,5/23/23,,,9,
L,2352,1,1,,1.33,0.835,0.347,0.216,10.19,1.7725,5/23/23,,,8,
L,2301,2,1,,3.289,1.878,0.392,0.228,7.28,1.96,5/23/23,,,11,
B,2010,3,0,,1.215,0.604,0.15,0.073,2.37,1.5725,5/23/23,,,8,
B,2378,3,0,,0.6999,0.327,0.177,0.082,4.13,1.45,5/23/23,,,10,
B,2025,2,0,,1.019,0.519,0.149,0.078,2.95,1.415,5/23/23,,,13,
B,2346,3,0,,0.193,0.093,0.017,0.008,0.63,0.695,5/23/23,,,4,
B,2370,2,0,,0.594,0.293,0.056,0.026,1.19,0.9625,5/23/23,,,7,
B,2009,2,0,,0.648,0.297,0.054,0.024,0.95,1.1025,5/23/23,,,5,
B,2020,3,0,,0.644,0.311,0.151,0.066,2.69,1.3,5/23/23,,,6,
L,2345,2,1,,2.332,1.352,0.344,0.191,6.06,1.7775,5/23/23,,,11,
B,2371,1,0,,1.072,0.459,0.103,0.042,1.47,1.29,5/23/23,,,8,
L,2331,3,0,a,0.029,0.015,0.034,0.016,1.68,3.08,5/23/23,,,2,
L,2345,1,1,,1.619,0.913,0.508,0.281,7.61,1.0775,5/23/23,,,8,
B,2382,1,0,,0.878,0.402,0.056,0.026,1.25,1.49,5/23/23,,,6,
L,2023,1,1,,0.312,0.178,0.098,0.054,2.18,1.4075,5/23/23,,,2,
B,2378,1,0,,1.672,0.784,0.589,0.28,8.49,2.18,5/23/23,,,11,
B,2020,1,0,,0.37,0.183,0.06,0.028,1.31,1.0625,5/23/23,,,4,
L,2301,1,1,,2.939,1.702,0.303,0.178,7.15,1.8275,5/23/23,,,10,
B,2347,1,0,,0.829,0.38,0.088,0.04,1.57,1.11,5/23/23,,,6,
B,2011,1,0,,0.636,0.336,0.057,0.029,0.92,1.3375,5/23/23,,,8,
L,2331,2,1,,1.234,0.73,0.253,0.14,5.14,1.74,5/23/23,,,9,
B,2347,2,0,,0.439,0.2,0.028,0.013,0.74,0.98,5/23/23,,,4,
B,2379,3,0,,0.744,0.345,0.026,0.012,0.77,1.3775,5/23/23,,,6,
L,2023,2,0,,1.826,0.953,0.239,0.116,3.15,1.6725,5/23/23,,,6,
B,2381,1,0,,0.945,0.455,0.077,0.037,1.07,1.28,5/23/23,,,6,
L,2380,3,1,,1.316,0.785,0.44,0.243,6.57,1.7875,5/23/23,,,9,
B,2024,2,0,,1.431,0.668,0.245,0.115,2.67,1.9125,5/23/23,,,7,
L,2352,3,1,,1.747,1.1,0.735,0.452,15.7,2.08,5/23/23,,,8,
L,2331,2,0,,0.429,0.23,0.065,0.031,2.19,1.085,5/23/23,,,6,
B,2375,2,0,,0.962,0.464,0.135,0.064,1.86,1.5425,5/23/23,,,7,
B,2379,2,0,,0.391,0.184,0.027,0.013,0.89,1.2675,5/23/23,,,6,
B,2370,1,0,,0.491,0.245,0.069,0.032,1.41,0.8675,5/23/23,,,7,
L,2380,2,1,,1.729,1.007,0.409,0.226,6.9,1.6075,5/23/23,,,10,
B,2369,3,0,,0.441,0.244,0.031,0.018,1.17,1.105,5/23/23,,,6,
B,2378,2,0,,0.81,0.382,0.327,0.15,5.89,1.675,5/23/23,,,8,
B,2371,2,0,,0.633,0.294,0.051,0.023,1.05,1.22,5/23/23,,,5,
B,2025,1,0,,0.726,0.378,0.111,0.059,2.4,1.3275,5/23/23,,,11,
B,2381,2,0,,0.82,0.391,0.094,0.045,1.11,1.295,5/23/23,,,5,
B,2009,1,0,,0.798,0.363,0.062,0.027,1.01,1.14,5/23/23,,,6,
B,2347,3,0,,0.557,0.254,0.044,0.019,0.82,0.84,5/23/23,,,5,
B,2346,1,0,,0.305,0.155,0.038,0.017,0.9,0.8875,5/23/23,,,5,
L,2301,3,1,,2.742,1.582,0.38,0.217,7.84,1.71,5/23/23,,,9,
L,2331,3,1,,1.548,0.92,0.466,0.257,7.75,2.27,5/23/23,,,8,
B,2379,1,0,,0.866,0.4,0.057,0.026,1.12,1.435,5/23/23,,,6,
B,2381,3,0,,0.951,0.471,0.059,0.029,0.8,1.505,5/23/23,,,6,
B,2372,1,0,,0.958,0.473,0.118,0.054,1.93,1.37,5/23/23,,,9,
B,2382,3,0,,0.851,0.438,0.057,0.029,1.3,1.39,5/23/23,,,6,
B,2011,3,0,,0.56,0.299,0.052,0.027,0.96,1.105,5/23/23,,,7,
B,2011,2,0,,0.445,0.235,0.037,0.019,0.8,1.0075,5/23/23,,,5,
B,2020,2,0,,0.6399,0.311,0.051,0.024,1.05,1.0825,5/23/23,,,8,
B,2024,1,0,,1.272,0.583,0.187,0.086,2.11,1.775,5/23/23,,,5,
B,2372,3,0,,0.782,0.388,0.09,0.04,1.28,1.225,5/23/23,,,7,
B,2372,2,0,,1.269,0.622,0.122,0.054,1.51,1.63,5/23/23,,,9,
B,2025,3,0,,0.63,0.324,0.137,0.073,3.94,1.32,5/23/23,,,11,
B,2370,3,0,,0.493,0.246,0.067,0.032,1.45,0.9875,5/23/23,,,7,
L,2023,1,0,,2.613,1.386,0.221,0.116,4.34,1.5925,5/23/23,,,7,
B,2010,1,0,,0.895,0.455,0.158,0.076,1.94,1.7325,5/23/23,,,6,
B,2382,2,0,,1.062,0.538,0.114,0.059,2.2,1.47,5/23/23,,,8,
L,2331,1,1,,0.479,0.288,0.142,0.078,4.01,1.4725,5/23/23,,,2,
L,2023,2,1,,0.881,0.512,0.1896,0.101,3.54,1.7075,5/23/23,,,5,
B,2375,3,0,,0.534,0.257,0.091,0.042,1.86,1.195,5/23/23,,,6,
L,2023,3,0,,0.721,0.389,0.126,0.067,3.27,1.325,5/23/23,,,3,
B,2009,3,0,,0.426,0.195,0.06,0.025,1.15,1.2725,5/23/23,,,4,
B,2371,3,0,,0.535,0.238,0.053,0.022,1.24,1.1075,5/23/23,,,6,
L,2352,2,1,,1.563,0.98,0.557,0.349,13,1.84,5/23/23,,,8,
L,2331,3,0,b,0.031,0.017,0.025,0.012,1.14,1.0675,5/23/23,,,1,
B,2346,2,0,,0.335,0.163,0.02,0.009,0.67,0.85,5/23/23,,,4,
L,2354,2,1,,1.951,1.03,0.407,0.202,9.12,1.81,5/23/23,,,8,
B,2367,2,0,,0.791,0.347,0.076,0.033,1.92,1.09,5/23/23,,,9,
B,2026,1,0,,0.89,0.431,0.232,0.118,3.9,1.58,5/23/23,,,8,
L,2029,1,0,,1.671,0.881,0.064,0.034,2.1,1.1425,5/23/23,,,8,
B,2360,3,0,,1.242,0.613,0.199,0.111,4.26,1.5875,5/23/23,,,8,
L,2029,2,0,,1.236,0.655,0.056,0.03,1.71,1.2375,5/23/23,,,5,
B,2365,3,0,,0.687,0.343,0.048,0.027,1.22,1.0725,5/23/23,,,8,
L,2377,1,1,,0.655,0.349,0.128,0.065,3.58,1.295,5/23/23,,,7,
B,2301,3,0,,0.451,0.231,0.053,0.029,1.16,1.16,5/23/23,,,3,
B,2301,2,0,,1.123,0.578,0.148,0.081,2.19,1.675,5/23/23,,,6,
B,2365,1,0,,0.7,0.35,0.074,0.041,1.7,1.11,5/23/23,,,7,
B,2028,1,0,,0.701,0.362,0.042,0.021,1.12,1.03,5/23/23,,,6,
B,2360,2,0,,0.727,0.36,0.125,0.068,3.33,1.405,5/23/23,,,6,
B,2028,2,0,,0.549,0.286,0.031,0.015,0.72,1.1675,5/23/23,,,5,
L,2022,2,0,,3.765,1.91,0.338,0.168,4.49,1.7475,5/23/23,,,8,
L,2030,2,0,,0.758,0.367,0.101,0.047,3.35,1.0975,5/23/23,,,6,
B,2384,1,0,,0.439,0.222,0.042,0.023,1.14,1.1375,5/23/23,,,5,
L,2354,1,1,,3.454,1.817,0.768,0.377,11.74,2.375,5/23/23,,,11,
L,2029,2,1,,0.794,0.469,0.357,0.196,7.37,1.71,5/23/23,,,6,
B,2021,1,0,,0.793,0.359,0.057,0.025,0.95,1.1825,5/23/23,,,7,
L,2376,3,1,,2.791,1.642,0.446,0.251,7.68,2.02,5/23/23,,,8,
L,2377,2,1,,0.941,0.495,0.141,0.068,4.1,1.2725,5/23/23,,,6,
L,2376,1,1,,1.54,0.86,0.369,0.205,7.35,1.6575,5/23/23,,,7,
L,2030,3,1,,0.826,0.476,0.088,0.047,2.52,1.255,5/23/23,,,6,
L,2029,3,0,,0.902,0.48,0.044,0.024,1.69,1.08,5/23/23,,,7,
L,2029,1,1,,0.425,0.245,0.061,0.034,1.45,1.36,5/23/23,,,2,
B,2021,2,0,,0.992,0.444,0.11,0.047,1.42,1.3925,5/23/23,,,7,
B,2343,1,0,,1.79,0.89,0.304,0.149,4.2,1.77,5/23/23,,,8,
B,2365,2,0,,0.762,0.375,0.075,0.041,1.82,1.1225,5/23/23,,,7,
B,2384,2,0,,0.54,0.267,0.039,0.021,1,1.3775,5/23/23,,,5,
B,2026,3,0,,0.611,0.297,0.122,0.062,3.08,1.1875,5/23/23,,,8,
B,2367,1,0,,0.679,0.293,0.135,0.06,2.92,1.2775,5/23/23,,,6,
B,2383,2,0,,0.399,0.209,0.049,0.028,1.37,1.085,5/23/23,,,5,
L,2377,3,1,,0.34,0.189,0.165,0.083,5.65,1.3975,5/23/23,,,5,
B,2360,1,0,,1.233,0.611,0.198,0.111,4.36,1.61,5/23/23,,,7,
B,2301,1,0,,0.633,0.329,0.081,0.045,2.06,1.405,5/23/23,,,6,
L,2030,1,0,,1.417,0.707,0.141,0.064,3.63,1.1575,5/23/23,,,6,
B,2384,3,0,,0.396,0.192,0.026,0.013,0.8,1.11,5/23/23,,,6,
B,2021,3,0,,0.694,0.313,0.039,0.017,0.94,1.0225,5/23/23,,,7,
B,2027,1,0,,0.533,0.262,0.036,0.018,0.97,1.095,5/23/23,,,6,
B,2027,3,0,,0.34,0.163,0.031,0.015,0.85,1.215,5/23/23,,,3,
L,2022,3,1,,0.341,0.192,0.088,0.048,2.15,1.565,5/23/23,,,4,
B,2343,2,0,,0.892,0.447,0.119,0.058,2.22,1.315,5/23/23,,,5,
B,2383,1,0,,0.742,0.382,0.069,0.038,1.62,1.335,5/23/23,,,7,
L,2022,3,0,,2.493,1.276,0.18,0.089,2.78,1.5025,5/23/23,,,7,
B,2026,2,0,,0.984,0.48,0.148,0.074,2.73,1.455,5/23/23,,,9,
B,2028,3,0,,0.414,0.201,0.038,0.018,0.95,1.0825,5/23/23,,,4,
B,2027,2,0,,0.607,0.303,0.075,0.038,1.34,1.2025,5/23/23,,,,
L,2376,2,1,,1.64,0.913,0.402,0.223,8.1,1.715,5/23/23,,,6,
L,2022,1,0,,3.066,1.524,0.237,0.116,3.42,1.7,5/23/23,,,7,
L,2022,1,1,,0.552,0.305,0.121,0.065,2.18,1.5275,5/23/23,,,5,
L,2029,3,1,,0.464,0.277,0.204,0.114,5.14,1.52,5/23/23,,,4,
L,2022,2,1,,0.644,0.36,0.122,0.066,1.87,1.765,5/23/23,,,4,
L,2354,3,1,,3.325,1.794,0.525,0.26,9.18,2.245,5/23/23,,,12,
B,2383,3,0,,0.672,0.349,0.06,0.033,1.42,1.2,5/23/23,,,6,
B,2343,3,0,,1.177,0.581,0.175,0.084,2.73,1.63,5/23/23,,,6,
B,2367,3,0,,0.77,0.344,0.109,0.052,2.06,1.205,5/23/23,,,6,
L,2352,1,0,,0.716,0.456,0.036,0.025,2.3,0.89,7/19/23,,,5,
L,2393,1,1,,1.678,1.109,0.597,0.393,11.48,2.3125,7/19/23,,,9,
L,2376,2,1,,0.832,0.584,0.113,0.082,3.27,1.4775,7/19/23,,,6,
B,2013,2,0,,1.077,0.627,0.254,0.155,3.63,1.6325,7/19/23,,,14,
B,2020,2,0,,0.354,0.208,0.045,0.026,1.07,1.155,7/19/23,,,3,
B,2009,1,0,,0.398,0.257,0.06,0.041,1.13,1.1,7/19/23,,,4,
L,2092,1,0,,1.202,0.77,0.197,0.118,4.75,1.7825,7/19/23,,,18,
B,2009,2,0,,0.639,0.415,0.079,0.054,1.19,1.245,7/19/23,,,6,
L,2301,3,1,,1.384,0.991,0.176,0.124,5.7,1.255,7/19/23,,,11,
B,2375,2,0,,0.271,0.177,0.024,0.016,0.72,9,7/19/23,,,3,
L,2376,3,1,,0.806,0.561,0.176,0.129,5.28,1.8275,7/19/23,,,5,
B,2379,2,0,,0.51,0.312,0.016,0.01,0.57,0.9775,7/19/23,,,5,
B,2028,2,0,,0.623,0.383,0.056,0.038,0.91,1.21,7/19/23,,,5,
B,2383,1,0,,0.506,0.328,0.048,0.033,1.34,1.2625,7/19/23,,,3,
L,2092,3,1,,2.6,1.672,0.43,0.262,5.11,1.3775,7/19/23,,,12,
B,2375,3,0,,0.304,0.2,0.044,0.03,1.35,1.125,7/19/23,,,5,
L,2352,3,1,,0.339,0.243,0.047,0.034,2.77,1.0025,7/19/23,,,3,
B,2006,3,0,,0.506,0.326,0.076,0.052,1.42,1.3525,7/19/23,,,8,
B,2020,3,0,,0.39,0.229,0.043,0.026,1.14,1.045,7/19/23,,,5,
B,2384,1,0,,0.32,0.213,0.013,0.009,0.6,0.8575,7/19/23,,,6,
B,2367,1,0,,0.296,0.187,0.012,0.007,0.59,0.7425,7/19/23,,,5,
B,2025,3,0,,0.679,0.402,0.111,0.071,2.29,1.48,7/19/23,,,9,
B,2025,2,0,,0.537,0.317,0.115,0.074,2.19,1.425,7/19/23,,,6,
B,2365,3,0,,0.683,0.431,0.061,0.043,1.39,1.2125,7/19/23,,,7,
B,2025,1,0,,0.327,0.152,0.078,0.053,2.1,1.135,7/19/23,,,6,
B,2372,1,0,,0.584,0.376,0.065,0.044,1.09,1.1775,7/19/23,,,8,
B,2360,2,0,,0.428,0.271,0.04,0.028,1.04,1.1,7/19/23,,,4,
B,2021,2,0,,0.475,0.286,0.125,0.076,2.06,1.55,7/19/23,,,4,
B,2027,1,0,,0.176,0.104,0.021,0.014,0.63,0.9375,7/19/23,,,3,
B,2087,2,0,,0.652,0.099,0.381,0.055,1.18,1.6325,7/19/23,,,7,
B,2086,1,0,,1.659,0.983,0.349,0.225,3.1,2.365,7/19/23,,,7,
B ,2031,2,0,,0.366,0.221,0.083,0.053,1.56,1.435,7/19/23,,,3,
B,2031,1,0,,0.46,0.275,0.039,0.025,0.94,1.1575,7/19/23,,,6,
L,2345,3,1,,1.067,0.707,0.198,0.134,4.11,1.7025,7/19/23,,,7,
B,2378,2,0,,0.72,0.447,0.101,0.066,2.73,1.1475,7/19/23,,,9,
L,2091,3,1,,1.087,0.716,0.25,0.16,4.56,1.8575,7/19/23,,,12,
B,2005,1,0,,1.853,1.06,0.361,0.219,4.02,1.6625,7/19/23,,,8,
B,2090,1,0,,0.486,0.282,0.086,0.054,1.49,1.24,7/19/23,,,5,
B,2010,4,0,,0.736,0.439,0.206,0.13,2.94,1.7725,7/19/23,,,4,
B,2371,3,0,,0.778,0.483,0.061,0.041,1.39,1.3425,7/19/23,,,7,
L,2089,3,0,,0.631,0.388,0.135,0.085,4.36,1.38,7/19/23,,,7,
B,2021,1,0,,0.494,0.294,0.059,0.037,1.15,1.095,7/19/23,,,7,
L,2091,2,1,,0.938,0.617,0.181,0.115,3.3,1.7625,7/19/23,,,9,
B,2031,3,0,,0.449,0.287,0.099,0.065,1.77,1.38,7/19/23,,,4,
L,2331,3,1,,1.139,0.783,0.239,0.175,5.31,1.56,7/19/23,,,7,
L,2089,1,0,2,0.506,0.323,0.17,0.113,4.66,1.55,7/19/23,,,4,
B,2087,1,0,,0.476,0.275,0.092,0.052,1.37,1.57,7/19/23,,,5,
B,2026,1,0,,0.621,0.371,0.104,0.069,2.09,1.22,7/19/23,,,7,
B,2367,2,0,,0.202,0.133,0.01,0.007,0.53,0.67,7/19/23,,,4,
B,2088,3,0,,0.543,0.318,0.033,0.024,0.92,1.035,7/19/23,,,7,
L,2345,1,1,,0.807,0.553,0.09,0.062,2.68,1.13,7/19/23,,,8,
B,2011,1,0,,0.59,0.377,0.058,0.039,1.05,1.26,7/19/23,,,6,
L ,2091,1,0,,1.109,0.707,0.14,0.088,3.15,1.7475,7/19/23,,,9,
L,2029,3,0,,1.054,0.654,0.027,0.017,1.71,1.06,7/19/23,,,4,
L,2380,3,0,,0.567,0.37,0.052,0.034,1.62,0.9725,7/19/23,,,7,
L,2393,1,0,,0.774,0.496,0.095,0.06,2.66,1.2625,7/19/23,,,7,
L,2023,3,0,,0.908,0.552,0.175,0.11,3.64,1.3975,7/19/23,,,4,
B,2012,3,0,,0.453,0.281,0.084,0.054,2.48,1.1725,7/19/23,,,8,
B,2013,3,0,,0.893,0.55,0.328,0.213,4.9,1.77,7/19/23,,,12,
B,2027,3,0,,0.78,0.476,0.055,0.036,0.86,1.1,7/19/23,,,7,
L,2352,1,1,,0.093,0.069,0.074,0.055,3.98,1.1125,7/19/23,Missing LWM envelope but data is correct ,,,
L,2393,2,1,,1.65,1.079,0.459,0.303,10.28,1.88,7/19/23,,,10,
B,2013,1,0,,0.436,0.258,0.303,0.187,4.58,1.495,7/19/23,,,7,
L,2023,1,0,,2.019,1.228,0.141,0.088,2.83,1.315,7/19/23,,,7,
L,2354,1,1,,1.381,0.917,0.153,0.099,5.47,1.7,7/19/23,,,10,
B,2367,3,0,,0.334,0.216,0.011,0.007,0.59,0.73,7/19/23,,,5,
B,2024,1,0,,1.408,0.803,0.167,0.106,2.3,1.6875,7/19/23,,,7,
B,2011,2,0,,0.511,0.327,0.043,0.029,0.8,1.2025,7/19/23,,,4,
B,2381,3,0,,1.144,0.7,0.122,0.081,1.57,1.49,7/19/23,,,6,
B,2379,3,0,,0.614,0.377,0.03,0.019,1.05,1.205,7/19/23,,,6,
B,2346,1,0,,0.257,0.169,0.024,0.015,0.74,0.8975,7/19/23,,,5,
L,2301,2,1,,1.325,0.941,0.228,0.157,6.53,1.485,7/19/23,,,10,
L,2380,1,0,,0.764,0.523,0.123,0.085,3.19,1.4,7/19/23,,,12,
L,2092,2,0,,0.362,0.239,0.055,0.034,1.98,1.31,7/19/23,,,8,
L,2354,3,1,,1.145,0.776,0.122,0.081,5.62,1.38,7/19/23,,,9,
B,2381,2,0,,0.807,0.495,0.072,0.048,1.12,1.1975,7/19/23,,,6,
B,2009,3,0,,0.595,0.388,0.088,0.062,1.45,1.3725,7/19/23,,,6,
B,2360,3,0,,0.438,0.281,0.041,0.03,1.45,1.1925,7/19/23,,,5,
B,2384,2,0,,0.493,0.323,0.028,0.021,0.86,0.975,7/19/23,,,7,
B,2365,2,0,,0.497,0.31,0.047,0.033,1.31,1.025,7/19/23,,,6,
B,2010,2,0,,0.981,0.588,0.102,0.067,1.28,1.595,7/19/23,,,5,
L,2380,2,0,,1.286,0.869,0.152,0.104,3.38,1.6325,7/19/23,,,12,
B,2343,3,0,,0.91,0.565,0.156,0.102,1.92,1.405,7/19/23,,,5,
L,2030,1,0,,0.965,0.596,0.105,0.066,2.55,1.295,7/19/23,,,4,
B,2006,2,0,,0.56,0.353,0.078,0.053,1.56,1.265,7/19/23,,,6,
B,2090,3,0,,1.012,0.592,0.192,0.115,2.11,1.6625,7/19/23,,,9,
B,2384,3,0,,0.264,0.175,0.016,0.011,0.6,0.85,7/19/23,,,4,
B,2028,1,0,,1.009,0.596,0.119,0.074,1.8,1.325,7/19/23,,,6,
L,2352,3,0,,0.198,0.123,0.018,0.012,1.68,0.915,7/19/23,,,4,
L,2089,3,1,,0.838,0.533,0.359,0.238,7.88,2.115,7/19/23,,,11,
B,2004,3,0,,0.495,0.324,0.118,0.078,1.84,1.2375,7/19/23,,,8,
L,2352,2,0,,0.375,0.243,0.02,0.016,1.66,0.8825,7/19/23,,,5,
L,2354,2,1,,0.749,0.516,0.145,0.093,5.64,1.5,7/19/23,,,7,
B,2371,2,0,,0.769,0.484,0.106,0.069,2.16,1.34,7/19/23,,,8,
L,2352,6,0,,0.25,0.167,0.027,0.018,1.83,0.8425,7/19/23,,,6,
L,2089,1,0,1,2.431,1.476,0.294,0.187,5.88,1.9375,7/19/23,,,11,
L,2023,2,0,,1.176,0.744,0.064,0.043,1.47,1.34,7/19/23,,,4,
B,2343,2,0,,1.24,0.751,0.161,0.103,1.86,1.56,7/19/23,,,6,
B,2375,1,0,,0.554,0.349,0.059,0.042,1.39,1.255,7/19/23,,,6,
B,2024,2,0,,0.599,0.342,0.093,0.058,1.7,1.475,7/19/23,,,3,
B,2369,2,0,,0.277,0.191,0.017,0.012,0.74,0.815,7/19/23,Missing LWM envelope but data is correct ,,,
B,2378,3,0,,1.201,0.748,0.207,0.136,3.66,1.585,7/19/23,,,9,
L,2331,1,1,,2.158,1.51,0.431,0.314,8.58,1.8275,7/19/23,,,10,
B,2010,5,0,,0.657,0.394,0.165,0.104,2.35,1.875,7/19/23,,,5,
B,2007,3,0,,0.472,0.275,0.064,0.039,1.32,1.1425,7/19/23,,,5,
L,2376,1,1,,1.031,0.716,0.126,0.09,3.72,1.64,7/19/23,,,8,
B,2010,1,0,,1.108,0.673,0.127,0.083,1.78,1.425,7/19/23,,,7,
L,2393,3,1,,2.382,1.555,0.622,0.404,12.76,2.0375,7/19/23,,,13,
B,2090,2,0,,0.676,0.388,0.102,0.063,1.35,1.33,7/19/23,,,7,
B,2360,1,0,,0.449,0.283,0.031,0.021,0.95,1.105,7/19/23,,,5,
B,2004,1,0,,0.492,0.299,0.12,0.073,1.94,1.365,7/19/23,,,8,
L,2092,2,1,,1.136,0.732,0.171,0.105,2.88,1.655,7/19/23,,,6,
B,2024,3,0,,0.925,0.54,0.1,0.063,1.38,1.5475,7/19/23,,,6,
L,2345,2,1,,1.175,0.762,0.127,0.083,4.05,1.375,7/19/23,,,7,
L,2352,5,0,,0.186,0.119,0.018,0.012,1.56,0.9225,7/19/23,,,3,
B,2347,3,0,,0.224,0.138,0.029,0.019,0.96,1.065,7/19/23,,,4,
B,2371,1,0,,0.301,0.191,0.026,0.017,1,0.8525,7/19/23,,,4,
B,2087,3,0,,0.529,0.318,0.061,0.035,1.04,1.4125,7/19/23,,,6,
B,2088,1,0,,0.688,0.392,0.058,0.034,1.44,1.285,7/19/23,,,8,
L,2022,2,0,,1.884,1.133,0.101,0.065,2.54,1.4475,7/19/23,,,7,
B,2007,1,0,,0.866,0.512,0.117,0.071,2.44,1.1475,7/19/23,,,8,
L,2030,1,1,,0.75,0.477,0.164,0.107,4.58,1.585,7/19/23,,,5,
B,2369,3,0,,0.262,0.177,0.01,0.006,0.49,0.81,7/19/23,,,4,
B,2026,2,0,,0.386,0.238,0.075,0.051,1.68,1.2075,7/19/23,,,5,
B,2012,1,0,,0.767,0.458,0.144,0.091,3.28,1.3825,7/19/23,,,9,
L,2352,4,0,,0.287,0.185,0.022,0.014,1.82,0.88,7/19/23,,,4,
L,2331,2,1,,1.039,0.706,0.129,0.094,3.61,1.5325,7/19/23,,,7,
B,2006,1,0,,0.459,0.267,0.059,0.038,1.12,1.155,7/19/23,,,7,
B,2347,2,0,,0.809,0.504,0.052,0.036,1.05,1.12,7/19/23,,,6,
L,2030,2,1,,1.014,0.653,0.165,0.103,5.07,1.4075,7/19/23,,,7,
L,2029,2,0,,0.903,0.566,0.026,0.018,1.39,0.98,7/19/23,,,5,
L,2089,1,1,,1.387,0.89,0.914,0.608,9.08,2.8825,7/19/23,,,12,
B,2383,3,0,,0.432,0.282,0.035,0.024,1.13,1.0225,7/19/23,,,5,
B,2383,2,0,,0.363,0.232,0.044,0.031,1.39,1.09,7/19/23,,,5,
B,2005,3,0,,1.079,0.631,0.19,0.12,2.5,1.525,7/19/23,,,4,
B,2005,2,0,,1.653,0.95,0.181,0.113,2.45,1.4,7/19/23,,,7,
B,2004,2,0,,0.326,0.198,0.105,0.062,1.85,1.22,7/19/23,,,5,
B,2086,3,0,,0.731,0.444,0.115,0.075,1.62,1.685,7/19/23,,,4,
L,2091,2,0,,1.155,0.726,0.146,0.092,2.35,1.8,7/19/23,,,6,
B,1478,2,0,,0.995,0.52,0.347,0.187,4.11,1.88,7/19/23,,,8,
L,2092,3,0,,0.618,0.378,0.036,0.022,1.19,1,7/19/23,,,8,
L,2030,3,0,,1.179,0.768,0.152,0.098,4.62,1.365,7/19/23,,,7,
B,1478,3,0,,0.499,0.292,0.125,0.067,2.55,1.5925,7/19/23,,,6,
L,2022,3,0,,1.936,1.178,0.127,0.077,2.95,1.35,7/19/23,,,6,
B,2015,3,0,,0.632,0.354,0.057,0.033,1.73,1.295,7/19/23,,,6,
B,2012,2,0,,0.404,0.247,0.055,0.035,1.5,0.995,7/19/23,,,4,
B,2370,1,0,,0.235,0.156,0.021,0.013,0.92,0.7425,7/19/23,,,7,
B,2381,1,0,,1.021,0.633,0.062,0.041,1.04,1.21,7/19/23,,,7,
B,2028,3,0,,0.835,0.523,0.075,0.051,1.36,1.33,7/19/23,,,6,
L,2092,1,0,b,0.976,0.622,0.113,0.067,3.39,1.375,7/19/23,"""Y0b"" not sure what the b is for",,15,
B,2346,3,0,,0.273,0.178,0.017,0.012,0.69,0.7825,7/19/23,,,6,
B,2007,2,0,,0.507,0.297,0.045,0.027,1.14,1.0475,7/19/23,,,6,
B,2010,3,0,,0.859,0.525,0.114,0.075,1.53,1.525,7/19/23,,,6,
B,2370,2,0,,0.342,0.217,0.021,0.014,0.79,0.8825,7/19/23,,,7,
B,2027,2,0,,0.256,0.155,0.019,0.012,0.76,0.955,7/19/23,,,4,
B,2347,1,0,,0.562,0.348,0.038,0.026,0.99,1.01,7/19/23,,,5,
B,2382,2,0,,0.77,0.502,0.408,0.273,5.94,1.8425,7/19/23,,,4,
B,2085,3,0,,0.512,0.307,0.057,0.037,1.01,1.34,7/19/23,,,5,
L,2092,1,1,,1.866,1.189,0.664,0.397,6.2,1.8225,7/19/23,,,8,
B,1478,1,0,,1.001,0.578,0.278,0.156,3.84,1.9075,7/19/23,,,9,
B,2026,3,0,,0.487,0.294,0.112,0.073,2.06,1.305,7/19/23,,,6,
B,2020,1,0,,0.533,0.313,0.037,0.02,1,0.8875,7/19/23,,,5,
B,2015,1,0,,0.54,0.31,0.125,0.077,2.42,1.1275,7/19/23,,,6,
B,2346,2,0,,0.366,0.241,0.028,0.02,1.13,0.915,7/19/23,,,6,
B,2372,3,0,,0.239,0.151,0.035,0.023,0.91,0.915,7/19/23,,,4,
L,2022,1,0,,2.419,1.471,0.119,0.074,2.1,1.5525,7/19/23,,,11,
B,2011,3,0,,0.662,0.421,0.081,0.054,1.08,1.4075,7/19/23,,,6,
B,2372,2,0,,0.498,0.317,0.061,0.042,1.08,1.15,7/19/23,,,6,
B,2088,2,0,,0.565,0.344,0.035,0.023,1.08,1.045,7/19/23,,,7,
B,2015,2,0,,0.63,0.355,0.112,0.066,2.46,1.2775,7/19/23,,,7,
L,2022,3,1,,0.136,0.09,0.073,0.048,1.12,1.755,7/19/23,,,1,
L,2380,1,1,,0.49,0.337,0.258,0.174,4.35,1.675,7/19/23,,,3,
L,2089,2,0,,1.029,0.636,0.178,0.113,6.37,1.48,7/19/23,,,10,
B,2085,2,0,,0.693,0.418,0.078,0.051,1.16,1.3725,7/19/23,,,6,
B,2086,2,0,,0.918,0.531,0.155,0.098,1.49,1.5625,7/19/23,,,6,
L,2352,2,1,,0.311,0.216,0.065,0.044,3.33,1.1,7/19/23,,,3,
B,2085,1,0,,1.13,0.688,0.134,0.083,1.51,1.775,7/19/23,,,8,
L,2029,1,0,,0.751,0.0495,0.03,0.021,1.7,1.0275,7/19/23,,,6,
B,2365,1,0,,0.472,0.297,0.037,0.027,1.2,1.035,7/19/23,,,6,
B,2378,1,0,,1.339,0.831,0.135,0.09,2.46,1.41,7/19/23,,,9,
B,2370,3,0,,0.236,0.156,0.012,0.008,0.68,0.875,7/19/23,,,5,
B,2010,3,0,,1.054,0.623,0.449,0.285,5.23,2,7/19/23,,,9,
L,2091,3,0,,1.252,0.759,0.111,0.069,2.6,1.3225,7/19/23,,,8,
L,2089,2,1,,0.682,0.436,0.136,0.091,3.53,1.635,7/19/23,,,7,
B,2382,3,0,,0.779,0.471,0.138,0.095,2.61,1.2675,7/19/23,,,7,
B,2343,1,0,,1.058,0.648,0.225,0.149,2.61,1.835,7/19/23,,,5,
B,2382,1,0,,0.416,0.271,0.102,0.069,3.08,1.2825,7/19/23,,,4,
L,2301,1,1,,1.332,0.931,0.173,0.119,6.29,1.3725,7/19/23,,,10,
B,2369,1,0,,0.128,0.086,0.013,0.008,0.57,0.8125,7/19/23,,,2,
B,2021,3,0,,0.555,0.322,0.064,0.038,1.54,1.07,7/19/23,,,7,
B,2383,1,0,a,0.4667,0.2755,0.1031,0.0647,13.53,1.4775,9/12/23,,17.95,5,
B,2010,1,0,,0.4459,0.2544,0.1641,0.0994,22.26,1.695,9/12/23,,18.253,4,
B,2010,3,0,,0.2617,0.1505,0.1477,0.0893,22.95,2.08,9/12/23,,11.86,3,
B,2382,1,0,,0.2636,0.1545,0.0638,0.0406,23.47,1.155,9/12/23,,13.53,4,
L,2089,1,0,,0.4967,0.3248,0.0599,0.0385,24.69,1.225,9/12/23,,21.39,8,
L,2089,1,1,,0.7883,0.5026,0.1811,0.1021,53.01,1.3975,9/12/23,,35.245,7,
B,2011,1,0,,0.599,0.3598,0.0745,0.0462,16.68,1.655,9/12/23,,25.013,7,
B,2011,2,0,,0.7613,0.4346,0.1141,0.0658,18.62,1.6625,9/12/23,,31.663,6,
L,2380,1,0,,0.7359,0.4457,0.0423,0.0274,13.3,1.3725,9/12/23,,28.885,4,
L,2380,2,0,,0.2505,0.1539,0.0142,0.0096,7.2,1.14,9/12/23,,10.162,5,
B,2383,1,0,b,0.4075,0.2395,0.0462,0.0285,14.41,1.64,9/12/23,,15.849,5,
B,2383,1,0,c,0.5174,0.3043,0.0492,0.0032,12.9,1.3625,9/12/23,,19.219,5,
B,2382,2,0,a,0.1429,0.089,0.0431,0.0276,16.15,1.4175,9/12/23,,7.146,2,
B,2382,2,0,b,0.1797,0.1091,0.0612,0.0391,17.57,1.365,9/12/23,,8.802,2,
B,2382,3,0,,0.611,0.3657,0.0965,0.0615,21.17,1.425,9/12/23,,26.585,4,
B,2042,1,0,,0.4011,0.2504,0.11,0.0708,9.18,0.00708,10/5/23,Serpentine - LENGTH IN MM,13.407,,
B,2045,2,0,,0.2163,0.1457,0.1673,0.115,10.94,0.0115,10/5/23,Serpentine - LENGTH IN MM,8.234,,
B,2050,3,0,,1.1214,0.6535,0.2489,0.1598,22.93,0.01598,10/5/23,Serpentine - LENGTH IN MM,40.298,,
B,2045,3,0,,0.3749,0.2296,0.11,0.0644,9.21,0.00644,10/5/23,Serpentine - LENGTH IN MM,13.449,,
B,2044,3,0,,0.2887,0.1726,0.0852,0.0478,11.79,0.00478,10/5/23,Serpentine - LENGTH IN MM,11.323,,
B,2045,1,0,,0.6723,0.4075,0.0885,0.0535,6.92,0.00535,10/5/23,Serpentine - LENGTH IN MM,24.118,,
B,2040,2,0,,0.438,0.2621,0.158,0.1024,25.95,0.01024,10/5/23,Serpentine - LENGTH IN MM,15.525,,
B,2049,3,0,,0.1466,0.0884,0.0972,0.0573,16.33,0.00573,10/5/23,Serpentine - LENGTH IN MM,5.722,,
B,2048,1,0,,0.1899,0.1085,0.0889,0.0538,11.14,0.00538,10/5/23,Serpentine - LENGTH IN MM,7.056,,
B,2043,1,0,,0.6717,0.4322,0.2995,0.1855,30.89,0.01855,10/5/23,Serpentine - LENGTH IN MM,24.663,,
B,2052,2,0,,0.618,0.376,0.0814,0.0508,6.26,0.00508,10/5/23,Serpentine - LENGTH IN MM,24.104,,
B,2051,2,0,,0.6768,0.3927,0.2463,0.1627,11.27,0.01627,10/5/23,Serpentine - LENGTH IN MM,22.544,,
B,2042,2,0,,0.7678,0.4577,0.1041,0.0654,8.67,0.00654,10/5/23,Serpentine - LENGTH IN MM,22.908,,
B,2040,3,0,,0.0786,0.0486,0.0478,0.0332,9.67,0.00332,10/5/23,Serpentine - LENGTH IN MM,3.14,,
B,2041,3,0,,0.1484,0.0886,0.0301,0.0192,6.3,0.00192,10/5/23,Serpentine - LENGTH IN MM,5.314,,
B,2051,3,0,,1.2347,0.7264,0.2537,0.169,15.51,0.0169,10/5/23,Serpentine - LENGTH IN MM,40.914,,
B,2049,2,0,,0.4722,0.2765,0.032,0.0206,5.17,0.00206,10/5/23,Serpentine - LENGTH IN MM,21.883,,
B,2046,3,0,,0.8555,0.52,0.0669,0.0429,7.17,0.00429,10/5/23,Serpentine - LENGTH IN MM,31.472,,
B,2042,3,0,,0.2849,0.1712,0.0891,0.0561,8.86,0.00561,10/5/23,Serpentine - LENGTH IN MM,9.481,,
B,2044,1,0,,0.2242,0.1512,0.0985,0.0677,9,0.00677,10/5/23,Serpentine - LENGTH IN MM,9.205,,
B,2052,3,0,,0.6844,0.4016,0.0951,0.0604,7.63,0.00604,10/5/23,Serpentine - LENGTH IN MM,26.549,,
B,2048,2,0,,0.1507,0.0864,0.13008,0.0815,17.32,0.00815,10/5/23,Serpentine - LENGTH IN MM,5.563,,
B,2041,1,0,,0.1758,0.1046,0.0529,0.0347,6.9,0.00347,10/5/23,Serpentine - LENGTH IN MM,6.293,,
B,2047,3,0,,0.2428,0.1412,0.1057,0.0632,11.37,0.00632,10/5/23,Serpentine - LENGTH IN MM,7.864,,
B,2046,2,0,,0.7858,0.4815,0.0805,0.0534,7.93,0.00534,10/5/23,Serpentine - LENGTH IN MM,29.059,,
B,2043,2,0,,0.3661,0.2203,0.1622,0.0948,10.296,0.00948,10/5/23,Serpentine - LENGTH IN MM,10.296,,
B,2050,2,0,,0.6957,0.4075,0.1965,0.1269,13.71,0.01269,10/5/23,Serpentine - LENGTH IN MM,28.859,,
B,2043,3,0,,0.6245,0.388,0.1374,0.0853,13.85,0.00853,10/5/23,Serpentine - LENGTH IN MM,21.522,,
L ,2009,7,0,,0.6541,0.395,0.0917,0.0547,16.06,0.00547,9/12/23,,30.664,8,
L,2345,2,0,,0.9982,0.6239,0.2398,0.1473,57.41,0.01473,9/12/23,,37.995,7,
B,2011,7,0,,0.3022,0.1896,0.1008,0.0599,12.17,0.00599,9/12/23,,13.668,4,
B,2343,3,0,,0.4973,0.299,0.068,0.036,17.96,0.0036,9/12/23,,23.314,5,
B,2343,1,0,,0.3545,0.2033,0.1036,0.0597,17.41,0.00597,9/12/23,,14.461,3,
B,2343,2,0,,0.5117,0.2935,0.0596,0.0352,10.48,0.00352,9/12/23,,21.371,3,
L,2345,1,0,,0.1644,0.0963,0.0669,0.0392,23.92,0.00392,9/12/23,,5.702,2,
L,2345,3,0,,0.8473,0.5266,0.2387,0.1455,53.86,0.01455,9/12/23,,29.041,4,
B,2346,3,0,,0.3898,0.2394,0.0621,0.0368,16.11,0.00368,9/12/23,,19.517,6,
B,2346,2,0,,0.3709,0.2184,0.0345,0.0187,9.46,0.00187,9/12/23,,18.072,6,
B,2346,1,0,,0.5545,0.3307,0.0817,0.048,15.03,0.0048,9/12/23,,26.284,7,
B,2347,7,0,,0.2855,0.1691,0.0425,0.0188,9.17,0.00188,9/12/23,,15.486,6,
L,2352,3,0,,0.057,0.0404,0.0059,0.0043,6.28,0.00043,9/12/23,,3.436,2,
L,2352,2,0,,0.2312,0.1904,0.0214,0.0172,22.95,0.00172,9/12/23,,12.657,5,
L,2369,7,0,,0.3692,0.2401,0.0752,0.0437,24.57,0.00437,9/12/23,,18.165,6,
B,2370,6,0,,0.1368,0.0698,0.0157,0.0102,5.85,0.00102,9/12/23,Guestimate: leaves scrambled in bag between b6 and b8,6.814,4,
B ,2370,8,0,,0.1261,0.0805,0.0092,0.057,4.26,0.0057,9/12/23,,5.651,4,
B,2370,7,0,,0.2901,0.1852,0.038,0.023,9.85,0.0023,9/12/23,,11.738,5,
B,2372,7,0,,0.2911,0.1752,0.0456,0.0296,5.02,0.00296,9/12/23,,12.443,4,
B ,2375,7,0,,0.2605,0.1692,0.0173,0.0125,4.82,0.00125,9/12/23,,11.759,5,
B,2378,7,0,,1.1824,0.72,0.5532,0.3491,86.81,0.03491,9/12/23,,45.138,9,
L,2365,7,0,,1.1325,0.7121,0.0902,0.0589,14.87,0.00589,9/12/23,Not sure Tree ID is correct ,43.177,7,
B,2046,1,0,,0.4429,0.2668,0.0416,0.0232,5.1,0.00232,10/5/23,SERPENTINE,15.863,,
B,2041,2,0,,0.4536,0.2699,0.1361,0.0865,19.31,0.00865,10/5/23,SERPENTINE,15.384,,
B,2047,2,0,,0.1629,0.0973,0.0452,0.0284,10.58,0.00284,10/5/23,SERPENTINE,6.227,,
B,2044,2,0,,0.2926,0.1864,0.1651,0.1027,17.59,0.01027,10/5/23,SERPENTINE,9.846,,
B,2040,1,0,,0.0907,0.0557,0.0294,0.021,9.33,0.0021,10/5/23,SERPENTINE,3.768,,
B,2049,1,0,,0.6729,0.4254,0.0865,0.0546,10.33,0.00546,10/5/23,SERPENTINE,28.675,,
B,2051,1,0,,0.5515,0.3266,0.2904,0.1908,17.06,0.01908,10/5/23,SERPENTINE,17.163,,
B,2050,1,0,,0.496,0.2923,0.1032,0.0719,10.59,0.00719,10/5/23,SERPENTINE,19.157,,
B,2047,1,0,,0.4109,0.2577,0.0919,0.0562,13.75,0.00562,10/5/23,SERPENTINE,15.804,,
B,2052,1,0,,0.3716,0.2533,0.0431,0.0293,5.82,0.00293,10/5/23,SERPENTINE,18.15,,
B,2048,3,0,,0.2918,0.1642,0.1501,0.0957,22.16,0.00957,10/5/23,SERPENTINE,10.301,,
L,2092,1,1,c,1.5306,0.9323,0.567,0.302,55.74,2.7325,9/12/23,,41.218,14,
L,2092,1,1,b,2.2477,1.356,0.2692,0.1516,58.45,2.405,9/12/23,,61.783,7,
B,2026,2,0,,0.4211,0.2529,0.0995,0.0658,29.85,1.495,9/12/23,,15.829,3,
B,2025,1,0,,0.4304,0.2553,0.0757,0.0503,25.71,1.2325,9/12/23,,16.851,7,
L,2030,1,0,b,0.7013,0.4028,0.0217,0.0175,18.74,0.815,9/12/23,,29.437,6,
L,2375,1,0,,0.3942,0.2355,0.0805,0.0515,16.03,1.1475,9/12/23,,14.897,5,
L,2030,1,0,a,0.842,0.4943,0.0497,0.0335,25.85,1.1,9/12/23,,31.509,6,
B,2004,3,0,,0.6527,0.3996,0.2387,0.1393,32.69,1.4675,9/12/23,,23.236,7,
L,2004,1,0,,0.3782,0.2387,0.223,0.1304,30.39,1.4125,9/12/23,,13.311,6,
B,2028,4,0,,0.631,0.3825,0.1938,0.1197,37.03,1.595,9/12/23,,23.729,4,
B,2004,2,0,,0.6183,0.4173,0.28,0.1652,34.52,1.4975,9/12/23,,23.251,9,
B,2026,3,0,,0.1739,0.1046,0.0514,0.0342,14.79,0.98,9/12/23,,6.778,3,
B,2028,2,0,,0.3957,0.2442,0.0556,0.0389,15.78,1.245,9/12/23,,17.167,5,
B,2028,3,0,,0.2179,0.1343,0.0265,0.0179,8.79,1.5175,9/12/23,,9.318,3,
B,2028,1,0,,0.8887,0.5626,0.1847,0.1277,8.23,1.405,9/12/23,,37.344,13,
B,2006,1,0,,0.35,0.2065,0.0997,0.0596,20.85,1.1675,9/12/23,,13.628,4,
L,2029,1,0,,3.0915,1.8582,0.1159,0.0633,25.74,1.495,9/12/23,,92.15,12,
L,2029,2,0,b,1.7751,1.0558,0.105,0.0637,47.57,1.0925,9/12/23,,60.604,8,
L,2082,1,0,,0.4753,0.2922,0.0693,0.0381,26.85,1.3075,9/12/23,,14.869,8,
L,2091,2,1,,0.7151,0.4357,0.7985,0.4624,39.65,3.7775,9/12/23,,19.349,4,
L,2091,2,0,,4.1303,2.3783,1.8037,0.9884,130.3,4.12,9/12/23,,107.117,21,
B,2007,3,0,,0.2632,2.3273,0.127,0.0685,29.84,1.095,9/12/23,,9.234,4,
B,2007,2,0,,0.3904,0.2251,0.0675,0.038,21.85,0.7775,9/12/23,,15.278,6,
B,2007,1,0,,0.1678,0.0989,0.0929,0.0507,21.06,0.98,9/12/23,,6.725,3,
B,2005,3,0,,1.558,0.9256,0.4919,0.3057,66.81,1.4925,9/12/23,,52.334,9,
B,2005,2,0,,0.9814,0.6031,0.2743,0.1668,40.04,1.4775,9/12/23,,34.285,7,
B,2005,1,0,,0.6499,0.3974,0.1138,0.0667,19.41,0.9875,9/12/23,,25.994,5,
B,2372,1,0,,0.5701,0.3416,0.0686,0.0404,11.07,1.53,9/12/23,,21.898,6,
B,2087,2,0,,1.3532,0.825,0.2461,0.1345,24.94,2.7675,9/12/23,,49.38,11,
B,2006,3,0,,0.1652,0.0928,0.1444,0.0809,20.74,1.425,9/12/23,,5.568,1,
B,2006,2,0,,0.1554,0.0869,0.1109,0.061,16.64,1.195,9/12/23,,5.978,2,
B,2087,3,0,,1.8183,1.0998,0.4289,0.2363,36.66,2.7075,9/12/23,,65.415,15,
B,2031,2,0,,0.0394,0.0221,0.0022,0.0044,4.53,1.285,9/12/23,Wet mass not accurate,1.789,1,
B,2031,1,0,,0.03,0.0222,0.0799,0.0467,22.46,1.125,9/12/23,Had one leaf ,1.691,1,
B,2031,3,0,,0.3235,0.1983,0.1454,0.0733,22.32,2.01,9/12/23,,14.006,2,
B,2371,1,0,,0.754,0.4551,0.754,0.0373,11.96,1.94,9/12/23,,2.989,6,
L,2009,1,1,,1.6347,0.976,0.3654,0.2256,62.69,20.312,9/12/23,"no year 0 growth, length in mm",7.641,13,
B,2371,1,0,,0.6848,0.4053,0.0537,0.0314,12.06,1.3,9/12/23,length in mm,25.516,6,
L,2369,1,0,,0.2046,0.1391,0.0773,0.051,23.17,1.2275,9/12/23,,9.986,5,
B,2365,2,0,,0.1151,0.0943,0.0797,0.0528,18.09,1.405,9/12/23,,0.644,3,
B,2024,1,0,,0.8842,0.5345,0.1746,0.1176,21.76,1.66,9/12/23,branch not labeled,30.745,3,
B,2371,2,0,,0.4156,0.2521,0.0371,0.0242,6.47,1.005,9/12/23,length in mm,17.588,7,
L,2030,1,1,,,,0.0756,0.0483,20.62,1.1325,9/12/23,"No leaves, length in mm",,,
B,2367,1,1,,,,0.0922,0.0624,24.83,1.665,9/12/23,No leaves,,,
B,2027,1,1,1,,,0.1134,0.0694,19.89,1.71,9/12/23,No leaves,,,
B,2369,1,0,,0.3191,0.3104,0.027,0.0253,13.85,0.93,9/12/23,length in mm,2.267,6,
L,2092,1,0,c,1.1901,0.7511,0.1118,0.0597,20.41,1.4975,9/12/23,length in mm,33.651,15,
L,2092,1,0,b,1.0477,0.6527,0.2058,0.113,49.73,2.3525,9/12/23,length in mm,61.783,14,
B,2013,2,0,,0.4767,0.2923,0.0774,0.05,14.94,0.97,9/12/23,,19.706,8,
B,2013,1,0,,0.5693,0.3663,0.0852,0.0562,13.89,0.845,9/12/23,,23.469,6,
B,2012,3,0,,0.2651,0.1552,0.0265,0.0092,7.55,0.54,9/12/23,length in mm,10.73,5,
B,2012,2,0,,0.3599,0.2326,0.0364,0.016,10.86,0.5375,9/12/23,,16.17,8,
B,2012,1,0,,0.0999,0.0605,0.0152,0.0051,7.54,0.5025,9/12/23,,4.153,3,
B,1478,3,0,,1.2062,0.7299,0.3704,0.2113,57.89,1.96,9/12/23,length in mm,43.333,11,
B,1478,2,0,,0.8137,0.5128,0.1711,0.0994,25.98,1.305,9/12/23,length in mm,32.528,6,
B,1478,1,0,,0.4967,0.3015,0.121,0.0722,22.75,1.345,9/12/23,length in mm,18.128,6,
B,2015,2,0,,0.5831,0.348,0.0872,0.0399,21.22,1.26,9/12/23,,21.266,8,
B,2015,3,0,,0.3577,0.2085,0.0622,0.0358,16.99,0.845,9/12/23,,14.822,6,
B,2015,1,0,,0.2967,0.165,0.034,0.0165,11.09,0.6575,9/12/23,,11.961,5,
B,2013,3,0,,0.4259,0.2541,0.0797,0.0511,16.65,0.99,9/12/23,,16.88,7,
B,2372,2,0,,0.5314,0.3352,0.0808,0.0527,13.78,1.21,9/12/23,,22.016,7,
L,2352,1,0,,0.1837,0.1163,0.0112,0.0056,12.59,0.7625,9/12/23,length in mm,9.131,2,
L,2093,4,0,,18709,1.2427,0.1946,0.1101,17.80333333,1.5685,9/12/23,"3 stems in sample, length is average of the stems",64.001,22,
L,2093,4,1,,2.1989,1.425,0.8191,0.4678,102,2.5925,9/12/23,,70.807,11,
L,2089,3,1,,1.4433,0.8822,0.2163,0.1169,83.65,1.555,9/12/23,length in mm,59.894,10,
L,2089,2,1,,3.9323,2.4617,1.1039,0.6383,20.1,2.2775,9/12/23,length in mm,151.232,17,
B,2027,1,0,,0.2131,0.1308,0.1567,0.0978,20.76,1.58,9/12/23,length in mm,8.833,3,
L,2089,2,0,,0.0432,0.0289,0.0357,0.0221,22.96,0.6925,9/12/23,length in mm,2.307,3,
B,2365,3,0,,0.0699,0.0535,0.0585,0.0407,9.51,1.23,9/12/23,,4.997,2,
B,2381,1,0,,0.2749,0.1584,0.0887,0.056,11.9,1.3875,9/12/23,,12.192,3,
B,2086,3,0,,1.0246,0.606,0.2007,0.1177,20.7,1.905,9/12/23,,37.309,5,
B,2088,1,0,,0.7102,0.3192,0.1131,0.0561,12.02,1.9075,9/12/23,,19.954,9,
B,2090,2,0,,0.4466,0.2735,0.1219,0.0668,18.5,1.855,9/12/23,,19.7,6,
B,2090,1,0,,0.8312,0.5035,0.0694,0.0413,11.14,1.7675,9/12/23,,32.48,6,
L,2091,1,0,,3.549,2.02,1.0513,0.5867,79.66,3.5975,9/12/23,,107.905,11,
B,2086,2,0,,0.9237,0.5735,0.1739,0.1061,23.84,1.375,9/12/23,,35.136,7,
B,2086,1,0,,0.6977,0.4064,0.1498,0.0875,19.7,2.3825,9/12/23,length in mm,26.941,4,
B,2088,3,0,,0.0542,0.0389,0.0563,0.0406,11.16,1.7925,9/12/23,,2.825,2,
B,2088,2,0,,0.2149,0.15,0.0768,0.0525,13.29,1.72,9/12/23,,9.033,4,
B,2085,3,0,,0.9575,0.5902,0.1693,0.101,18.82,2.345,9/12/23,,33.523,9,
B,2085,2,0,,0.3229,0.1912,0.0885,0.0558,15.35,1.3625,9/12/23,,12.415,4,
B,2085,1,0,,1.761,1.0276,0.4937,0.3023,16.1,1.165,9/12/23,,63.547,17,
L,2093,2,0,,1.0213,0.7538,0.1079,0.0682,22.38,1.4025,9/12/23,,40.755,12,
L,2093,2,1,,4.5107,2.8936,0.9899,0.6106,,,9/12/23,no diameter or length,135.575,13,
B,2375,2,0,,0.4787,0.275,0.0452,0.0303,9.49,1.425,9/12/23,length in mm,17.925,6,
B,2090,3,0,,0.8367,0.4985,0.2118,0.124,17.26,2.3875,9/12/23,,33.199,6,
L,2010,2,0,,0.8264,0.4708,0.1247,0.0767,22.49,1.9975,9/12/23,,32.619,5,
B,2378,2,0,,0.971,0.5789,0.254,0.1584,20.85,1.5275,9/12/23,,42.295,17,
B,2088,,0,,0.3703,0.2671,0.0771,0.0537,11.8,1.6775,9/12/23,no branch number,17.169,9,
B,2027,2,0,,0.2087,0.1229,0.2601,0.1679,19.66,1.7225,9/12/23,length in mm,9.583,4,
L,2093,1,1,,0.7776,0.5223,0.4738,0.2949,87.4,2.0875,9/12/23,length in mm,24.462,7,
L,2093,1,0,,1.5379,0.0497,0.1039,0.0668,10.22,0.965,9/12/23,,52.43,12,
B,2354,3,0,,0.2422,0.1418,0.0348,0.0202,21.86,1.045,9/12/23,length in mm,13.467,3,
B,2384,3,0,,0.168,0.1041,0.0103,0.0073,5.89,1.2925,9/12/23,,0.584,3,
B,2381,2,0,,0.268,0.1603,0.0923,0.061,13.3,1.53,9/12/23,,9.948,2,
B,2384,2,0,,0.2797,0.1701,0.0311,0.0202,12.17,0.945,9/12/23,,12.742,3,
B,2384,1,0,,0.5517,0.3382,0.0826,0.0521,21.16,1.3125,9/12/23,length in mm,24.591,5,
L,2091,1,1,,0.5291,0.3317,0.567,0.3231,37.07,4.145,9/12/23,,15.735,5,
L,2029,1,0,,1.5454,0.9186,0.0671,0.0449,21.56,1.6,9/12/23,,51.561,6,
B,2020,1,0,,0.2153,0.1265,0.0722,0.0389,8.8,1.605,9/12/23,,0.82,2,
B,2347,2,0,,0.3482,0.2099,0.041,0.0266,15.06,0.9375,9/12/23,,2.015,6,
B,2347,1,0,,0.396,0.2372,0.0473,0.0298,23.03,0.87,9/12/23,,2.153,8,
L,2009,1,0,,0.7625,0.3298,0.2435,0.0413,18.87,1.3,9/12/23,,25.006,6,
B,2378,1,0,c,0.3778,0.2243,0.0664,0.0424,16.08,1.9025,9/12/23,"Conflicting samples, another ",16.652,6,
B,2378,1,0,a,0.4088,0.244,0.2115,0.1327,48.25,2.245,9/12/23,length in mm,18.105,6,
L,2030,2,0,,0.3979,0.2491,0.0841,0.0591,22.8,0.863333333,9/12/23,,12.275,4,
B,2027,1,0,,0.3835,0.2325,0.0477,0.029,11.17,1.185,9/12/23,,16.647,4,
B,2379,3,0,,0.5276,0.3169,0.1535,0.1015,18.14,1.685,9/12/23,,22.043,12,
L,2365,2,1,,1.0488,0.6588,0.0932,0.0563,30.67,1.615,9/12/23,,48.453,8,
L,2022,1,1,,1.2059,0.7484,0.18,0.1003,33.16,1.8725,9/12/23,,2.455,5,
L,2022,1,0,a,1.2618,0.7835,0.0587,0.0358,23.35,1.3475,9/12/23,,3.931,,
L,2022,1,0,b,1.2618,0.7835,0.0435,0.0271,10.99,1.9075,9/12/23,,3.931,7,
L,2023,2,1,,1.3008,0.7927,0.2057,0.1361,61.99,1.495,9/12/23,,2.83,4,
L,2023,1,1,,3.8405,2.3146,0.4607,0.2796,78.25,2.44,9/12/23,no Y0 growth,7.659,8,
L,2023,3,1,,2.1686,1.3291,2.1696,0.1148,46.44,2.345,9/12/23,,4.31,7,
L,2022,3,1,,1.9092,1.1613,0.1218,0.0728,24.93,1.7475,9/13/23,,6.246,6,
L,2022,2,1,,2.83,0.9103,0.1335,0.0828,29.3,1.785,9/12/23,,14.485,6,
B,2367,1,0,,0.8383,0.5229,0.1438,0.0956,42.85,1.545,9/12/23,,4.056,8,
L,2301,1,0,,0.9142,0.5511,0.0753,0.0469,25.6,1.36,9/12/23,,29.66,5,
B,2379,2,0,,0.9912,0.6235,0.1706,0.1094,16.96,1.68,9/12/23,,41.241,15,
B,2370,1,0,,0.2599,0.1676,0.0335,0.0222,10.36,1.2825,9/12/23,,10.941,6,
L,2369,1,1,,0.1911,0.1374,0.0643,0.043,15.12,1.105,9/12/23,,10.744,3,
B,2378,1,0,b,0.3218,0.1933,0.0419,0.0273,11.72,1.3525,9/12/23,,14.693,5,
L,2354,1,1,,1.176,0.6436,0.0697,0.0697,0.0372,1.34,9/12/23,No Y0 Growth,57.011,8,
L,2331,2,0,,0.2632,0.1625,0.0488,0.0309,27.01,1.4675,9/12/23,,9.189,3,
L,2331,3,0,,0.3055,0.2063,0.0501,0.0353,23.95,1.12,9/12/23,,12.177,5,
L,2331,1,0,,0.4807,0.3268,0.0539,0.0366,16.36,1.225,9/12/23,,19.909,10,
B,2031,1,0,,0.2654,0.1607,0.0677,0.0445,15.56,2.025,9/12/23,,10.883,2,
B,2379,1,0,,0.6552,0.3995,0.1295,0.0804,19.19,1.44,9/12/23,,27.81,11,
L,2360,1,1,,0.761,0.4356,0.0467,0.0261,24.19,1.1025,9/12/23,,38.767,7,
B,2378,1,0,d,0.6022,0.3679,,,,,,No stem sample,23.268,,
L,2365,1,1,,1.1418,0.7235,0.1038,0.0662,38.64,1.495,9/12/23,,48.534,8,
L,2301,1,2,,1.477,0.9832,0.239,0.1436,53.17,1.675,9/12/23,,54.761,8,
L,2301,2,0,,3.5536,2.253,0.3284,0.1939,65.36,2.785,9/12/23,,110.046,11,
B,2022,1,0,,0.8896,0.5157,0.1641,0.0997,15.79,1.145,9/12/23,,33.93,11,
L,2030,1,0,,0.4289,0.257,0.0421,0.028,14.25,1.04,9/12/23,,15.776,,
L,2354,2,1,,0.3979,0.2387,0.0469,0.0285,1.55,15.44,9/12/23,,16.782,3,
B,2020,1,0,,0.3114,0.1853,0.1455,0.0861,12.75,1.4375,9/12/23,,11.444,3,
B,2026,1,0,,0.9475,0.5762,0.3134,0.2017,18.85,1.7025,9/12/23,,39.745,18,
B,2367,1,0,1,0.3244,0.2004,0.0174,0.0144,11.8,1.4225,9/12/23,,15.544,7,
B,2367,1,0,2,0.2838,0.1747,0.0288,0.0222,15.5,1.3475,9/12/23,,12.468,4,
B,2025,3,0,,0.1792,0.1018,0.0682,0.0405,17.29,1.37,9/12/23,,7.312,3,
L,2029,2,0,a,2.2213,1.3109,0.1138,0.0676,38.71,1.3175,9/12/23,,68.519,10,
B,2087,1,0,,2.0957,1.2337,0.4482,0.2457,31.24,2.6925,9/12/23,,74.941,20,
B,2367,3,0,,0.4352,0.2913,0.0294,0.0172,13.09,1.1825,9/12/23,,21.37,6,
B,2025,2,0,,0.1699,0.0994,0.0624,0.0405,19.4,1.2075,9/12/23,,6.981,3,
L,2092,1,1,,0.6247,0.3721,0.0701,0.0373,19.56,1.74,9/12/23,,15.727,3,