tree_id,date,year,branch_number,leaf_wet_mass_g,leaf_dry_mass_g,stem_wet_mass_g,stem_dry_mass_g,length_mm,diameter_mm,area_from_scan,leaf_number,notes,,,
2360,2023-04-14,0,3,2.139,1.0658,0.3014,0.1176,45.82,1.6575,84.02,9,,,,
2331,2023-04-14,0,3,1.7006,0.7648,0.0963,0.0399,31.56,1.08,50.824,9,,,,
2028,2023-04-14,0,2,1.0897,0.5163,0.1428,0.0546,30.27,1.3875,38.906,9,,,,
2347,2023-04-14,0,1,1.8912,0.5737,0.2095,0.0623,35.08,1.0325,73.95,7,,,,
2371,2023-04-14,0,1,0.6452,0.2057,0.1173,0.0324,33.14,1.0375,30.399,6,,,,
2379,2023-04-14,0,1,0.3776,0.1842,0.0114,0.0057,3.98,0.855,13.73,5,Diameter very small and hard to measure,,,
2022,2023-04-14,0,3,3.855,1.9059,0.6113,0.2318,64.33,1.6925,91.533,10,,,,
2377,2023-04-14,0,2,2.9673,1.4859,0.2011,0.0777,45.58,1.835,87.493,8,,,,
2352,2023-04-14,0,1,0.3311,0.1599,0.0315,0.0138,20.59,0.5675,12.047,6,,,,
2352,2023-04-14,1,1,0.4168,0.2552,0.0599,0.0342,27,1.09,16.7,4,,,,
2346,2023-04-14,0,3,0.6647,0.2724,0.0367,0.0136,10.17,0.69,28.635,6,,,,
2028,2023-04-14,0,1,1.7798,0.8343,0.3574,0.1374,56.09,1.7725,59.167,10,,,,
2370,2023-04-14,0,3,0.5353,0.1577,0.0407,0.0127,13.45,0.565,23.614,7,,,,
2382,2023-04-14,0,2,0.366,0.1589,0.0302,0.0125,13.39,0.835,16.534,5,leaves don't look healthy,,,
2343,2023-04-14,0,2,1.0483,0.3033,0.0942,0.0295,24.32,1.0225,47.225,7,,,,
2378,2023-04-14,0,1,2.8428,1.3443,0.3644,0.1478,30.69,1.935,95.879,10,,,,
2013,2023-04-14,0,2,1.1258,0.4281,0.1661,0.0592,30.39,0.8325,41.658,10,,,,
2023,2023-04-14,0,3,4.6914,2.3765,0.3804,0.1742,55.61,1.6325,115.757,7,,,,
2380,2023-04-14,0,2,2.1226,1.017,0.1411,0.0523,25.4,1.62,60.063,10,,,,
2023,2023-04-14,1,3,0.3746,0.2284,0.2427,0.1305,37.13,2.1925,11.441,1,,,,
2012,2023-04-14,0,1,0.2442,0.0805,0.0765,0.0209,30.22,1.0075,11.698,12,,,,
2301,2023-04-14,0,1,0.9875,0.2868,0.0406,0.0115,19.4,0.6325,33.366,7,,,,
2301,2023-04-14,0,2,0.6296,0.1941,0.0235,0.0072,11.9,0.4775,21.456,5,,,,
2016,2023-04-14,0,1,0.8638,0.3224,0.1621,0.0563,39.81,0.915,29.723,11,,,,
2380,2023-04-14,0,3,1.0366,0.5201,0.051,0.0191,15.43,1.0225,30.707,5,,,,
2031,2023-04-14,0,1,0.6408,0.2972,0.0318,0.0142,8.5,0.8775,31.473,6,,,,
2009,2023-04-14,0,3,0.4471,0.1368,0.0313,0.0106,11.49,0.8325,21.472,4,,,,
2372,2023-04-14,0,1,1.0785,0.3277,0.1144,0.0334,19.93,0.83,48.537,9,,,,
2025,2023-04-14,0,1,0.6173,0.2901,0.0448,0.0189,13.85,0.89,25.512,11,,,,
2369,2023-04-14,0,2,0.9248,0.3395,0.0726,0.0243,22.26,1.0125,43.053,8,,,,
2379,2023-04-14,0,3,0.1634,0.085,0.0044,0.0025,2.84,0.4275,6.041,3,Very small branch,,,
2331,2023-04-14,1,3,0.1434,0.0892,0.0539,0.0291,16.21,1.09,4.742,4,,,,
2008,2023-04-14,0,2,2.1321,0.9348,0.2011,0.0783,44.15,1.3875,84.481,14,,,,
2086,2023-04-14,0,2,0.5265,0.1615,0.2913,0.0735,58.22,1.74,22.917,9,,,,
2301,2023-04-14,0,3,1.2525,0.4112,0.0528,0.0169,20.23,0.9025,41.391,9,,,,
2090,2023-04-14,0,2,0.5466,0.2213,0.0387,0.0145,11.14,1.165,25.907,7,,,,
2092,2023-04-14,0,3,2.1575,0.6208,0.1326,0.0413,35.2,1.385,82.368,8,,,,
2011,2023-04-14,0,3,0.5837,0.2732,0.0735,0.0299,17.65,1.095,24.133,7,,,,
2372,2023-04-14,0,2,2.3476,0.0639,2.2043,0.009,11.31,0.86,9.629,5,,,,
2367,2023-04-14,0,1,2.7263,0.2062,2.2868,0.0381,47.67,1.045,23.652,7,,,,
2367,2023-04-14,0,3,0.6153,0.2088,0.1436,0.05,62.79,0.975,29.639,8,,,,
2009,2023-04-14,0,2,1.278,0.3895,0.0927,0.0309,23.54,0.9825,56.743,6,,,,
2384,2023-04-14,0,3,0.7061,0.3172,0.0481,0.0215,15.84,0.9,26.263,6,,,,
2029,2023-04-14,0,1,3.508,1.697,0.0832,0.036,13.55,1.2825,97.831,8,,,,
2370,2023-04-14,0,2,0.2029,0.0675,0.0092,0.0034,3.73,0.7225,9.236,5,Diameter very hard to measure,,,
2343,2023-04-14,0,3,2.0966,0.6339,0.2035,0.0636,37.81,1.4325,91.3,7,,,,
2031,2023-04-14,0,2,0.9832,0.4349,0.0864,0.0355,14.07,1.4175,39.574,7,,,,
2007,2023-04-14,0,2,0.7194,0.3688,0.1334,0.0635,24.17,0.7975,27.44,10,Leaf color very dark green (too dark for year 0?),,,
2347,2023-04-14,0,2,1.0455,0.3118,0.065,0.0199,17.87,1.0325,43.64,6,,,,
2091,2023-04-14,0,1,0.4182,0.1345,0.1245,0.0312,43.54,1.1775,15.503,8,,,,
2010,2023-04-14,0,2,0.7954,0.3473,0.0707,0.0243,14.27,0.9,29.017,6,,,,
2371,2023-04-14,0,2,0.7895,0.2623,0.0897,0.0268,27.13,0.93,35.513,6,,,,
2012,2023-04-14,0,3,0.2363,0.0733,0.0309,0.0079,12.93,0.47,10.712,7,,,,
2022,2023-04-14,1,1,2.3947,1.4118,0.301,0.1449,37.04,2.025,57.45,6,,,,
2382,2023-04-14,0,1,1.0142,0.4613,0.0886,0.0363,18.91,1.125,39.605,8,,,,
2384,2023-04-14,0,1,0.4133,0.1897,0.0292,0.0132,13.12,0.7875,15.444,5,,,,
2384,2023-04-14,0,2,0.7717,0.3451,0.045,0.0187,13.16,0.9275,27.985,5,,,,
2331,2023-04-14,0,1,1.0454,0.4709,0.1018,0.0407,36.13,0.9375,28.647,7,,,,
2021,2023-04-14,0,1,1.2936,0.6068,0.1226,0.0474,20.39,1.42,40.998,8,,,,
2371,2023-04-14,0,3,0.2934,0.0991,0.0261,0.0089,11.11,0.4925,14.718,5,,,,
2375,2023-04-14,0,1,0.5722,0.1704,0.0919,0.028,16.38,1.1075,21.554,7,,,,
2009,2023-04-14,0,1,1.8341,0.5645,0.1116,0.0376,19.72,1.165,81.34,7,,,,
2347,2023-04-14,0,3,0.9644,0.299,0.0463,0.0149,12.34,0.7925,36.996,4,,,,
2010,2023-04-14,0,1,1.6625,0.7152,0.2091,0.0726,29.4,1.1275,57.652,9,,,,
2024,2023-04-14,0,2,2.3072,0.9145,0.2472,0.0943,38.94,1.5575,79.37,8,,,,
2381,2023-04-14,0,1,0.4578,0.2079,0.0376,0.0152,9.17,0.69,18.646,5,,,,
1478,2023-04-14,0,1,0.6278,0.1909,0.1138,0.0316,28.37,1.08,26.69,7,,,,
2331,2023-04-14,1,1,0.5447,0.3203,0.1386,0.068,32.71,1.42,16.214,6,,,,
2022,2023-04-14,1,3,2.4638,1.468,0.3695,0.1672,28.87,2.0625,59.907,6,,,,
2379,2023-04-14,0,2,0.5749,0.2826,0.0139,0.0065,5.61,0.885,20.725,6,,,,
2378,2023-04-14,0,2,0.9097,0.4139,0.0663,0.0279,10.48,0.875,31.59,5,,,,
2025,2023-04-14,0,2,0.3967,0.1967,0.0251,0.0114,11.46,0.7825,16.304,9,,,,
2369,2023-04-14,0,1,0.865,0.3132,0.0465,0.0161,16.24,0.715,39.044,6,,,,
2012,2023-04-14,0,2,0.3983,0.1216,0.1425,0.0366,46.23,1,18.017,11,,,,
2383,2023-04-14,0,1,1.1454,0.515,0.1021,0.0434,20.88,0.9975,42.505,8,,,,
2022,2023-04-14,2,3,1.2676,0.7595,0.47,0.235,50.09,2.3825,28.493,5,,,,
2372,2023-04-14,0,3,0.6951,0.2201,0.0514,0.0159,14.62,0.665,33.892,7,,,,
2027,2023-04-14,0,3,1.2743,0.5823,0.0839,0.0356,12.95,1.0625,52.295,8,,,,
2370,2023-04-14,0,1,0.2667,0.086,0.0263,0.0072,10.13,0.485,11.852,5,,,,
2005,2023-04-14,0,1,1.0911,0.4696,0.0515,0.0211,14.27,0.7325,38.601,7,,,,
2383,2023-04-14,0,2,0.5486,0.2535,0.0324,0.0147,10.58,0.795,24.551,6,,,,
2369,2023-04-14,0,3,0.7469,0.2841,0.0525,0.018,17.6,0.685,34.062,6,,,,
2087,2023-04-14,0,1,0.4124,0.1386,0.0839,0.0255,21.33,1.4275,18.251,8,,,,
2087,2023-04-14,0,3,0.3478,0.113,0.0834,0.0242,21.84,1.2775,16.352,8,,,,
2092,2023-04-14,0,2,1.2263,0.3725,0.1131,0.032,33.64,0.885,48.762,10,,,,
2005,2023-04-14,0,2,1.3504,0.5712,0.0888,0.0347,18.01,1.06,45.709,7,,,,
2023,2023-04-14,1,2,4.0609,2.4582,0.8263,0.4279,55.85,2.71,85.979,5,,,,
2377,2023-04-14,0,1,2.2301,1.0488,0.1512,0.059,38.34,1.705,67.106,7,,,,
2091,2023-04-14,0,3,0.4101,0.1264,0.1309,0.0325,44.69,1.425,17.661,9,,,,
2007,2023-04-14,0,1,0.6341,0.3162,0.0655,0.0315,20.25,0.6625,26.825,10,,,,
2088,2023-04-14,0,2,0.795,0.3217,0.0586,0.0213,15.14,0.92,32.842,10,,,,
2011,2023-04-14,0,1,0.5206,0.2419,0.069,0.0256,17.98,0.9125,20.869,6,,,,
2024,2023-04-14,0,1,2.0395,0.9139,0.1941,0.0783,27.34,1.755,64.893,7,,,,
2013,2023-04-14,0,3,2.0342,0.7481,0.3365,0.1184,50.22,1.4125,69.996,13,,,,
2004,2023-04-14,0,2,0.7245,0.2932,0.1281,0.0443,28.03,1.0875,28.822,13,,,,
2376,2023-04-14,0,1,0.9958,0.2756,0.0619,0.017,13.93,1.2275,30.818,6,,,,
2085,2023-04-14,0,3,0.2863,0.1064,0.0933,0.0283,23.95,1.245,11.47,6,,,,
2029,2023-04-14,1,2,0.733,0.449,0.0414,0.0241,14.52,1.2425,23.066,4,,,,
2011,2023-04-14,0,2,1.2815,0.5865,0.1951,0.0732,36.92,1.44,51.006,13,,,,
2086,2023-04-14,0,3,0.7683,0.2393,0.1787,0.0505,37.11,1.345,35.641,9,,,,
2026,2023-04-14,0,1,0.967,0.4366,0.1512,0.0583,18.79,1.52,31.971,8,,,,
2008,2023-04-14,0,3,1.0751,0.4888,0.0695,0.0286,21.06,0.83,44.36,7,,,,
2367,2023-04-14,0,2,2.9631,0.2817,2.4037,0.077,83.65,0.9375,33.169,8,,,,
2360,2023-04-14,0,1,1.4283,0.6465,0.113,0.0392,17.6,1.2875,60.399,6,,,,
2343,2023-04-14,0,1,1.3003,0.3878,0.1415,0.043,25.73,1.45,59.348,6,,,,
1478,2023-04-14,0,2,0.5225,0.1686,0.1233,0.0356,33.1,0.98,20.678,7,,,,
2013,2023-04-14,0,1,1.4875,0.5253,0.2226,0.0762,42.36,0.6075,54.299,12,,,,
1478,2023-04-14,0,3,0.6717,0.2188,0.13,0.0349,36.95,0.8475,28.623,7,,,,
2360,2023-04-14,0,2,1.289,0.6147,0.0988,0.0372,19.19,1.0625,56.379,7,,,,
2029,2023-04-14,1,1,0.7546,0.4648,0.1063,0.0517,17.95,1.405,22.415,5,,,,
2354,2023-04-14,1,1,0.4496,0.266,0.067,0.0359,24.83,1.1175,21.251,4,,,,
2331,2023-04-14,1,2,0.4361,0.2647,0.1433,0.0728,31.53,1.295,13.903,5,,,,
2085,2023-04-14,0,1,0.6888,0.2216,0.0881,0.0286,18.1,0.9625,29.761,8,,,,
2093,2023-04-14,0,1,0.4634,0.1467,0.1226,0.0292,39.21,0.9925,18.792,12,,,,
2027,2023-04-14,0,1,0.4886,0.2411,0.0305,0.0146,7.4,0.92,22.672,5,,,,
2088,2023-04-14,0,1,0.6048,0.2296,0.0399,0.0147,11.2,1.035,27.621,9,,,,
2006,2023-04-14,0,3,0.7096,0.3394,0.0379,0.0179,10.22,1.1075,29.564,8,,,,
2026,2023-04-14,0,2,1.4681,0.6975,0.186,0.0782,24.38,1.5875,56.578,11,,,,
2382,2023-04-14,0,3,1.3164,0.562,0.0852,0.032,14.04,1.0875,49.346,8,,,,
2021,2023-04-14,0,2,0.8324,0.3703,0.0628,0.0215,13.69,1.4375,25.403,7,,,,
2375,2023-04-14,0,2,0.6359,0.2089,0.1042,0.0342,16.96,1.31,24.712,7,,,,
2020,2023-04-14,0,1,0.66,0.2984,0.0387,0.0148,10.64,0.5575,22.058,6,,,,
2023,2023-04-14,0,2,2.5565,1.3045,0.2635,0.1194,57.92,1.5125,69.04,9,Year 0 stem very brown (not green),,,
2085,2023-04-14,0,2,0.4062,0.1302,0.0481,0.0155,14.26,0.745,17.304,6,,,,
2089,2023-04-14,0,1,0.499,0.1377,0.2341,0.0509,62.29,0.9975,21.527,9,,,,
2020,2023-04-14,0,3,0.5933,0.2937,0.0543,0.0233,13.67,0.8975,20.953,6,,,,
2030,2023-04-14,0,2,1.9841,1.0439,0.1217,0.0523,29.06,1.355,57.805,7,,,,
2004,2023-04-14,0,3,0.4844,0.1942,0.1906,0.0603,37.94,1.2575,19.171,12,,,,
2377,2023-04-14,0,3,1.6225,0.7933,0.1406,0.0537,40.79,1.3075,46.281,6,,,,
2026,2023-04-14,0,3,1.3941,0.6435,0.2114,0.0812,27.65,1.5725,53.964,10,,,,
2352,2023-04-14,0,3,0.7923,0.3372,0.0488,0.0199,28.02,0.91,38.086,5,,,,
2352,2023-04-14,1,3,0.5978,0.3741,0.0818,0.0454,34.86,1.0675,29.216,6,,,,
2352,2023-04-14,2,3,0.2724,0.1784,0.5993,0.3747,134.17,1.94,13.906,3,,,,
2025,2023-04-14,0,1,1.4008,0.6798,0.1135,0.0491,22.91,1.45,45.183,13,,,,
2345,2023-04-14,0,3,1.3733,0.5683,0.0501,0.0197,25.4,1.2675,43.125,8,,,,
2091,2023-04-14,0,2,0.585,0.2029,0.1954,0.0565,54.58,1.695,21.378,10,,,,
2016,2023-04-14,0,3,1.4766,0.5728,0.19,0.0649,42.5,1.0025,48.581,10,,,,
2006,2023-04-14,0,1,0.9239,0.4298,0.0732,0.0294,14.3,1.3375,32.62,9,,,,
2010,2023-04-14,0,3,0.2213,0.1066,0.0101,0.0048,4.57,0.7125,10.338,4,,,,
2090,2023-04-14,0,1,0.4683,0.1846,0.0307,0.0113,10.95,0.765,24.213,6,,,,
2352,2023-04-14,1,2,0.7492,0.4565,0.0833,0.0452,28.8,1.125,27.995,8,,,,
2380,2023-04-14,0,1,1.1029,0.5411,0.0965,0.0345,20.7,1.1175,32.615,9,,,,
2005,2023-04-14,0,3,1.2789,0.5218,0.1372,0.0503,26.38,0.8925,46.373,8,,,,
2030,2023-04-14,0,3,3.0431,1.6162,0.2523,0.112,46.34,1.655,82.902,8,,,,
2030,2023-04-14,1,3,0.6766,0.4177,0.2744,0.1399,27.21,2.0275,20.745,2,,,,
2090,2023-04-14,0,3,0.6391,0.2603,0.0686,0.0237,21.5,0.8625,32.731,8,,,,
2093,2023-04-14,0,2,0.4436,0.1657,0.2599,0.0656,75.07,1.3575,18.215,16,leaves already started to rot,,,
2093,2023-04-14,0,3,0.4577,0.1625,0.1745,0.0458,60.62,1.0875,19.647,12,leaves already started to rot,,,
2089,2023-04-14,0,2,0.3524,0.1073,0.1862,0.0408,65.09,0.985,15.488,8,,,,
2089,2023-04-14,0,3,0.1832,0.0556,0.0655,0.0156,34.21,0.835,8.817,8,,,,
2088,2023-04-14,0,3,0.7637,0.3043,0.0599,0.0214,15.83,1.0075,33.32,11,,,,
2378,2023-04-14,0,3,0.5182,0.2561,0.059,0.0277,15.57,1.155,20.841,5,,,,
2027,2023-04-14,0,2,0.8041,0.3815,0.0485,0.0218,10.24,1.18,32.926,5,,,,
2021,2023-04-14,0,3,0.9569,0.4551,0.1023,0.0405,21.02,1.4525,32.83,9,,,,
2354,2023-04-14,0,1,1.0188,0.3186,0.0964,0.0306,37.74,0.88,46.982,7,,,,
2376,2023-04-14,0,3,0.561,0.1595,0.0371,0.011,10.61,1.0575,19.371,8,,,,
2376,2023-04-14,1,3,1.3684,0.8664,0.6862,0.3749,120.85,2.39,42.605,6,,,,
2086,2023-04-14,0,1,0.644,0.1936,0.2565,0.0672,53.43,9.552,28.052,10,,,,
2022,2023-04-14,0,1,2.9205,1.4388,0.3182,0.126,54.86,1.395,79.811,9,,,,
2345,2023-04-14,0,2,1.6633,0.654,0.0634,0.0237,27.06,1.3125,55.461,10,,,,
2092,2023-04-14,0,1,1.4304,0.4184,0.2066,0.0574,60.88,1.025,57.668,11,,,,
2354,2023-04-14,0,3,NA,0.2751,0.0555,0.0194,20.12,0.96,33.317,6,,,,
2030,2023-04-14,1,2,0.835,0.5256,0.1277,0.069,23.46,1.6225,23.291,5,,,,
2346,2023-04-14,0,1,1.1634,0.4718,0.0674,0.0253,13.27,0.865,45.778,7,,,,
2020,2023-04-14,0,2,0.954,0.4204,0.0812,0.0295,20.31,1.04,30.494,10,,,,
2008,2023-04-14,0,1,0.3347,0.1448,0.0355,0.0136,17.91,0.7275,17.072,7,,,,
2375,2023-04-14,0,3,0.4637,0.1509,0.0731,0.023,14.81,1.075,18.264,6,,,,
2007,2023-04-14,0,3,0.7459,0.3611,0.0691,0.0308,19.72,0.9425,26.98,9,,,,
2006,2023-04-14,0,2,1.0887,0.5068,0.0703,0.0288,14.11,1.305,39.783,10,,,,
2352,2023-04-14,0,2,0.6613,0.2717,0.0457,0.0189,25.98,0.7725,23.798,4,,,,
2376,2023-04-14,1,1,2.3017,1.4141,0.7171,0.3814,71,3.15,73.381,8,,,,
2376,2023-04-14,0,2,0.5709,0.1628,0.0797,0.021,21.88,1.1775,22.171,7,,,,
2376,2023-04-14,1,2,1.3715,0.8538,0.4103,0.2077,46.34,2.7075,42.634,4,,,,
2382,2023-04-14,0,3,0.5496,0.2615,0.0294,0.0134,9.53,0.9875,23.244,5,,,,
2087,2023-04-14,0,2,0.3144,0.1061,0.0782,0.0229,18.63,1.2225,14.525,8,,,,
2029,2023-04-14,1,3,1.9415,1.2011,0.1955,0.0972,28.52,1.76,59.644,9,,,,
2354,2023-04-14,1,3,1.1149,0.7057,0.2172,0.1208,58,1.8375,55.45,8,,,,
2016,2023-04-14,0,2,0.851,0.315,0.0797,0.0271,24.13,0.865,33.855,10,,,,
2029,2023-04-14,0,3,6.4917,3.0528,0.1884,0.0794,20.56,1.745,168.949,8,,,,
2024,2023-04-14,0,3,2.0352,0.8428,0.1703,0.0696,28.59,1.5825,66.571,7,,,,
2354,2023-04-14,1,2,0.9476,0.5958,0.2588,0.1415,68.67,1.7675,45.22,6,,,,
2346,2023-04-14,0,2,1.0839,0.4161,0.0838,0.0288,17.24,0.935,42.989,7,,,,
2028,2023-04-14,0,3,0.9731,0.4472,0.1268,0.0477,25.92,1.0975,34.903,7,,,,
2345,2023-04-14,0,1,1.1608,0.4385,0.0301,0.0122,16.73,0.8075,39.188,7,,,,
2031,2023-04-14,0,3,0.644,0.3038,0.0436,0.0194,12.32,0.78,32.421,7,,,,
2004,2023-04-14,0,1,1.3355,0.5948,0.29,0.1054,46.55,1.4425,47.9,18,,,,
2331,2023-04-14,0,2,1.3376,0.6034,0.0827,0.0341,30.76,1.1,37.155,8,,,,
2354,2023-04-14,0,2,0.2848,0.0941,0.0585,0.016,28.86,0.74,14.581,5,,,,
2023,2023-04-14,0,1,4.5806,2.3764,0.4861,0.2108,58.94,1.86,110.172,7,,,,
2022,2023-04-14,1,2,2.0651,1.2351,0.3601,0.1634,18.99,2.595,48.579,5,,,,
2030,2023-04-14,0,1,0.7219,0.3608,0.0604,0.0264,20.5,1.0325,23.064,6,,,,
2029,2023-04-14,0,2,0.9944,0.4822,0.0232,0.0118,7.58,0.8325,30.844,4,,,,
2022,2023-04-14,0,2,2.9017,1.5041,0.4891,0.1995,53.22,1.685,73.556,8,,,,
2030,2023-04-14,1,1,0.6821,0.4229,0.0812,0.0432,16.33,1.5025,20.231,4,,,,
2022,2023-04-14,2,2,1.8458,1.1528,0.8644,0.4443,69.71,2.665,40.917,7,,,,
2090,2023-05-12,0,1,0.8477,0.4507,0.1664,0.0799,40.38,1.415,30.805,9,,,,***Note: 2326 is dead (2023-05-12) 
2345,2023-05-12,0,3,1.6091,0.798,0.3472,0.1225,56.72,2.0175,47.854,8,Sample left in cooler overnight,,,
2089,2023-05-12,0,2,1.742,0.8461,0.1015,0.0465,43.53,1.325,74.155,7,,,,
2381,2023-05-12,0,2,1.4707,0.729,0.1064,0.0465,13.69,1.32,54.296,7,,,,
2089,2023-05-12,1,2,0.9962,0.6137,0.163,0.094,40.89,1.465,32.588,4,,,,
2345,2023-05-12,1,3,0.5987,0.361,0.4312,0.1963,39.82,2.22,17.674,6,Sample left in cooler overnight,,,
2303,2023-05-12,0,2,2.0983,0.9544,0.5539,0.2164,102.05,1.745,95.242,7,Sample left in cooler overnight,,,
2314,2023-05-12,0,2,0.5336,0.2787,0.0312,0.0146,8.57,0.97,19.534,6,,,,
2346,2023-05-12,0,3,1.5185,0.7986,0.1013,0.0502,17.41,1.4,59.765,6,Sample left in cooler overnight,,,
2359,2023-05-12,0,1,0.3304,0.2247,0.0174,0.0121,5.69,0.9475,20.123,6,Sample left in cooler overnight,,,
2336,2023-05-12,0,2,0.3932,0.2159,0.0372,0.0199,13.62,0.995,17.441,5,Sample left in cooler overnight,,,
2383,2023-05-12,0,3,0.9862,0.5089,0.1741,0.0763,28.44,1.425,32.036,7,Sample left in cooler overnight,,,
2315,2023-05-12,0,3,1.0681,0.5927,0.061,0.03,14.07,1.1175,30.127,7,,,,
2320,2023-05-12,1,1,0.956,0.6111,0.6067,0.3387,63.36,2.3575,32.252,3,,,,
2006,2023-05-12,0,2,1.3818,0.6677,0.1723,0.0694,21.48,1.64,48.135,10,Sample left in cooler overnight,,,
2315,2023-05-12,0,2,0.8454,0.467,0.0365,0.0192,9.65,1.1225,25.256,5,,,,
2024,2023-05-12,0,1,0.8879,0.4154,0.115,0.0502,18.08,1.3275,30.563,6,Sample left in cooler overnight,,,
2374,2023-05-12,0,3,1.7801,0.8927,0.1811,0.0833,23.93,1.6925,58.224,8,,,,
2335,2023-05-12,0,1,0.1899,0.0964,0.013,0.0062,5.64,0.93,8.335,2,,,,
2348,2023-05-12,0,3,0.7778,0.3737,0.12,0.0496,32.4,0.9675,35.235,6,,,,
2353,2023-05-12,1,2,1.1774,0.7717,0.148,0.0909,52.67,1.38,52.011,8,,,,
2315,2023-05-12,1,3,0.6812,0.4531,0.2184,0.1318,70.41,1.4175,24.539,8,,,,
2004,2023-05-12,0,2,1.4722,0.7155,0.2445,0.0958,38.56,1.64,56.409,16,Two leaves from one axillary bud?,,,
2337,2023-05-12,0,1,0.7586,0.3533,0.0998,0.0407,21.69,1.1275,32.46,7,,,,
2316,2023-05-12,0,3,0.3272,0.1622,0.0285,0.0127,9.46,0.7,13.73,5,,,,
2370,2023-05-12,0,1,0.7659,0.3696,0.0498,0.0215,11.41,1.0025,27.037,6,,,,
2325,2023-05-12,0,3,0.5223,0.264,0.038,0.0174,14.83,0.8475,22.533,5,,,,
2321,2023-05-12,0,3,0.624,0.3203,0.0403,0.0202,13.9,1.0925,33.613,5,,,,
2005,2023-05-12,0,3,1.4437,0.7174,0.253,0.1102,26.99,1.395,42.498,7,,,,
2353,2023-05-12,0,2,0.5318,0.3214,0.0324,0.0186,20.83,0.9875,22.676,5,,,,
2348,2023-05-12,0,1,0.9236,0.4397,0.1415,0.0588,31.9,1.3675,36.33,7,,,,
2377,2023-05-12,0,2,1.0155,0.5249,0.1026,0.0498,45.4,1.22,38.351,7,No year 1 leaves,,,
2325,2023-05-12,0,2,1.148,0.5916,0.0916,0.0422,25.94,1.18,46.774,8,,,,
2349,2023-05-12,0,2,1.7665,0.7519,0.1786,0.0654,36.3,1.465,79.151,7,,,,
2010,2023-05-12,0,1,1.1301,0.5716,0.1952,0.0831,30.69,1.49,47.401,6,Started to double flush maybe a litle,,,
2322,2023-05-12,1,2,0.0108,0.0078,0.0153,0.097,4.4,1.1375,0.416,1,,,,
2322,2023-05-12,0,2,1.2807,0.739,0.0566,0.0292,19.53,1.0975,35.322,9,,,,
2016,2023-05-12,0,3,0.2311,0.1214,0.0605,0.0236,22.89,0.835,7.889,4,Double flush! extra budding leaves cut off (not scanned),,,
2093,2023-05-12,1,3,0.8233,0.5518,0.3329,0.1776,36.5,2.1025,22.352,5,,,,
2358,2023-05-12,0,3,1.4323,0.7283,0.5209,0.2406,84.12,1.8725,54.255,7,some leaves budding (cut off),,,
2384,2023-05-12,0,3,0.8402,0.4257,0.0669,0.0327,17.46,1.135,32.791,6,,,,
2323,2023-05-12,0,3,1.2097,0.7043,0.0992,0.0542,33.59,1.26,35.881,7,,,,
2027,2023-05-12,0,3,1.5459,0.7101,0.0792,0.0345,8.56,1.27,59.03,6,,,,
2329,2023-05-12,0,1,0.9855,0.5249,0.0736,0.0375,14.47,1.06,36.726,7,,,,
2013,2023-05-12,0,3,0.7533,0.3359,0.1513,0.0622,28.56,1.15,28.328,16,,,,
2375,2023-05-12,0,2,0.2514,0.107,0.0123,0.0055,3.85,1.215,8.175,2,,,,
2327,2023-05-12,0,3,1.8729,0.9298,1.2878,0.5768,162.5,2.6575,66.807,18,,,,
2351,2023-05-12,0,2,0.6263,0.3339,0.0297,0.0166,7.95,0.86,20.817,5,,,,
2382,2023-05-12,0,2,1.0717,0.5649,0.1024,0.051,20.23,1.31,38.822,7,,,,
2384,2023-05-12,0,2,0.7389,0.3701,0.0433,0.0209,11.23,1.025,29.557,5,,,,
2026,2023-05-12,0,3,1.4176,0.7231,0.183,0.0825,17.17,1.51,50.424,9,,,,
2369,2023-05-12,0,1,0.8376,0.4119,0.0547,0.0263,15.19,1.07,31.17,5,,,,
2328,2023-05-12,1,1,0.4668,0.3277,0.2177,0.1255,35.22,1.64,16.515,5,,,,
2374,2023-05-12,0,1,0.1904,0.1022,0.0118,0.0066,4.81,0.6275,8.011,5,,,,
2379,2023-05-12,0,2,0.5101,0.2797,0.0212,0.0118,4.48,0.9975,17.676,4,,,,
2307,2023-05-12,0,3,0.8129,0.3553,0.0422,0.0173,12.82,0.8525,39.237,7,,,,
2344,2023-05-12,0,3,1.3194,0.6192,0.1164,0.0479,18.25,1.17,48.097,5,,,,
2022,2023-05-12,1,3,0.1516,0.0962,0.1544,0.0737,13.6,1.7525,3.935,1,,,,
2345,2023-05-12,1,1,0.1259,0.0633,0.1686,0.1032,21.45,2.255,4.226,1,,,,
2345,2023-05-12,0,1,2.875,1.053,0.1023,0.0428,26.16,1.3225,66.02,10,,,,
2022,2023-05-12,2,3,0.2736,0.175,0.2804,0.1476,32.18,1.785,7.114,1,,,,
2305,2023-05-12,0,3,2.0813,0.9859,0.5017,0.208,78.83,1.8725,83.305,10,,,,
2355,2023-05-12,0,3,1.0086,0.5114,0.1764,0.084,41.24,1.44,39.945,9,,,,
2022,2023-05-12,0,3,5.3657,2.8435,0.5976,0.2401,39.85,1.93,139.137,10,,,,
2305,2023-05-12,0,1,0.8163,0.3631,0.1584,0.0654,46,1.325,38.584,10,,,,
2320,2023-05-12,0,3,1.344,0.7283,0.1187,0.057,25,1.3175,37.913,10,,,,
2013,2023-05-12,0,2,0.8327,0.3693,0.155,0.0652,36.79,0.9625,29.31,17,,,,
2350,2023-05-12,0,3,0.655,0.3147,0.1194,0.0515,37.16,1.42,26.192,6,,,,
2005,2023-05-12,0,1,0.9517,0.5128,0.1183,0.0529,17.28,0.9775,30.468,7,,,,
2028,2023-05-12,0,2,1.1733,0.6489,0.2442,0.1064,19.44,1.7225,36.744,5,,,,
2351,2023-05-12,0,1,0.4912,0.2564,0.0206,0.0107,5.78,0.6575,16.543,5,,,,
2008,2023-05-12,0,2,1.5764,0.7801,0.1703,0.0683,26.68,1.3925,53.668,10,,,,
2320,2023-05-12,1,3,0.5964,0.3929,0.128,0.0773,29.49,1.385,20.804,7,,,,
2307,2023-05-12,0,1,0.5494,0.2489,0.0266,0.0111,7.98,0.7525,25.48,4,,,,
2089,2023-05-12,0,1,3.5807,1.7571,0.4672,0.1912,103.46,1.7575,129.577,8,,,,
2029,2023-05-12,0,3,1.2533,0.6418,0.0679,0.0294,14.51,1.125,38.457,4,,,,
2323,2023-05-12,1,3,1.3643,0.91,0.4486,0.2949,97.28,1.965,50.527,9,,,,
2302,2023-05-12,0,2,1.7252,0.8154,0.3708,0.1576,61.99,1.495,65.256,11,,,,
2005,2023-05-12,0,2,1.5221,0.7704,0.1837,0.0843,22.19,1.32,44.018,7,,,,
2341,2023-05-12,0,3,0.2024,0.0922,0.0131,0.0057,4.68,0.8875,7.599,4,,,,
2029,2023-05-12,1,3,0.0729,0.0472,0.1263,0.0689,22.63,1.635,2.178,2,,,,
2303,2023-05-12,0,1,1.6439,0.7696,0.2856,0.1148,49.36,1.815,68.438,6,,,,
2304,2023-05-12,0,3,0.7412,0.3063,0.1698,0.0609,49.12,1.0225,34.258,5,Sample burnt on firdeg light... yaaa sorry might be off,,,
2382,2023-05-12,0,3,3.0794,1.6236,0.6522,0.2976,63.05,2.0525,98.005,13,,,,
2361,2023-05-12,0,2,0.9045,0.4404,0.0424,0.0219,9.56,0.96,38.385,6,,,,
2093,2023-05-12,0,3,4.508,2.2768,0.2451,0.1077,56.54,1.93,122.38,11,,,,
2341,2023-05-12,0,2,0.5904,0.2777,0.0211,0.0105,5.34,0.81,22.59,5,,,,
2319,2023-05-12,0,1,0.2225,0.1182,0.0124,0.0069,4.57,0.505,11.179,4,,,,
2344,2023-05-12,0,1,1.0196,0.4923,0.0352,0.0163,6.27,0.9675,41.273,4,,,,
2336,2023-05-12,0,1,0.4579,0.2384,0.0316,0.0162,13.11,0.6275,18.811,5,,,,
2365,2023-05-12,0,3,0.4164,0.2003,0.0525,0.0259,19,0.565,19.228,5,,,,
2324,2023-05-12,0,1,0.4813,0.2531,0.0421,0.0211,10.89,0.7275,19.532,5,,,,
2347,2023-05-12,0,2,1.4867,0.7386,0.1363,0.0643,26.25,1.21,54.968,7,,,,
2307,2023-05-12,0,2,0.5241,0.2249,0.031,0.0126,9.84,0.5225,23.732,6,,,,
2320,2023-05-12,0,2,0.6423,0.3265,0.02,0.01,9.43,0.8075,19.478,4,,,,
2320,2023-05-12,1,2,1.4463,0.9549,0.2864,0.1629,44.34,1.655,44.091,5,,,,
2333,2023-05-12,0,1,0.8273,0.4225,0.0426,0.0209,9.81,0.8575,35.303,7,,,,
2338,2023-05-12,0,2,0.3349,0.153,0.0278,0.0095,8.83,0.575,13.754,5,,,,
2089,2023-05-12,0,3,1.3866,0.6907,0.1017,0.0466,48.59,1.0125,52.93,8,,,,
2004,2023-05-12,0,3,0.6354,0.3184,0.1162,0.052,25.42,1.4325,26.824,8,,,,
2091,2023-05-12,0,1,0.5447,0.2872,0.0537,0.0254,32.55,0.82,17.415,9,,,,
2339,2023-05-12,0,3,2.0698,0.9305,0.2574,0.1077,44.32,1.5,68.898,6,,,,
2027,2023-05-12,0,2,0.8174,0.3899,0.0604,0.0272,6.62,0.91,28.106,6,,,,
2028,2023-05-12,0,3,4.8723,2.4368,0.8689,0.3637,61.81,2.485,145.675,16,,,,
2091,2023-05-12,1,1,0.4203,0.2709,0.1474,0.082,32.07,1.6275,12.11,5,,,,
2093,2023-05-12,0,2,2.7133,1.414,0.1608,0.0712,1.4075,47.66,73.45,12,,,,
2093,2023-05-12,1,2,0.5132,0.3265,0.1588,0.0809,16.96,1.7275,12.388,4,,,,
2025,2023-05-12,0,2,0.5331,0.2601,0.0876,0.0388,18.28,1.4075,18.656,8,little leaf bud on top (cut off),,,
2319,2023-05-12,0,3,1.2901,0.6404,0.0743,0.0358,17.25,1.1425,58.065,7,,,,
2372,2023-05-12,0,1,1.5107,0.7268,0.0935,0.0389,14.26,1.215,51.114,9,,,,
2371,2023-05-12,0,1,1.544,0.7193,0.1363,0.0587,25.77,1.46,57.693,6,,,,
2352,2023-05-12,0,1,0.7499,0.4052,0.0372,0.0192,18.57,0.94,34.748,6,No year 1 leaves,,,
2377,2023-05-12,0,1,1.9679,1.0674,0.2008,0.0992,48.62,1.675,66.056,11,,,,
2355,2023-05-12,0,2,0.4786,0.2478,0.0459,0.0217,15.08,0.9325,19.945,5,,,,
2377,2023-05-12,1,1,0.6003,0.4244,0.3691,0.2195,66.64,2.1,19.95,6,,,,
2023,2023-05-12,0,2,1.8324,0.9554,0.2777,0.1225,49.22,1.8975,46.66,7,,,,
2337,2023-05-12,0,2,0.5022,0.2363,0.0871,0.0358,27.71,0.885,22.642,7,,,,
2309,2023-05-12,0,3,0.9815,0.499,0.0422,0.0199,10.15,1.0525,47.464,7,,,,
2025,2023-05-12,0,1,1.396,0.6716,0.2806,0.1223,40.17,1.5475,48.721,10,,,,
2364,2023-05-12,0,1,0.2713,0.1034,0.1148,0.0391,42.98,0.9425,10.391,7,,,,
2020,2023-05-12,0,2,0.8129,0.4161,0.0629,0.0288,12.31,1.03,29.012,7,,,,
2312,2023-05-12,0,2,0.8836,0.4591,0.0579,0.029,13.01,1.0275,31.966,7,,,,
2306,2023-05-12,0,2,0.5531,0.271,0.0787,0.0345,28.02,1.0325,20.65,6,,,,
2383,2023-05-12,0,1,1.2686,0.6329,0.1089,0.0518,15.6,1.5225,39.682,6,,,,
2008,2023-05-12,0,3,2.4097,1.2154,0.2676,0.1093,31.2,2.105,76.962,9,,,,
2362,2023-05-12,0,3,0.9724,0.4995,0.0615,0.0316,12.59,1.1275,46.567,6,,,,
2343,2023-05-12,0,3,3.1452,1.5358,0.3546,0.1471,43.56,2.1575,108.877,9,,,,
2376,2023-05-12,0,2,4.7213,2.3615,0.1726,0.0732,26.98,1.65,135.449,8,,,,
2343,2023-05-12,0,1,3.6675,1.6771,0.3224,0.1228,33.53,1.92,130.306,11,,,,
2376,2023-05-12,1,2,0.3417,0.2155,0.0668,0.0339,8.01,1.885,10.133,4,,,,
2371,2023-05-12,0,3,1.8841,0.8941,0.2368,0.0975,36.01,1.5475,63.723,8,,,,
2345,2023-05-12,0,2,1.0399,0.5272,0.0769,0.0297,22.69,1.255,32.017,8,No year 1 leaves,,,
2306,2023-05-12,0,1,0.3945,0.1932,0.0357,0.0155,16.41,0.6425,15.888,6,,,,
2367,2023-05-12,0,3,1.0876,0.53,0.11,0.0522,31.88,1.13,44.733,7,,,,
2026,2023-05-12,0,2,0.7118,0.3693,0.112,0.0533,15.85,1.1775,25.836,8,,,,
2331,2023-05-12,0,3,0.9036,0.4951,0.052,0.0264,17.04,0.975,23.945,8,No year 1 leaves,,,
2008,2023-05-12,0,1,1.8443,0.9216,0.1744,0.0715,23.03,1.67,60.891,9,,,,
2337,2023-05-12,0,3,1.7095,0.8219,0.302,0.1223,52.26,1.3025,71.049,10,,,,
2331,2023-05-12,0,1,0.5969,0.3242,0.0401,0.0199,13.97,0.88,13.614,7,No year 1 leaves,,,
2013,2023-05-12,0,1,0.8796,0.3447,0.3346,0.1137,62.14,1.075,30.349,19,Year 0 sprouting off year 0 -- first 15.36 mm is very woody ,,,
2027,2023-05-12,0,1,0.6023,0.3024,0.0479,0.0208,9.43,0.9075,23.812,5,,,,
2012,2023-05-12,0,2,1.1093,0.5201,0.1205,0.0479,25.85,1.13,41.909,10,,,,
2324,2023-05-12,0,2,1.1068,0.5664,0.1299,0.0578,19.1,1.26,37.932,7,Year 0 growing off year 0 -- Piper has pictures,,,
2360,2023-05-12,0,3,1.8925,0.983,0.3692,0.1662,44.32,1.7825,66.957,8,,,,
2004,2023-05-12,0,1,0.8545,0.431,0.1312,0.0544,24.78,1.2425,35.08,12,,,,
2376,2023-05-12,1,1,1.0184,0.6605,0.7338,0.4146,101.14,2.4825,35.747,6,,,,
2381,2023-05-12,0,1,1.7101,0.8642,0.1404,0.0623,14.81,1.64,57.518,7,,,,
2356,2023-05-12,0,1,1.7384,0.8908,0.6768,0.3072,94.2,2.2575,58.512,8,,,,
2029,2023-05-12,1,1,0.747,0.4475,0.2598,0.119,33.94,1.955,19.407,4,,,,
2334,2023-05-12,0,3,0.639,0.318,0.0386,0.0178,11.5,0.76,25.792,4,,,,
2352,2023-05-12,1,3,0.0438,0.0285,0.0562,0.0338,22.44,1.1125,2.247,1,,,,
2352,2023-05-12,0,3,1.0372,0.6191,0.0558,0.0314,26.76,1.0425,45.937,5,,,,
2380,2023-05-12,0,3,1.7421,0.9146,0.2621,0.1065,56.01,1.6175,60.724,7,,,,
2380,2023-05-12,1,3,1.186,0.7307,0.3996,0.205,33.07,2.15,41.319,5,,,,
2023,2023-05-12,0,1,2.7697,1.4611,0.4588,0.1995,61.81,1.7675,72.21,7,,,,
2364,2023-05-12,0,2,0.5717,0.208,0.678,0.2037,133.19,1.6275,24.916,9,,,,
2022,2023-05-12,2,2,1.599,0.9763,0.5416,0.2937,56.78,1.9925,45.037,8,,,,
2030,2023-05-12,0,2,1.1863,0.6376,0.067,0.0349,14.72,1.445,39.835,5,,,,
2030,2023-05-12,1,2,1.1363,0.708,0.2201,0.133,39.28,1.8,39.281,7,,,,
2328,2023-05-12,0,2,1.1739,0.6609,0.0414,0.0216,15.24,1.1625,33.234,6,No year 1 leaves,,,
2323,2023-05-12,0,2,0.7287,0.3952,0.032,0.0158,14.81,0.7975,26.228,4,,,,
2323,2023-05-12,1,2,0.7567,0.5006,0.229,0.1355,46.58,1.5225,29.435,4,,,,
2323,2023-05-12,2,2,0.5129,0.3411,0.3514,0.2192,68.19,2.0125,16.836,2,,,,
2029,2023-05-12,0,1,2.0873,1.0686,0.1702,0.0644,24.09,1.54,56.674,3,,,,
2030,2023-05-12,0,1,1.8031,0.9434,0.122,0.0544,21.89,1.6625,63.487,5,,,,
2030,2023-05-12,1,1,2.1012,1.2698,0.1766,0.0936,17.8,1.59,73.32,6,,,,
2376,2023-05-12,0,1,5.14,2.7129,0.2813,0.1205,45.23,2.0775,151.779,9,,,,
1478,2023-05-12,0,3,0.6564,0.3164,0.0721,0.0295,18.19,0.9375,20.779,6,,,,
2359,2023-05-12,0,3,0.2678,0.155,0.0154,0.0088,4.99,0.8225,11.156,4,,,,
2378,2023-05-12,0,2,1.1564,0.6059,0.1668,0.0791,22.56,1.6125,41.883,7,,,,
2022,2023-05-12,0,2,5.6435,2.9405,0.6216,0.262,59.92,1.8725,157.587,9,,,,
2022,2023-05-12,1,2,3.0121,1.7699,0.3668,0.1877,35.09,2,78.45,8,,,,
2023,2023-05-12,1,1,1.4115,0.824,0.2671,0.12,15.09,2.4625,35.038,4,,,,
2092,2023-05-12,1,3,1.4552,0.8964,0.363,0.1733,30.28,2.1025,38.127,12,,,,
2092,2023-05-12,2,3,0.7801,0.5003,0.3425,0.1773,42.03,1.8,20.675,7,,,,
2022,2023-05-12,0,1,4.7333,2.438,0.5092,0.2149,57.92,1.9175,138.56,8,,,,
2022,2023-05-12,1,1,1.3761,0.8522,0.4569,0.2248,60.8,2.2,38.238,6,,,,
2332,2023-05-12,0,1,0.5652,0.3126,0.032,0.0168,9.09,0.72,20.448,7,,,,
2354,2023-05-12,0,2,0.6679,0.3531,0.0316,0.0167,15.77,0.7875,25.196,5,,,,
2354,2023-05-12,1,2,0.298,0.1838,0.0331,0.0204,14.19,1.0375,11.916,3,,,,
2377,2023-05-12,0,3,0.5427,0.2991,0.0393,0.0205,23.98,0.8625,22.864,5,,,,
2377,2023-05-12,1,3,0.1381,0.0925,0.1408,0.0882,46.15,1.6,4.75,3,,,,
2376,2023-05-12,0,3,0.3346,0.1706,0.0417,0.0183,14.95,1.0975,11.755,5,,,,
2376,2023-05-12,1,3,1.488,0.9646,0.2647,0.1613,59.99,1.7775,70.372,11,,,,
2010,2023-05-12,0,2,1.3483,0.6712,0.2443,0.1,31.76,1.4575,47.371,7,,,,
2331,2023-05-12,0,2,0.9349,0.4866,0.0529,0.0254,17.24,1.0325,24.071,6,No year 1 leaves,,,
2320,2023-05-12,0,1,1.9518,1.0177,0.136,0.0599,29.02,1.465,61.153,13,,,,
2315,2023-05-12,1,2,0.3566,0.2406,0.3563,0.2255,108.79,1.4825,13.932,4,,,,
2092,2023-05-12,0,1,3.6566,1.8515,0.2612,0.1041,58.42,1.7475,113.32,12,,,,
2356,2023-05-12,0,3,1.9698,0.9669,0.7029,0.3123,92.44,2.2075,66.737,9,,,,
2092,2023-05-12,0,2,1.243,0.6271,0.0325,0.0156,15.88,0.925,38.376,4,,,,
2092,2023-05-12,1,2,0.0486,0.0301,0.0186,0.0099,5.68,0.835,1.29,1,,,,
2310,2023-05-12,0,1,0.5477,0.2747,0.0438,0.0208,9.55,0.9575,23.204,4,,,,
2358,2023-05-12,0,1,0.6465,0.3218,0.1243,0.0536,37.33,1.1475,27.702,5,,,,
2382,2023-05-12,0,1,0.857,0.4387,0.0682,0.034,16.09,1.1075,29.753,6,,,,
2362,2023-05-12,0,1,1.2744,0.6406,0.113,0.0537,18.98,1.3725,54.844,7,,,,
2312,2023-05-12,0,3,0.9879,0.5003,0.0784,0.0373,17.05,1.0325,35.549,6,,,,
2317,2023-05-12,0,2,0.9569,0.4861,0.0448,0.0215,10.88,0.7775,36.279,9,,,,
2092,2023-05-12,1,1,0.0897,0.0551,0.0518,0.0261,8.53,1.415,2.591,2,,,,
2304,2023-05-12,0,1,0.922,0.4316,0.0542,0.022,14.58,0.985,37.349,4,,,,
2321,2023-05-12,0,2,1.6911,0.8173,0.2726,0.1235,46.5,1.48,69.564,8,,,,
2330,2023-05-12,0,1,0.6201,0.3224,0.0239,0.0124,5.9,0.8675,31.296,5,,,,
2323,2023-05-12,0,1,0.8852,0.5211,0.0429,0.0245,20.6,0.965,30.306,7,,,,
2311,2023-05-12,0,2,0.5248,0.2778,0.0345,0.0182,10.34,0.865,22.217,6,,,,
2325,2023-05-12,0,1,0.3891,0.2105,0.0259,0.0134,8.76,0.82,14.669,6,,,,
2338,2023-05-12,0,3,0.6119,0.286,0.0509,0.0224,11.74,0.92,24.294,6,,,,
2006,2023-05-12,0,3,1.2845,0.617,0.1356,0.053,15.86,1.6675,42.246,9,,,,
2091,2023-05-12,0,3,1.4177,0.7078,0.0785,0.0375,15.16,1.8025,36.917,5,No year 1 leaves,,,
2347,2023-05-12,0,3,0.8063,0.409,0.027,0.0141,6.49,0.9275,29.218,3,,,,
2088,2023-05-12,0,2,0.5966,0.3111,0.0523,0.0256,12.99,1.265,22.638,6,,,,
2006,2023-05-12,0,1,1.8771,0.8965,0.2251,0.0897,22.97,1.4725,61.07,11,,,,
2332,2023-05-12,0,2,0.7429,0.3934,0.0451,0.0228,13.3,0.7125,26.969,7,,,,
2371,2023-05-12,0,2,1.5743,0.7364,0.148,0.0614,27.05,1.475,59.596,7,,,,
2090,2023-05-12,0,2,0.6064,0.3129,0.0827,0.0364,21.94,0.91,26.381,8,,,,
2323,2023-05-12,2,1,1.0225,0.7135,0.4527,0.2992,80.67,2.0075,36.45,7,,,,
2311,2023-05-12,0,1,0.6264,0.3222,0.051,0.0255,12.03,0.98,21.897,6,,,,
2088,2023-05-12,0,3,0.4787,0.2451,0.0217,0.0116,8.34,0.78,21.339,8,,,,
2031,2023-05-12,0,2,1.7913,0.753,0.2036,0.0809,25.41,1.5625,68.989,9,,,,
2323,2023-05-12,1,1,1.8336,1.2453,0.3682,0.2319,87.42,1.7525,71.505,9,,,,
2350,2023-05-12,0,2,0.3364,0.1643,0.026,0.0113,10.31,0.5975,12.735,3,,,,
2349,2023-05-12,0,1,1.4774,0.7263,0.099,0.0419,16.43,1.2925,60.02,6,,,,
2303,2023-05-12,0,3,2.4132,1.083,0.7917,0.2973,109.78,2.535,101.547,9,,,,
2335,2023-05-12,0,3,0.6832,0.3531,0.0599,0.029,17.15,1.2225,30.963,5,,,,
2329,2023-05-12,0,3,0.8514,0.4387,0.0703,0.0351,16.18,1.0025,34.745,7,,,,
2335,2023-05-12,0,2,0.7455,0.3887,0.0984,0.0468,23.94,1.22,31.588,5,,,,
2090,2023-05-12,0,3,0.3467,0.1799,0.0384,0.0171,13.12,0.995,13.629,5,,,,
2380,2023-05-12,0,2,0.3208,0.1765,0.0458,0.0212,20.3,0.705,12.153,5,,,,
2380,2023-05-12,1,2,0.3974,0.25,0.1446,0.0822,20.51,1.43,12.975,5,,,,
2313,2023-05-12,0,2,0.3317,0.1777,0.0127,0.0068,6.79,0.6525,14.996,5,,,,
2314,2023-05-12,0,3,0.5678,0.3011,0.0285,0.0151,7.96,0.925,19.638,5,,,,
2328,2023-05-12,0,1,0.6924,0.3656,0.0876,0.0421,38.42,1.075,24.495,5,,,,
2087,2023-05-12,0,3,0.7611,0.3713,0.0366,0.0162,7.45,1.225,28.567,4,,,,
2312,2023-05-12,0,3,1.2231,0.6281,0.0614,0.0288,13.63,1.09,49.051,6,,,,
2086,2023-05-12,0,2,1.1331,0.5771,0.178,0.0828,33.49,1.725,44.856,10,,,,
2322,2023-05-12,0,1,0.9349,0.5182,0.0448,0.0209,17.99,0.9425,24.329,8,No year 1 leaves,,,
2373,2023-05-12,0,1,0.7514,0.3749,0.0817,0.0343,22.82,1.075,38.972,8,,,,
2350,2023-05-12,0,1,1.2769,0.6329,0.0807,0.039,21.86,1.195,45.255,8,,,,
2092,2023-05-12,0,3,5.2949,2.6015,0.992,0.3782,165.96,2.1275,147.457,15,,,,
2343,2023-05-12,0,3,1.9291,0.8957,0.2015,0.0815,31.18,1.79,69.948,7,,,,
2010,2023-05-12,0,3,1.376,0.6971,0.3132,0.1289,33.6,1.82,50.296,6,,,,
2338,2023-05-12,0,1,0.9633,0.4546,0.0749,0.0336,16.67,1.2825,37.089,7,,,,
2312,2023-05-12,0,1,0.7342,0.406,0.0442,0.0243,11.85,0.985,29.078,6,,,,
2347,2023-05-12,0,1,0.1722,0.0852,0.0231,0.0113,11.29,0.6525,6.293,2,,,,
2342,2023-05-12,0,3,0.9539,0.4848,0.0512,0.023,10.46,1.0525,36.449,5,,,,
2309,2023-05-12,0,1,1.5047,0.7538,0.1911,0.0871,45.39,1.6125,67.083,8,,,,
2327,2023-05-12,0,2,1.3686,0.6806,0.3138,0.1454,67.87,1.74,49.373,15,,,,
2353,2023-05-12,1,1,0.7399,0.4855,0.4911,0.2785,92.95,2.0975,38.37,4,,,,
2324,2023-05-12,0,3,0.975,0.5087,0.0868,0.0413,17.34,1.04,36.419,6,,,,
2361,2023-05-12,0,1,0.3708,0.1859,0.0165,0.0088,6.02,0.5475,14.467,4,,,,
2318,2023-05-12,0,1,0.9233,0.4852,0.0677,0.0354,14.47,0.915,33.107,8,,,,
2330,2023-05-12,0,2,1.7728,0.8631,0.1739,0.0808,29.87,1.4,77.78,9,,,,
2373,2023-05-12,0,2,0.5524,0.2845,0.0426,0.0197,12.49,0.895,26.473,6,,,,
2316,2023-05-12,0,1,0.3491,0.1811,0.0215,0.0105,5.79,0.665,14.579,5,,,,
2381,2023-05-12,0,3,1.1542,0.5928,0.0849,0.04,10.99,1.235,43.484,7,,,,
2353,2023-05-12,0,1,0.8045,0.4419,0.0512,0.0255,25.24,0.9425,38.243,4,,,,
2380,2023-05-12,0,1,2.4787,1.3472,0.1827,0.0798,38.8,1.1975,83.741,8,No year 1 leaves,,,
2021,2023-05-12,0,2,0.3138,0.1613,0.739,0.0297,8.3,0.675,9.66,2,,,,
2088,2023-05-12,0,3,1.1625,0.5827,0.0576,0.0227,14.95,0.8675,39.676,6,,,,
2093,2023-05-12,0,1,0.7963,0.4217,0.0276,0.0126,11.27,1.025,22.917,6,,,,
2301,2023-05-12,0,2,4.0661,2.1071,0.1797,0.0738,34.6,1.405,129.565,10,No year 1 leaves,,,
2021,2023-05-12,0,1,0.8848,0.4082,0.0829,0.0338,16.62,0.755,30.886,10,,,,
2333,2023-05-12,0,2,0.4515,0.2278,0.0299,0.014,10.55,0.6925,19.501,5,,,,
2339,2023-05-12,0,2,0.5556,0.2567,0.0486,0.0222,17.09,0.9725,20.807,5,,,,
2309,2023-05-12,0,2,0.8119,0.3991,0.1222,0.0554,37.07,1.245,35.405,5,,,,
2319,2023-05-12,0,2,0.8386,0.4118,0.0558,0.0254,16.23,0.8525,35.377,5,,,,
2311,2023-05-12,0,3,0.5914,0.3064,0.0309,0.0165,8.41,0.945,22.065,6,,,,
2341,2023-05-12,0,1,0.769,0.3513,0.0415,0.017,8.62,0.87,30.193,5,,,,
2318,2023-05-12,0,2,0.9681,0.5015,0.0665,0.0335,15.89,0.875,40.876,9,,,,
2302,2023-05-12,0,3,0.7887,0.3951,0.0738,0.0347,19.69,0.9375,33.11,7,,,,
2317,2023-05-12,0,3,1.2051,0.5992,0.0523,0.025,11.01,0.9975,45.434,7,,,,
2313,2023-05-12,0,1,0.1346,0.0725,0.0069,0.0037,4.09,0.675,6.171,2,,,,
2365,2023-05-12,0,1,0.5663,0.2858,0.1108,0.0571,27.62,1.115,27.026,4,,,,
2366,2023-05-12,0,3,0.7969,0.4094,0.0605,0.0301,10.31,1.0625,30.186,6,,,,
2373,2023-05-12,0,3,0.448,0.2247,0.0988,0.0451,28.05,1.1225,20.473,6,,,,
2305,2023-05-12,0,2,0.9539,0.4452,0.1553,0.0657,40.96,1.3275,42.658,7,,,,
2087,2023-05-12,0,1,0.8765,0.4462,0.0674,0.0311,10.35,1.4575,30.968,7,,,,
2354,2023-05-12,0,3,0.5637,0.3157,0.0247,0.0142,14.46,0.8975,24.278,5,,,,
2304,2023-05-12,0,2,0.8255,0.3984,0.0834,0.0374,21.21,1.145,33.828,5,,,,
2086,2023-05-12,0,3,0.776,0.3994,0.0884,0.0443,22.37,1.305,33.888,6,,,,
2384,2023-05-12,0,1,0.6533,0.3464,0.0309,0.0166,8.2,1.0125,27.357,6,,,,
2374,2023-05-12,0,2,1.1137,0.5823,0.0467,0.0245,8.45,1.045,38.305,5,,,,
2354,2023-05-12,1,3,0.5631,0.3763,0.1466,0.0936,46.96,1.6225,25.19,5,,,,
2359,2023-05-12,0,2,0.2191,0.1331,0.0124,0.0086,5.13,0.89,10.334,4,,,,
2085,2023-05-12,0,2,0.1693,0.0868,0.0193,0.0106,10.07,0.9725,8.184,4,,,,
2336,2023-05-12,0,3,0.8733,0.4514,0.1323,0.0613,36.28,1.15,35.035,9,,,,
2026,2023-05-12,0,1,1.0618,0.5415,0.1697,0.0771,18.12,1.44,38.033,7,,,,
2030,2023-05-12,1,3,0.675,0.4299,0.3845,0.2213,55.56,2.0025,23.471,4,,,,
2339,2023-05-12,0,1,2.3909,1.0906,0.277,0.1158,47.54,1.8125,81.612,8,,,,
2087,2023-05-12,0,2,0.9889,0.5075,0.0894,0.0432,15.83,1.5825,39.513,7,,,,
2030,2023-05-12,0,3,3.788,2.0729,0.3834,0.1945,61.07,1.9475,120.388,8,,,,
2088,2023-05-12,0,1,1.0513,0.5217,0.1244,0.055,28.52,1.3625,41.032,8,,,,
2369,2023-05-12,0,2,1.2782,0.681,0.1421,0.068,33.72,0.9825,50.304,9,,,,
2364,2023-05-12,0,3,0.6722,0.3393,0.0838,0.0329,14.45,0.83,24.526,5,Extra budding on top of stem not included in length,,,
2327,2023-05-12,0,1,1.8984,0.9252,1.624,0.7004,184.84,2.615,67.349,19,,,,
2091,2023-05-12,0,2,2.1749,1.0896,0.1491,0.0645,45.57,1.2975,60.573,7,,,,
2370,2023-05-12,0,2,1.076,0.5568,0.1048,0.0441,15.86,0.63,33.745,5,,,,
2306,2023-05-12,0,3,0.5806,0.3003,0.0405,0.0177,18.44,0.6575,21.835,7,,,,
2344,2023-05-12,0,2,0.7676,0.3947,0.0366,0.0165,10.94,0.97,30.962,5,,,,
2020,2023-05-12,0,3,0.6089,0.3175,0.0561,0.0236,15.57,0.9275,21.107,5,,,,
2369,2023-05-12,0,3,1.2843,0.6743,0.2743,0.1261,57.08,1.755,53.914,10,,,,
2342,2023-05-12,0,2,1.0448,0.5076,0.1074,0.0455,26.96,0.9825,39.164,7,,,,
2334,2023-05-12,0,1,0.8334,0.4163,0.1681,0.0733,49.07,1.2675,33.844,7,,,,
2317,2023-05-12,0,1,0.6533,0.3354,0.04,0.019,12.48,0.8225,33.234,6,,,,
2372,2023-05-12,0,3,1.1263,0.54,0.0488,0.0201,8.88,1.025,33.844,6,,,,
2021,2023-05-12,0,3,0.7116,0.3314,0.076,0.03,18.46,1.275,25.874,8,,,,
2024,2023-05-12,0,2,1.2191,0.5483,0.1139,0.0489,15.94,1.4275,41.975,6,,,,
2366,2023-05-12,0,1,0.8472,0.4162,0.0548,0.0256,9.58,0.955,34.073,5,,,,
2375,2023-05-12,0,1,0.4499,0.2016,0.0257,0.01,4.71,1.07,14.406,5,,,,
2355,2023-05-12,0,1,0.4237,0.2139,0.0599,0.0268,20.96,0.8575,25.874,7,,,,
2330,2023-05-12,0,3,1.0198,0.5074,0.0413,0.0193,12.03,0.9875,43.444,5,,,,
2365,2023-05-12,0,2,1.6813,0.8526,0.2893,0.1314,38.88,1.6875,64.704,8,,,,
2356,2023-05-12,0,2,0.7307,0.3767,0.1111,0.0535,33.33,1.4,29.82,7,,,,
2367,2023-05-12,0,1,1.0746,0.5314,0.1376,0.0641,37.2,1.175,44.241,7,,,,
2315,2023-05-12,0,1,0.3639,0.2338,0.1255,0.0848,65.84,1.43,14.6,5,y0 is very woody. we believe its y0. could be y1 but that would mean NO y0,,,
2367,2023-05-12,0,2,1.6343,0.8364,0.181,0.0878,38.96,1.4425,59.617,8,,,,
2020,2023-05-12,0,1,0.4342,0.2124,0.076,0.0319,13.53,0.9275,14.804,5,,,,
2366,2023-05-12,0,2,0.5727,0.2815,0.0443,0.0218,10.21,0.8175,23.578,5,,,,
2329,2023-05-12,0,2,1.0799,0.5744,0.0707,0.037,15.44,1.0325,41.823,6,,,,
2379,2023-05-12,0,1,0.6125,0.3298,0.0229,0.0141,5.48,0.96,20.759,5,,,,
2332,2023-05-12,0,3,0.5421,0.2937,0.0495,0.0256,12.16,0.8975,18.949,5,,,,
2318,2023-05-12,0,3,1.1834,0.6092,0.0875,0.0434,19.88,1.0625,49.207,8,,,,
2383,2023-05-12,0,2,0.5888,0.3079,0.0327,0.0169,7.32,1.135,20.386,4,,,,
2310,2023-05-12,0,3,0.3707,0.1866,0.0635,0.0273,12.31,1.0675,13.128,2,,,,
2310,2023-05-12,0,2,0.9387,0.4659,0.2135,0.0832,24.11,1.4175,38.319,7,*y0+y1 branch measured,,,
2346,2023-05-12,0,1,0.844,0.4239,0.0678,0.0318,9.44,0.99,29.406,6,,,,
2348,2023-05-12,0,2,0.6592,0.3209,0.1187,0.0526,33.53,1.185,30.022,7,,,,
2023,2023-05-12,3,1,0.6355,0.3869,0.0693,0.0395,17.15,1.095,26.482,5,"No y2 lwaves (but yes y0,y1,y3)",,,
2354,2023-05-12,0,1,0.4346,0.2334,0.0284,0.0153,15.09,0.805,16.211,5,,,,
2023,2023-05-12,3,3,0.2649,0.1704,0.2496,0.1499,53.11,1.565,8.426,1,"No y2 leaves(but yes y0, y1, y3)",,,
2354,2023-05-12,1,1,0.2533,0.1542,0.0221,0.0141,10.17,0.9025,10.775,3,,,,
2023,2023-05-12,0,3,0.8297,0.451,0.0463,0.0233,17,0.955,31.278,3,,,,
2362,2023-05-12,0,2,1.1714,0.5952,0.1896,0.0876,25.54,1.245,50.027,8,,,,
2012,2023-05-12,0,1,0.059,0.031,0.0039,0.0026,3.16,0.645,2.64,3,,,,
2378,2023-05-12,0,3,0.365,0.1964,0.0515,0.0263,11.54,1.105,14.711,5,,,,
2085,2023-05-12,0,2,0.7336,0.3719,0.0862,0.0374,20.62,1.0525,25.806,6,,,,
2358,2023-05-12,0,2,0.7913,0.3955,0.159,0.0699,37.22,1.1725,32.06,6,,,,
2370,2023-05-12,0,3,0.8364,0.4286,0.0533,0.0247,15.09,0.98,29.242,6,,,,
2352,2023-05-12,0,2,0.6429,0.3694,0.0313,0.0196,20.01,0.6875,30.312,4,no y1 leaves,,,
2363,2023-05-12,0,3,0.7394,0.3659,0.1353,0.0602,44.3,0.675,31.261,11,,,,
2301,2023-05-12,0,1,2.504,1.3826,0.1468,0.0682,26.42,1.4925,72.123,7,no y1 leaves,,,
2379,2023-05-12,0,3,0.7696,0.4056,0.0496,0.0225,8.76,1.445,25.393,6,,,,
2009,2023-05-12,0,3,3.7543,1.6609,0.3407,0.1375,39.68,1.87,145.537,10,,,,
2028,2023-05-12,0,1,0.9016,0.4668,0.1061,0.045,15.68,1.22,32.215,8,,,,
2007,2023-05-12,0,3,0.7479,0.3459,0.1416,0.0503,21.2,1.1,20.762,8,,,,
2333,2023-05-12,0,3,0.7318,0.3687,0.136,0.0591,34.22,1.1425,30.474,8,,,,
2321,2023-05-12,0,1,1.4981,0.7125,0.2137,0.0958,40.81,1.6675,58.372,10,,,,
2301,2023-05-12,0,3,1.9109,1.0288,0.081,0.0365,19.44,1.2125,56.987,7,no y1 leaves,,,
2009,2023-05-12,0,2,1.8946,0.8134,0.1812,0.0657,28.12,1.42,83.263,9,,,,
2009,2023-05-12,0,1,0.6745,0.3029,0.0563,0.0198,17.98,0.935,32.046,3,,,,
2363,2023-05-12,0,2,0.5275,0.2675,0.0404,0.0181,13.33,0.815,21.21,5,,,,
2363,2023-05-12,0,1,1.0933,0.5644,0.634,0.0297,14.72,1.0125,44.002,7,,,,
2351,2023-05-12,0,3,0.342,0.1799,0.036,0.0163,8.95,0.69,12.381,4,,,,
2375,2023-05-12,0,3,1.5606,0.706,0.219,0.0863,27.57,1.78,45.787,8,,,,
2322,2023-05-12,3,1,0.2251,0.1531,0.0368,0.0211,9.39,1.215,7.205,6,,,,
2322,2023-05-12,0,3,1.8492,1.089,0.0821,0.0397,28.96,1.2175,53.391,13,,,,
2029,2023-05-12,0,2,0.6873,0.2153,0.0684,0.0211,24.2,1.015,31.03,7,"too large of sample in bag, this may be innacurate. no y1 leaves",,,
2349,2023-05-12,0,3,1.158,0.5252,0.0926,0.0368,23.05,1.055,49.231,5,,,,
2016,2023-05-12,0,2,0.3269,0.1578,0.1234,0.042,31.44,0.9125,9.58,4,3 branches with very very new leaves growing off y0. A y0 branch also growing off of y0,,,
2329,2023-05-12,0,3,0.579,0.2634,0.0266,0.0112,16.38,0.9025,21.543,5,,,,
2329,2023-05-12,1,3,1.4246,0.94,0.2582,0.1553,70.71,1.295,51.041,10,,,,
2353,2023-05-12,0,3,2.63,1.1564,0.173,0.0927,44.72,1.53,81.327,7,,,,
1478,2023-05-12,0,1,1.2569,0.5897,0.1642,0.0641,26.16,1.6725,41.511,8,,,,
2360,2023-05-12,0,1,1.3562,0.7029,0.1176,0.0569,17.17,1.4,50.356,7,,,,
2089,2023-05-12,1,3,2.6605,1.677,0.6302,0.3591,113.69,1.895,84.504,20,y0+y1 branch measured,,,
2302,2023-05-12,0,1,0.8376,0.4216,0.0562,0.0267,15.84,1.0525,36.506,8,,,,
2372,2023-05-12,0,2,0.7629,0.3874,0.0566,0.0248,9.47,1.1325,29.819,6,,,,
1478,2023-05-12,0,2,0.8936,0.4452,0.0972,0.042,17.13,1.3975,29.626,7,,,,
2012,2023-05-12,0,3,1.0834,0.5454,0.1715,0.069,40.62,0.91,36.924,10,,,,
2031,2023-05-12,0,3,2.4404,1.2328,0.2237,0.1055,29.52,1.5275,86.261,6,,,,
2025,2023-05-12,0,3,1.1647,0.581,0.1783,0.0798,31.29,1.62,43.883,13,,,,
2361,2023-05-12,0,3,0.7477,0.3902,0.029,0.0148,6.89,0.93,32.345,4,,,,
2353,2023-05-12,1,3,1.6489,1.06,0.2473,0.1459,48.81,1.895,80.514,7,,,,
2346,2023-05-12,0,2,0.7554,0.3715,0.0423,0.0184,8.8,0.9775,26.866,6,,,,
2360,2023-05-12,0,2,0.4954,0.2774,0.0237,0.0143,6.17,0.9275,23.535,5,,,,
2016,2023-05-12,0,1,0.0827,0.0377,0.0248,0.0089,6.42,1.43,3.581,8,Double flush -- two year zeros,,,
2016,2023-05-12,0,1,0.2574,0.1478,0.0951,0.0349,19.95,0.93,8.718,4,Double flush -- two year zeros,,,
2007,2023-05-12,0,1,1.0008,0.4983,0.3177,0.1189,40.3,1.6825,31.368,9,Double flush -- two year zeros,,,
2007,2023-05-12,0,1,0.2155,0.0847,0.0883,0.0292,17.17,1.4375,7.777,6,Double flush -- two year zeros,,,
2031,2023-05-12,0,1,0.7175,0.3544,0.1315,0.0591,19.71,1.4775,27.849,5,Double flush -- two year zeros,,,
2031,2023-05-12,0,1,0.3489,0.1434,0.0719,0.0266,14.62,0.995,12.849,9,Double flush -- two year zeros,,,
2007,2023-05-12,0,2,0.5119,0.2558,0.1143,0.0445,22.49,1.3575,17.054,6,Double flush -- two year zeros,,,
2007,2023-05-12,0,2,0.0791,0.0319,0.0406,0.0136,13.02,1.31,3.261,5,Double flush -- two year zeros,,,
2093,2023-05-12,1,1,0.2857,0.1783,0.3012,0.1584,48.6,1.41,7.271,2,Done incorrectly -- Y1 and Y2 branch measured together (unsure if there were any Y2 leaves),,,
2334,2023-05-12,0,2,0.5858,0.317,0.0391,0.0212,15.48,0.785,28.935,5,Done incorrectly -- Y0 and Y1 branch measured together (unsure if there were any Y1 leaves),,,
2086,2023-05-12,0,1,1.8704,0.9192,0.4894,0.2323,79.89,1.9275,69.698,9,Done incorrectly -- Y0 and Y1 branch measured together (unsure if there were any Y1 leaves),,,
2316,2023-05-12,0,2,0.5023,0.2563,0.0884,0.0379,23.5,1.0475,21.372,7,Done incorrectly -- Y0 and Y1 branch measured together (unsure if there were any Y1 leaves),,,
2024,2023-05-12,0,3,1.4163,0.6451,0.2542,0.1084,29.18,1.2475,44.954,7,Done incorrectly -- Y0 and Y1 branch measured together (unsure if there were any Y1 leaves),,,
2378,2023-05-12,0,1,0.6068,0.3269,0.1033,0.0546,20.31,1.195,23.605,4,Done incorrectly -- Y0 and Y1 branch measured together (unsure if there were any Y1 leaves),,,
2342,2023-05-12,0,1,1.9443,0.9428,0.2534,0.1152,39.11,1.4625,69.719,8,Done incorrectly -- Y0 and Y1 branch measured together (unsure if there were any Y1 leaves),,,
2089,2023-05-12,1,1,2.0675,1.2571,0.3933,0.2071,50.45,1.4225,65.412,9,Done incorrectly -- Y1 and Y2 branch measured together (unsure if there were any Y2 leaves),,,
2091,2023-05-12,1,2,1.3531,0.8702,0.7798,0.4057,69.05,2.195,30.005,6,Done incorrectly -- Y1 and Y2 branch measured together (unsure if there were any Y2 leaves),,,
2314,2023-05-12,0,1,0.7116,0.38,0.0581,0.0266,11.87,1.275,23.937,8,Done incorrectly -- Y0 and Y1 branch measured together (unsure if there were any Y1 leaves),,,
2012,2023-07-28,0,3,0.5028,0.1946,1.169,0.3913,261.87,1.955,24.075,17,,,,
2377,2023-07-28,0,3,3.0825,1.7102,0.6276,0.3127,65.51,1.94,71.364,16,,,,
2377,2023-07-28,1,2,0.7594,0.4305,0.5769,0.3017,57.95,2.445,21.243,8,,,,
2377,2023-07-28,0,2,1.9162,1.0562,0.2935,0.1465,48.81,1.44,54.482,11,,,,
2377,2023-07-28,0,1,1.7821,1.0707,0.4184,0.2412,50.39,2.045,54.879,9,,,,
2011,2023-07-28,0,3,1.3597,0.8243,0.5512,0.2976,30.23,3.595,46.493,8,,,,
2011,2023-07-28,0,2,0.2763,0.1624,0.1278,0.0629,11.33,1.625,9.852,6,,,,
2011,2023-07-28,1,2,1.0723,0.6352,0.2408,0.1298,14.03,1.9375,36.271,6,,,,
2011,2023-07-28,0,1,0.5606,0.3626,0.434,0.027,9.11,1.175,21.964,5,,,,
2027,2023-07-28,0,2,0.6808,0.4214,0.4783,0.2551,8.65,2.1825,25.77,4,,,,
2027,2023-07-28,0,1,0.5783,0.3419,0.702,0.3327,30.59,2.5025,19.244,3,,,,
2027,2023-07-28,0,3,0.3694,0.1888,0.1212,0.0659,8.03,0.84,16.455,3,,,,
2031,2023-07-28,0,2,1.7382,0.9018,1.4473,0.6868,88.18,3.25,44.819,8,,,,
2031,2023-07-28,1,3,0.6892,0.3435,0.5571,0.2832,31.24,3.1825,23.779,4,,,,
2031,2023-07-28,0,3,1.9397,1.0156,0.7675,0.3642,41.28,2.5275,53.141,6,,,,
2031,2023-07-28,1,1,1.1402,0.5946,0.2344,0.1273,16.9,2.355,44.499,6,,,,
2031,2023-07-28,1,2,1.5733,0.7933,0.6031,0.305,29.89,3.445,53.115,7,,,,
2031,2023-07-28,0,1,0.8597,0.4747,0.2014,0.1082,19.53,1.645,32.655,5,,,,
2009,2023-07-28,0,2,1.0884,0.5494,0.5321,NA,17.56,1.3275,35.535,4,stem lost :(,,,
2009,2023-07-28,0,3,2.2816,1.18,0.3373,0.1586,23.8,1.8625,46.987,7,,,,
2009,2023-07-28,0,1,0.7185,0.3846,0.19,0.1037,13.06,2.0175,27.064,4,,,,
2301,2023-07-28,1,1,0.3364,0.2039,0.3278,0.1782,67.49,2.2775,11.419,2,,,,
2301,2023-07-28,0,1,2.0805,1.0273,0.1813,0.0742,15.28,1.58,56.783,6,,,,
2301,2023-07-28,1,2,1.377,0.8289,0.5121,0.2666,56.73,2.3575,44.694,6,,,,
2301,2023-07-28,0,2,0.9209,0.4098,0.2105,0.0812,30.64,1.475,24.282,4,,,,
2301,2023-07-28,1,3,0.5556,0.3163,0.3532,0.1827,59.04,1.89,16.608,3,,,,
2301,2023-07-28,0,3,2.42,1.1997,0.2502,0.1148,17.82,1.8825,55.367,7,,,,
2354,2023-07-28,0,3,3.3456,1.6158,0.4744,0.2138,56.39,2.415,88.842,14,,,,
2354,2023-07-28,0,2,1.4653,1.0844,0.2864,0.1884,52.48,2.1575,56.752,10,,,,
2029,2023-07-28,0,3,2.969,1.5211,0.4352,0.2127,76.97,1.915,79.732,13,,,,
2029,2023-07-28,0,2,1.2281,0.6472,0.1087,0.0603,32.27,1.5075,37.881,9,,,,
2029,2023-07-28,0,1,4.0421,2.0323,0.3312,0.1593,24.73,1.9375,108.492,5,,,,
2376,2023-07-28,0,3,3.4643,1.7784,0.318,0.1583,13.16,2.485,80.165,10,,,,
2376,2023-07-28,0,2,1.9727,0.9909,0.1416,0.0609,14.66,1.7425,57.032,6,,,,
2376,2023-07-28,0,1,1.8305,0.9079,0.1244,0.0583,21.43,1.7,50.86,6,,,,
2030,2023-07-28,0,3,1.9006,1.513,1.0205,0.6918,155.5,2.71,67.146,12,,,,
2030,2023-07-28,0,2,1.7711,1.2456,0.2248,0.1496,58.44,1.8225,64.419,11,,,,
2030,2023-07-28,0,1,2.1262,1.5419,0.424,0.2907,76.37,2.0375,73.677,13,,,,
2352,2023-07-28,0,3,2.4916,1.3897,0.4128,0.2378,81.65,1.7175,102.727,11,,,,
2352,2023-07-28,0,2,2.5561,1.2998,0.324,0.1569,45.16,1.8275,74.878,7,,,,
2352,2023-07-28,0,1,2.195,1.1272,0.3706,0.1842,52.34,1.9,72.049,6,,,,
2360,2023-07-28,0,3,2.528,1.277,0.914,0.413,46.03,2.7525,82.806,10,,,,
2360,2023-07-28,0,2,1.5186,0.7465,0.288,0.1488,23,1.925,54.5432,6,,,,
2360,2023-07-28,0,1,0.6778,0.3579,0.155,0.0996,23.13,1.5425,32.285,6,,,,
2022,2023-07-28,0,3,4.1224,2.1979,0.6829,0.3511,42.36,2.54,99.618,15,,,,
2022,2023-07-28,0,2,5.3324,2.7264,0.7909,0.3976,59.54,2.205,132.298,17,,,,
2022,2023-07-28,0,1,2.2081,1.1535,0.6126,0.312,69.16,2.105,54.892,10,,,,
2022,2023-07-28,1,1,3.5036,1.793,0.5862,0.3022,40.5,2.7075,92.458,9,,,,
2021,2023-07-28,0,3,0.5241,0.2701,0.547,0.2738,22.12,3.4175,14.801,5,1st flush,,,
2021,2023-07-28,0,3,1.8347,1.0781,2.723,1.2184,131.06,3.865,41.597,9,2nd flush,,,
2021,2023-07-28,0,1,0.1823,0.1013,0.1689,0.0956,19.71,1.575,6.03,3,1st flush ,,,
2021,2023-07-28,0,1,0.7507,0.4027,0.1223,0.068,16.3,1.695,21.893,8,2nd flush,,,
2021,2023-07-28,0,2,0.6955,0.3608,2.4417,1.1101,179.52,3.36,14.503,6,,,,
2004,2023-07-28,0,2,2.0652,1.0881,1.0071,0.5226,106.38,2.4925,60.577,22,,,,
2012,2023-07-28,0,2,0.599,0.2923,0.3872,0.1722,75.9,2.295,18.972,12,,,,
2013,2023-07-28,0,2,1.737,0.9039,1.3706,0.6538,118,3.0025,53.024,11,,,,
2012,2023-07-28,0,1,0.7907,0.3786,0.6121,0.2402,108,2.255,24.738,14,,,,
2015,2023-07-28,0,1,1.4817,0.6474,1.9528,0.6459,182.5,3.3725,46.204,9,,,,
2091,2023-07-28,0,1,1.5413,0.7295,1.4837,0.6467,212,2.995,37.669,13,,,,
2006,2023-07-28,0,2,3.62,1.818,4.2609,1.9262,208,4.0925,73.012,11,,,,
2087,2023-07-28,0,1,1.5917,0.866,2.2945,0.7127,182.5,3.195,52.861,17,2nd flush,,,
2087,2023-07-28,0,1,2.148,1.045,1.052,0.4485,41.96,3.445,61.742,10,1st flush,,,
2093,2023-07-28,0,3,1.7514,0.9403,0.181,0.0947,48.27,1.44,51.433,10,,,,
2042,2023-07-28,0,1,1.1722,0.5526,0.3467,0.149,17.77,3.1,38.778,6,,,,
2090,2023-07-28,0,3,2.5246,1.176,1.636,0.6769,127,2.9125,80.785,22,,,,
2089,2023-07-28,0,1,2.9828,1.4237,0.4993,0.2532,86.59,2.2475,115.211,8,,,,
2088,2023-07-28,0,2,0.4467,0.2344,0.0572,0.0314,11.55,1.145,20.423,5,,,,
2088,2023-07-28,0,3,0.8944,0.4364,0.2106,0.1087,26.08,2.0325,33.758,9,,,,
2025,2023-07-28,0,3,3.1641,1.6395,1.2266,0.613,115,2.6875,94.218,24,,,,
2025,2023-07-28,0,2,1.349,0.7049,1.2288,0.607,110.36,3.0375,37.925,9,,,,
2025,2023-07-28,0,1,1.6575,0.8755,0.3706,0.2053,60.92,2.11,57.164,16,,,,
2383,2023-07-28,0,3,1.2594,0.6557,0.395,0.2061,27.73,2.6,36.226,5,,,,
2383,2023-07-28,0,2,1.0442,0.5365,0.1391,0.0759,18.32,1.6225,34.033,6,,,,
2383,2023-07-28,0,1,2.8916,1.4604,1.4659,0.6912,87.07,3.0675,76.135,13,should have been double flush maybe?,,,
2384,2023-07-28,0,3,2.9236,1.5738,2.1243,1.0854,142,3.3,80.616,15,,,,
2384,2023-07-28,0,2,0.7331,0.3804,0.2267,0.1023,30.56,2.1075,24.364,9,,,,
2384,2023-07-28,0,1,1.6513,0.8575,0.283,0.1436,31.32,1.8925,54.667,14,,,,
2346,2023-07-28,0,3,0.8848,0.4637,0.1384,0.0699,15.9,1.5025,29.257,7,,,,
2346,2023-07-28,0,2,3.3401,1.6905,1.1573,0.6732,127.22,2.5325,108.976,15,,,,
2346,2023-07-28,0,1,3.4372,1.7818,1.5725,0.7312,123.54,2.5625,102.723,15,,,,
2028,2023-07-28,0,3,1.8135,1.0071,0.5507,0.2769,60.48,2.17,58.373,11,,,,
2028,2023-07-28,0,2,0.9792,0.5867,0.0819,0.0491,14.75,1.945,35.185,9,,,,
2028,2023-07-28,0,1,3.3021,1.7873,3.0463,1.4358,205.52,79.45,90.592,20,,,,
2381,2023-07-28,0,1,1.2372,0.6593,0.2566,0.1279,22.37,2.045,43.08,6,,,,
2381,2023-07-28,0,2,1.1127,0.5777,0.2573,0.1131,23.08,1.85,34.095,7,,,,
2381,2023-07-28,0,3,1.0245,0.5387,0.2406,0.1212,21.87,2.1225,31.367,8,,,,
2026,2023-07-28,0,3,1.4195,0.7709,0.3823,0.1933,31.54,2.83,47.82,12,,,,
2026,2023-07-28,0,2,0.6539,0.3937,0.2492,0.1453,20.75,1.71,22.474,5,,,,
2026,2023-07-28,0,1,2.4556,1.3092,0.8022,0.396,58.21,3.0075,76.614,11,,,,
2026,2023-07-28,1,1,1.3736,0.7304,0.3142,0.1644,18.45,2.615,41.493,7,,,,
2354,2023-07-28,0,1,0.3094,0.2577,0.4662,0.3175,37.71,3.4575,12.4888,4,1st flush,,,
2354,2023-07-28,0,1,1.1984,0.9983,0.6642,0.4523,53.18,3.1075,48.373,6,2nd flush,,,
2354,2023-07-28,0,1,1.8216,1.5174,1.9687,1.3407,277.5,3.1425,73.528,10,3rd flush,,,
2089,2023-07-28,0,2,2.5747,1.3276,0.7336,0.3653,95.22,2.145,92.707,9,,,,
2089,2023-07-28,2,2,0.2871,0.1665,0.3676,0.205,36.8,2.8375,9.621,1,,,,
2089,2023-07-28,1,2,0.0354,0.0228,0.3147,0.1753,26.79,2.59,1.263,1,,,,
2089,2023-07-28,0,3,1.4198,0.7434,0.1299,0.074,40.83,40.83,54.23,9,,,,
2092,2023-07-28,0,2,2.7326,1.3743,0.1853,0.0919,38,1.4775,87.193,6,,,,
2092,2023-07-28,0,3,1.5624,0.8284,0.1237,0.0632,26.88,1.405,46.674,7,,,,
2092,2023-07-28,0,1,3.3252,1.6926,0.1826,0.0878,42.28,1.5825,105.671,9,,,,
2004,2023-07-28,0,3,3.2939,1.7783,3.0646,1.471,188.52,3.7525,87.194,23,,,,
2004,2023-07-28,0,1,0.6837,0.3779,0.158,0.0873,17.1,1.9975,24.014,6,,,,
2004,2023-07-28,0,1,0.3866,0.2316,0.44,0.2626,34.77,2.395,11.602,4,flush 1,,,
2004,2023-07-28,0,1,1.7515,1.054,0.6545,0.3619,70.15,2.94,48.24,13,flush 2,,,
2043,2023-07-28,0,1,1.9816,0.9989,0.5047,0.2409,30.61,2.87,65.267,12,,,,
2043,2023-07-28,0,2,0.9322,0.4993,0.5055,0.2566,37.57,2.6525,25.791,4,,,,
2043,2023-07-28,0,3,1.6978,0.899,1.006,0.5068,42.88,3.8525,46.505,6,,,,
2045,2023-07-28,0,1,1.1149,0.5495,0.185,0.093,14.62,1.9,34.532,5,,,,
2045,2023-07-28,0,2,1.7957,0.8847,0.4876,0.2313,27.64,2.625,55.711,6,,,,
2045,2023-07-28,0,3,1.5395,0.7806,0.294,0.1569,22.29,2.5575,52.919,6,,,,
2046,2023-07-28,0,1,1.1104,0.5592,0.1238,0.0645,22,1.64,46.116,8,,,,
2046,2023-07-28,0,2,0.7685,0.3895,0.0568,0.0298,14.48,1.1625,35.028,9,,,,
2046,2023-07-28,0,3,2.7319,1.355,0.7566,0.3753,61.99,2.3525,94.624,9,,,,
2093,2023-07-28,0,1,0.7765,0.4221,0.033,0.0173,9.02,1.1025,20.956,5,,,,
2093,2023-07-28,1,1,0.9384,0.5807,0.4044,0.2029,85,1.9675,20.877,4,,,,
2093,2023-07-28,0,2,4.2718,2.3013,0.7666,0.3894,77.1,2.44,111.654,16,,,,
2093,2023-07-28,1,2,0.9024,0.5319,0.4631,0.2448,42.23,2.135,23.67,7,,,,
2091,2023-07-28,0,2,0.4502,0.2468,0.1448,0.0788,33.48,1.4225,13.356,9,,,,
2091,2023-07-28,0,3,3.4037,1.7383,1.3458,0.649,101.28,2.7875,74.255,11,,,,
1478,2023-07-28,0,1,1.7427,1.061,1.8825,0.9411,78.24,3.6275,48.057,8,1st flush,,,
1478,2023-07-28,0,1,2.2902,1.2877,2.7943,1.2371,161,4.245,63.085,13,2nd flush,,,
1478,2023-07-28,0,2,1.3489,0.6869,0.3626,0.1837,41.04,1.83,41.034,7,,,,
1478,2023-07-28,0,3,0.7925,0.4052,0.2382,0.1234,41.08,1.7325,28.671,4,,,,
2008,2023-07-28,0,1,1.834,1.0262,2.6379,1.167,243,2.97,55.954,22,double flush,,,
2008,2023-07-28,0,2,1.2274,0.6654,0.168,0.0939,25.76,2.025,42.105,7,,,,
2008,2023-07-28,0,3,1.759,0.9664,0.2592,0.142,25.97,2.3125,58.951,10,,,,
2044,2023-07-28,0,1,0.3263,0.1806,0.0511,0.028,20.8,0.88,15.67,4,,,,
2044,2023-07-28,0,2,2.2104,1.1762,0.751,0.3723,74.88,2.21,74.501,12,,,,
2044,2023-07-28,0,3,0.5334,0.2828,0.0746,0.0383,19.76,0.975,23.827,5,,,,
2049,2023-07-28,0,1,2.1453,1.0311,0.5663,0.2607,58.91,2.085,85.047,9,,,,
2049,2023-07-28,0,2,1.0276,0.4973,0.1356,0.066,22.41,1.49,41.691,5,,,,
2049,2023-07-28,0,3,1.0636,0.5196,0.101,0.0491,17.46,1.4575,47.995,6,,,,
2015,2023-07-28,0,2,0.7702,0.4078,0.2143,0.1143,37.24,1.565,25.367,5,,,,
2015,2023-07-28,0,3,0.9285,0.5122,0.6336,0.3288,73.83,2.35,29.027,6,,,,
2006,2023-07-28,0,1,1.1057,0.5817,0.1957,0.1117,15.63,1.6625,39.349,7,,,,
2006,2023-07-28,0,3,0.8348,0.4323,0.1446,0.0789,12.47,1.7725,30.753,6,,,,
2050,2023-07-28,0,1,1.1858,0.5899,0.4787,0.2421,48.05,2.2625,43.63,7,,,,
2050,2023-07-28,0,2,1.0696,0.5327,0.1852,0.0953,22.81,1.6925,33.605,7,,,,
2050,2023-07-28,0,3,3.2656,1.6402,1.9177,0.9282,79.7,3.4175,89.641,18,,,,
2010,2023-07-28,0,1,4.8006,2.7825,9.9083,4.9254,20,5.1225,137.268,18,Flush 1 ,,,
2010,2023-07-28,0,1,4.8006,2.7825,9.9083,4.9254,372,5.1225,137.268,18,flush 2 only length was measured differently,,,
2010,2023-07-28,0,2,2.4104,1.253,3.17099,1.4586,198.5,3.8175,69.64,13,,,,
2010,2023-07-28,0,3,1.2992,0.678,0.5392,0.2476,29.72,2.4425,40.779,6,,,,
2048,2023-07-28,0,1,3.1133,1.5293,1.1691,0.5526,60.14,3.015,98.284,9,,,,
2048,2023-07-28,0,2,0.813,0.4022,0.271,0.1386,20.71,1.935,3.031,9,,,,
2048,2023-07-28,0,3,2.8964,1.4745,1.3797,0.6842,79.09,3.4775,93.223,13,,,,
2005,2023-07-28,0,1,5.0169,2.9167,10.4574,5.3892,59,4.8725,127.293,17,flush 1,,,
2005,2023-07-28,0,1,5.0169,2.9167,10.4574,5.3892,381,4.8725,127.293,17,flush 2 only length was measured differently,,,
2005,2023-07-28,0,2,1.6567,0.9234,0.4571,0.2558,35.27,2.0075,46.818,8,flush 1,,,
2005,2023-07-28,0,2,0.4017,0.2298,0.451,0.2343,62.36,2.4775,11.948,5,flush 2 ,,,
2005,2023-07-28,0,3,1.6029,0.8549,0.4834,0.2465,45.22,2.0775,47.847,8,,,,
2042,2023-07-28,0,2,9.6387,5.2284,1.2855,1.2855,58.86,3.0675,282.962,15,,,,
2042,2023-07-28,0,3,0.5066,0.2637,0.0937,0.0451,12.08,0.9225,20.686,3,,,,
2090,2023-07-28,0,1,1.0893,0.573,0.7281,0.3524,38.55,3.1175,36.735,7,flush 1,,,
2090,2023-07-28,0,1,2.3886,1.2344,3.6791,1.5152,186,3.6575,78.653,16,flush 2,,,
2090,2023-07-28,0,2,0.8586,0.4114,0.1462,0.0721,16.42,1.27,33.582,7,,,,
2087,2023-07-28,0,3,1.7034,0.9394,0.6033,0.2825,31.42,2.9975,53.572,10,flush 1,,,
2087,2023-07-28,0,3,0.8139,0.3659,0.9705,0.3608,133,2.7825,28.366,13,flush 2,,,
2347,2023-07-28,0,3,0.9163,0.5068,0.103,0.0582,13.41,1.5325,31.204,5,,,,
2347,2023-07-28,0,1,0.7346,0.4937,0.1377,0.0912,19.33,1.6925,33.834,4,,,,
2347,2023-07-28,0,2,1.1752,0.6461,0.2336,0.1246,23.3,1.4,35.187,3,,,,
2371,2023-07-28,0,1,1.8633,1.0608,0.2213,0.1248,23.89,2.305,61.942,7,,,,
2371,2023-07-28,0,2,2.425,1.3284,0.8988,0.4501,53.92,2.8475,67.555,5,,,,
2371,2023-07-28,0,3,1.614,0.8958,0.2218,0.1122,25.76,2.0225,50.22,6,,,,
2331,2023-07-28,0,1,1.6674,0.861,0.3284,0.1556,75.55,1.865,40.379,14,,,,
2331,2023-07-28,1,1,1.6158,0.8925,0.2789,0.1451,41.25,1.92,42.922,9,,,,
2331,2023-07-28,0,2,1.2768,0.664,0.117,0.0615,25.05,1.3775,35.53,8,,,,
2331,2023-07-28,1,3,0.878,0.4815,0.2103,0.0999,19.68,2.4825,22.257,6,,,,
2331,2023-07-28,0,3,2.4463,1.2014,1.3752,0.5694,219.97,2.65,49.925,20,,,,
2370,2023-07-28,0,1,0.8705,0.5425,0.125,0.0809,22.18,1.6525,27.727,6,,,,
2370,2023-07-28,0,2,0.4419,0.2602,0.0622,0.0367,12.91,0.9725,13.794,4,,,,
2370,2023-07-28,0,3,1.5257,0.8645,0.3606,0.1934,29.21,2.4875,39.644,8,,,,
2343,2023-07-28,0,1,2.5887,1.4007,0.3263,0.1609,36.26,2.0875,96.724,7,,,,
2343,2023-07-28,0,2,1.7563,0.89,0.2278,0.1075,22.02,1.8825,69.34,7,,,,
2343,2023-07-28,0,3,3.5695,1.873,0.59,0.2735,31.66,2.3925,105.19,7,,,,
2380,2023-07-28,0,1,2.1813,1.2721,0.409,0.2257,57.69,1.975,61.743,12,,,,
2380,2023-07-28,0,2,1.3132,0.7389,1.798,0.094,25.98,1.84,34.091,6,,,,
2380,2023-07-28,0,3,2.3078,1.297,0.265,0.1346,39.62,1.625,65.214,11,,,,
2372,2023-07-28,0,1,1.7828,0.922,0.5105,0.218,23.87,2.4625,52.72,8,Double flush,,,
2372,2023-07-28,0,1,1.8587,0.7847,1.2489,0.4584,35.16,2.4725,53.532,16,Double flush,,,
2372,2023-07-28,0,2,1.8444,0.9497,0.3596,0.151,21.54,2.4625,55.316,6,Double flush,,,
2372,2023-07-28,0,2,1.4168,0.6503,0.9209,0.3801,78.91,2.6175,35.845,9,Double flush,,,
2372,2023-07-28,0,3,2.2332,1.1239,0.5527,0.2408,29.21,2.5575,55.338,8,Double flush,,,
2372,2023-07-28,0,3,1.3773,0.6221,0.6105,0.244,71.99,2.1575,45.7,11,Double flush,,,
2375,2023-07-28,0,1,1.8024,0.9927,1.2112,0.5916,101.15,3.32,44.822,15,,,,
2375,2023-07-28,0,2,0.803,0.3886,0.1931,0.0896,13.38,2.8575,23.019,6,Double flush,,,
2375,2023-07-28,0,2,1.767,0.8579,0.633,0.2795,59.41,3.98,55.951,8,Double flush,,,
2375,2023-07-28,0,3,0.8002,0.3978,0.1876,0.0877,12.03,2.9625,23.657,6,Double flush,,,
2375,2023-07-28,0,3,1.4941,0.7504,0.7098,0.3182,65.59,2.46,44.452,10,Double flush,,,
2024,2023-07-28,0,1,5.3662,2.6541,2.3483,1.1208,126.1,3.6925,162.182,13,,,,
2024,2023-07-28,0,2,1.1719,0.6035,0.5708,0.2725,35.6,2.8825,37.397,3,Double flush,,,
2024,2023-07-28,0,2,1.6857,0.8193,0.374,0.1801,24.95,2.8675,55.784,6,Double flush,,,
2024,2023-07-28,0,3,1.7048,0.9615,0.501,0.2759,42.7,2.62,56.352,5,,,,
2369,2023-07-28,0,1,1.0507,0.5223,0.1786,0.0876,27.9,1.4975,35.943,5,,,,
2369,2023-07-28,0,2,0.9748,0.4844,0.2423,0.1183,34.07,1.8925,33.36,5,,,,
2369,2023-07-28,0,3,2.0672,1.1917,0.3064,0.1683,29.72,1.715,76.914,11,,,,
2382,2023-07-28,0,1,1.099,0.6754,0.2307,0.1412,27.02,1.595,43.694,6,,,,
2382,2023-07-28,0,2,0.8532,0.4563,0.1666,0.0919,28.95,1.305,30.581,6,,,,
2382,2023-07-28,0,3,0.9538,0.5267,0.1973,0.1093,28.47,1.7275,36.182,5,,,,
2365,2023-07-28,0,1,1.7078,0.8642,0.2142,0.1225,27.38,1.725,66.908,8,,,,
2365,2023-07-28,0,2,0.5389,0.2524,0.0964,0.043,25.14,1.34,21.845,4,,,,
2365,2023-07-28,0,3,0.9543,0.5039,0.1651,0.0885,27.1,1.775,36.459,18,,,,
2367,2023-07-28,0,1,0.6931,0.3784,0.1123,0.0643,28.43,1.81,29.898,6,,,,
2367,2023-07-28,0,2,1.1619,0.5722,0.153,0.0799,34.85,1.2075,40.315,19,,,,
2367,2023-07-28,0,3,0.645,0.3355,0.1246,0.0705,31.69,1.32,29.559,6,,,,
2379,2023-07-28,0,1,0.5694,0.3187,0.0574,0.032,8.9,1.26,20.488,6,,,,
2379,2023-07-28,0,2,0.8598,0.4358,0.1957,0.1095,33.17,2.4675,29.418,8,,,,
2379,2023-07-28,0,3,1.0891,0.5668,0.3238,0.1691,31.42,2.2775,35.281,12,,,,
2023,2023-07-28,0,1,4.3478,2.3261,0.8308,0.4451,72.38,2.9725,94.499,10,,,,
2023,2023-07-28,0,2,3.3261,1.7861,0.7088,0.3434,70.18,2.8275,69.353,10,,,,
2023,2023-07-28,1,2,3.5362,1.8705,1.4839,0.7451,101,3.0075,76.614,7,,,,
2023,2023-07-28,0,3,3.0678,1.6547,1.2166,0.5924,95.85,2.845,68.608,11,,,,
2345,2023-07-28,0,1,1.7654,0.9801,0.3283,0.1707,51.93,2.0825,50.191,9,,,,
2345,2023-07-28,0,2,3.2234,1.6628,0.8754,0.4191,82,1.8425,74.119,12,,,,
2345,2023-07-28,0,3,1.3705,0.7207,0.1702,0.0816,19.13,1.945,36.321,8,,,,
2378,2023-07-28,0,1,1.5719,0.7908,0.3329,0.1531,19.1,2.9575,45.351,7,Double flush,,,
2378,2023-07-28,0,1,0.5251,0.2689,0.4426,0.2068,21.99,3.215,15.008,5,Double flush,,,
2378,2023-07-28,0,2,0.8297,0.4289,1.3305,0.6127,30.14,4.9125,23.84,4,Double flush,,,
2378,2023-07-28,0,2,5.6767,3.1931,7.5245,3.283,214,5.2675,129.147,20,Double flush,,,
2378,2023-07-28,0,3,5.3575,3.0259,6.765,3.1634,264,4.5875,129.991,21,,,,
2020,2023-07-28,0,1,1.5279,0.8441,0.1985,0.1007,34.84,1.7625,48.886,10,,,,
2020,2023-07-28,0,2,3.3184,1.7187,1.6684,0.7755,126,3.3775,96.05,16,,,,
2020,2023-07-28,0,3,2.9877,1.5995,1.8727,0.8969,158,3.2825,81.242,18,,,,
2086,2023-07-28,0,1,2.8991,1.425,0.8814,0.4229,64.49,3.155,91.105,10,,,,
2086,2023-07-28,0,2,1.5118,0.7351,0.6306,0.3011,51.29,2.52,48.446,7,,,,
2086,2023-07-28,0,3,1.275,0.6741,0.2845,0.1546,41.23,2.14,51.987,8,,,,
2051,2023-07-28,0,1,0.4478,0.2628,0.1274,0.0783,28.86,1.4,19.923,6,,,,
2051,2023-07-28,0,2,1.074,0.5442,0.2662,0.1425,23.43,1.935,36.025,9,,,,
2051,2023-07-28,0,3,1.567,1.567,0.567,0.2758,50.7,2.2475,50.154,12,,,,
2047,2023-07-28,0,1,1.4378,0.6455,0.3757,0.1873,40.22,2.125,42.56,6,,,,
2047,2023-07-28,0,2,1.6067,0.777,0.5325,0.2544,40.13,2.47,43.798,6,,,,
2047,2023-07-28,0,3,2.1426,1.045,0.8836,0.4097,64.15,2.785,59.711,8,,,,
2040,2023-07-28,0,1,0.5533,0.2788,0.1103,0.059,22.31,1.3175,19.857,6,,,,
2040,2023-07-28,0,2,0.8088,0.3979,0.1548,0.0791,26.79,1.5275,3.869,6,,,,
2040,2023-07-28,0,3,0.5568,0.2818,0.0971,0.0551,15.28,1.3025,20.173,9,,,,
2041,2023-07-28,0,1,0.4088,0.2147,0.0849,0.0467,15.49,1.315,14.991,5,,,,
2041,2023-07-28,0,2,0.8296,0.4319,0.3026,0.1293,18.22,2.395,28.198,10,,,,
2041,2023-07-28,0,3,1.1939,0.59,0.377,0.1846,41.9,2.4,42.117,10,,,,
2007,2023-07-28,0,1,2.8496,1.732,3.1244,1.6351,230.48,3.145,74.182,19,,,,
2007,2023-07-28,0,2,1.4028,0.7748,0.3902,0.2035,50.99,2.165,46.86,14,,,,
2007,2023-07-28,0,3,1.4669,0.8111,0.3688,0.1994,56.03,1.8025,45.782,12,,,,
2016,2023-07-28,0,1,0.9346,0.5136,0.1389,0.0779,28.13,0.225,34.286,6,,,,
2016,2023-07-28,0,2,0.9162,0.5236,0.1938,0.1063,41.97,1.39,33.711,6,,,,
2016,2023-07-28,0,3,3.2582,1.8964,1.625,0.8783,15.48,2.45,70.445,14,,,,
2052,2023-07-28,0,1,2.2601,1.1635,0.3973,0.1952,23.21,2.115,73.691,10,,,,
2052,2023-07-28,0,2,3.6747,1.8956,0.5252,0.2564,32.63,2.265,118.011,12,,,,
2052,2023-07-28,0,3,0.5854,0.3042,0.3079,0.1528,26.14,2.035,19.347,3,,,,
2085,2023-07-28,0,1,2.7578,1.6739,2.1035,0.9782,77.57,4.07,59.359,8,Double flush,,,
2085,2023-07-28,0,1,1.9674,1.0525,2.5592,1.0664,205,3.1825,56.438,11,Double flush,,,
2085,2023-07-28,0,2,1.4717,0.761,0.5328,0.2612,36.23,2.0575,53.17,13,,,,
2085,2023-07-28,0,3,1.1924,0.5896,0.3688,0.1764,30.52,1.865,39.26,7,,,,
2013,2023-07-28,0,1,0.564,0.2379,0.3653,0.1496,71.28,1.65,16.407,8,,,,
2013,2023-07-28,0,3,2.5668,1.5017,2.9527,1.538,38,3.2425,74.312,15,Flush #1,,,
2013,2023-07-28,0,3,2.5668,1.5017,2.9527,1.538,159,3.2425,74.312,15,"Flush #2, everything measured together except for length",,,
2088,2023-07-28,0,1,1.2229,0.6897,0.6283,0.3191,30.18,3.37,109.298,8,Double flush,,,
2088,2023-07-28,0,1,2.2855,1.1683,2.275,1.0207,183,3.37,109.298,22,Double flush,,,
2345,2023-09-29,0,3,5.0147,3.0903,2.2209,1.3315,122.29,2.755,117.018,28,,,,
2365,2023-09-29,0,3,1.1332,1.115,0.9239,0.7621,83.82,3.4275,69.612,13,"plastic bags did not have branch label, JPG File Name: B_2365_b(1,2,3)_y0_9.29.23.jpg",,,
2022,2023-09-29,0,2,2.6153,1.5232,0.8735,0.5057,51.58,2.7375,65.88,10,,,,
2023,2023-09-29,0,2,5.1811,3.0794,1.6822,1.0046,143,2.9675,100.174,15,,,,
2381,2023-09-29,0,3,2.8023,1.9517,0.697,0.4553,48.33,2.3925,94.52,14,"plastic bags did not have branch label, JPG File Name: B_2381_b(1-2-3)_y0_9.29.23.jpg",,,
2345,2023-09-29,0,2,4.2557,2.4392,1.42,0.7559,90.89,2.09,103.818,26,,,,
2023,2023-09-29,0,3,2.7849,1.8273,0.7692,0.5053,103,1.9925,61.503,11,,,,
2024,2023-09-29,0,3,2.5013,1.449,0.7049,0.4359,48.05,2.5425,88.595,11,,,,
2377,2023-09-29,0,1,3.0312,1.7447,2.7043,1.5011,203.82,2.9425,69.608,15,,,,
2381,2023-09-29,0,1,2.2511,1.3248,0.7871,0.4707,44.22,3.015,66.631,10,"plastic bags did not have branch label, JPG File Name: B_2381_b(1or2or3)_y0_9.29.23.jpg",,,
2381,2023-09-29,0,2,2.3609,1.4239,0.7587,0.4429,50.25,1.9425,77.83,13,"plastic bags did not have branch label, JPG File Name: B_2381_b(1,2,3)_y0_9.29.23.jpg",,,
2345,2023-09-29,0,1,7.2564,4.2183,2.9624,1.619,152.83,2.54,175.331,45,,,,
2024,2023-09-29,0,1,1.8448,1.073,0.7091,0.442,58.95,2.56,61.726,9,,,,
2378,2023-09-29,0,3,14.6836,8.4956,18.7718,11.258,220,5.6175,116.607,76,,,,
0000,2023-09-29,0,1,18.87,10.0372,37.477,21.9604,530,7.4675,560.213,166,two bags with samples,,,
2023,2023-09-29,0,1,2.7556,1.7023,0.7361,0.4621,101,2.325,65.26,11,,,,
2365,2023-09-29,0,2,1.3038,0.7988,0.2908,0.1836,32.29,1.82,50.454,6,"plastic bags did not have branch label, JPG File Name: B_2365_b(1-2-3)_y0_9.29.23.jpg",,,
2352,2023-09-29,0,2,0.6744,0.425,0.0773,0.0509,21,1.1925,29.571,5,,,,
2022,2023-09-29,0,1,1.4976,1.0313,0.314,0.2092,31.74,1.7825,50.136,7,,,,
2352,2023-09-29,0,3,0.8714,0.657,0.1163,0.0878,22,1.5275,39.13,6,,,,
2365,2023-09-29,0,1,0.3676,0.24,0.0828,0.0501,18.24,0.7825,17.932,4,"plastic bags did not have branch label, JPG File Name: B_2365_b(1or2or3)_y0_9.29.23.jpg",,,
2022,2023-09-29,0,3,1.8592,1.0623,0.3625,0.2181,37.86,1.8625,53.934,5,,,,
2352,2023-09-29,0,1,1.3944,0.8654,0.2654,0.1711,31,1.9825,46.963,5,,,,
2090,2023-09-29,0,1,3.9084,2.2168,5.5488,3.1789,296,3.6875,123.668,24,,,,
2004,2023-09-29,0,3,2.6305,1.6692,1.9872,1.2433,122,3.1825,79.082,26,,,,
2005,2023-09-29,0,3,3.7933,2.2901,6.5088,3.9296,245,84.875,5.5575,11,,,,
2005,2023-09-29,0,1,6.9631,4.2286,6.747,4.1737,259,3.7775,175.296,23,,,,
2090,2023-09-29,0,3,3.4915,1.9232,6.0184,3.5118,294,4.8975,105.596,34,,,,
2086,2023-09-29,0,3,2.4602,1.532,2.3253,1.5291,80,4.045,74.967,9,,,,
1478,2023-09-29,0,1,3.8578,2.3447,7.9092,4.7431,179,4.8475,105.967,31,,,,
2086,2023-09-29,0,2,3.1448,1.8285,1.7996,1.1225,96,3.9775,89.904,11,,,,
2016,2023-09-29,0,2,2.4433,1.5097,0.5948,0.3655,69,2.4875,71.206,7,,,,
1478,2023-09-29,0,2,3.4644,2.0552,9.1147,5.5202,265,5.585,90.326,18,,,,
2006,2023-09-29,0,1,3.1155,1.9376,11.796,7.1763,298,5.7425,78.294,12,,,,
1478,2023-09-29,0,3,3.0079,1.7752,10.2257,6.1748,316,5.6425,74.722,16,,,,
2007,2023-09-29,0,1,4.103,2.5846,4.0056,2.5698,217,4.035,112.559,21,,,,
2090,2023-09-29,0,2,5.3858,3.0273,7.3661,4.3418,301,5.3325,157.397,32,,,,
2008,2023-09-29,0,1,1.5794,0.9753,2.2513,1.3505,248,3.2975,50.522,23,,,,
2008,2023-09-29,0,3,1.8802,1.1128,3.27,1.9067,317,3.5075,52.465,25,,,,
2007,2023-09-29,0,2,1.0141,0.6553,2.816,1.7581,238,3.5675,28.936,13,,,,
2005,2023-09-29,0,2,1.1778,0.7418,0.2294,0.1413,24,2.0175,38.6,7,,,,
2008,2023-09-29,0,2,1.4786,0.9261,0.2016,0.1194,26,2.1,51.483,8,,,,
2004,2023-09-29,0,2,2.1459,1.3133,1.1423,0.7059,80,2.9625,58.39,15,,,,
2006,2023-09-29,0,3,2.035,1.1713,0.4108,0.2442,27,2.7575,63.285,12,,,,
2004,2023-09-29,0,1,2.029,1.3221,1.2235,0.7654,92,2.625,61.942,16,,,,
2006,2023-09-29,0,2,2.6097,1.4777,1.1478,0.7001,59,3.7375,81.238,12,,,,
2016,2023-09-29,0,1,0.8283,0.54,0.2016,0.1241,27,1.8525,27.074,7,,,,
2016,2023-09-29,0,3,0.6362,0.399,0.2476,0.1374,35,1.485,17.526,5,,,,
2007,2023-09-29,0,3,1.9921,1.2596,0.864,0.5465,92,2.3225,60.328,15,,,,
2086,2023-09-29,0,1,1.9799,1.207,1.0147,0.6962,50.1,2.695,64.553,8,,,,
2030,2023-09-29,0,1,3.8414,2.2845,0.3343,0.2,58,2.0875,92.245,10,,,,
2371,2023-09-29,0,3,1.6846,1.099,0.9009,0.5974,60,3.6575,67.559,10,,,,
2030,2023-09-29,0,2,3.6301,2.0806,0.3253,0.1883,41,2.325,103.218,10,,,,
2369,2023-09-29,0,2,2.334,1.3511,0.7275,0.4526,52,2.5175,82.578,11,,,,
2029,2023-09-29,0,2,0.9795,0.8159,0.0691,0.0491,10,1.7425,40.296,6,,,,
2354,2023-09-29,0,3,0.6302,0.4421,0.0852,0.0625,17,1.515,25.67,4,,,,
2369,2023-09-29,0,3,0.5986,0.3707,0.1784,0.1256,21,1.255,27.27,5,,,,
2369,2023-09-29,0,1,0.5758,0.5178,0.1772,0.1477,22,1.4925,33.82,7,,,,
2371,2023-09-29,0,2,1.4949,0.8816,0.6004,0.4111,33,2.2975,49.851,7,,,,
2029,2023-09-29,0,3,3.0591,1.7793,0.4169,0.2367,62,2.5425,91.028,12,,,,
2028,2023-09-29,0,1,0.4397,0.292,0.0803,0.0597,12,1.1,15.479,4,,,,
2030,2023-09-29,0,3,2.0362,1.3511,0.256,0.1714,42,1.87,57.434,15,,,,
2360,2023-09-29,0,1,1.555,0.9222,0.6196,0.4103,37,2.8675,52.323,5,,,,
2028,2023-09-29,0,3,0.9545,0.5967,1.4102,0.9208,158,2.62,30.394,10,,,,
2360,2023-09-29,0,3,1.0623,0.7364,0.1586,0.1195,22,1.435,51.721,6,,,,
2024,2023-09-29,0,2,0.7277,0.5904,0.3128,0.2346,33,2.255,37.684,7,,,,
2347,2023-09-29,0,3,0.7861,0.6004,0.1817,0.1356,17,1.505,32.492,3,,,,
2360,2023-09-29,0,2,1.972,1.1661,1.3527,0.8835,59,2.985,62.09,11,,,,
2025,2023-09-29,0,1,1.4191,0.8936,0.5588,0.3609,79,2.2375,49.385,11,,,,
2371,2023-09-29,0,1,3.6875,2.1061,2.8133,1.4947,120,3.75,112.315,18,,,,
2029,2023-09-29,0,1,4.6841,2.7207,0.9105,0.5399,128,2.6175,130.234,15,,,,
2021,2023-09-29,0,1,2.4471,1.3543,1.8411,1.0949,125,3.865,76.194,14,,,,
2093,2023-09-29,0,1,3.6732,2.2181,1.0023,0.5733,106,2.79,83.315,13,,,,
2088,2023-09-29,0,1,0.9990,0.6592,0.6915,0.3948,51,2.885,35.009,10,,,,
2093,2023-09-29,0,3,4.0509,0.5079,0.9293,2.3,75,2.6,104.66,13,weird numbers for wet and dry stem mass,,,
2087,2023-09-29,0,1,7.0271,3.8438,15.22,8.1828,473,5.995,203.439,50,,,,
2015,2023-09-29,0,1,8.7902,4.5978,21.6829,11.0032,447,7.76,241.615,46,,,,
2015,2023-09-29,0,3,3.2163,1.7324,3.0674,1.5808,147,4.49,89.174,13,,,,
2085,2023-09-29,0,3,4.3314,2.7347,10.6655,5.3873,250,4.6225,94.545,15,,,,
2087,2023-09-29,0,2,4.8090,2.5618,9.0259,4.5486,347,4.715,132.690,46,,,,
2088,2023-09-29,0,3,3.8241,2.0473,3.9377,2.0346,237,4.01,120.779,31,,,,
2087,2023-09-29,0,3,2.8096,1.6422,4.5983,2.426,147.56,4.5125,86.803,24,,,,
2012,2023-09-29,0,2,4.5111,2.5048,5.0642,2.9986,282.43,2.9,128.495,34,,,,
2012,2023-09-29,0,3,0.4482,0.2819,0.057,0.0359,12.7,1.2525,16.991,5,,,,
2012,2023-09-29,0,1,1.707,1.0194,1.0016,0.568,99.34,2.615,53.588,19,,,,
2091,2023-09-29,0,2,2.842,1.6552,5.0358,2.7093,241,4.44,57.646,18,,,,
2089,2023-09-29,0,1,2.4,1.4124,0.5576,0.3326,83.22,1.9675,88.119,11,,,,
2089,2023-09-29,0,3,2.513,1.437,0.5204,0.35051,72.21,2.51,85.992,11,,,,
2091,2023-09-29,0,1,2.5308,1.3696,2.8011,1.5115,218,3.4975,52.097,14,,,,
2048,2023-07-10,0,1,1.7564,1.0199,1.2686,0.7727,100,2.57,72.51,10,,,,
2354,2023-09-29,0,2,1.483,0.8553,0.1837,0.1142,29,1.785,52.961,5,,,,
2021,2023-09-29,0,3,0.7889,0.6141,0.3752,0.2624,40,2.4075,30.122,9,,,,
2367,2023-09-29,0,1,1.3164,0.7806,0.2548,0.1716,49,1.4125,56.199,6,,,,
2367,2023-09-29,0,2,1.4299,0.8452,0.2743,0.1801,39,1.635,48.546,6,,,,
2027,2023-09-29,0,1,0.9725,0.6444,0.7688,0.4891,59,2.615,36.711,6,,,,
2354,2023-09-29,0,1,1.0449,0.6494,0.1942,0.1171,60,1.3925,36.173,9,,,,
2367,2023-09-29,0,3,0.5815,0.5282,0.1052,0.0877,30,1.2925,37.328,6,,,,
2027,2023-09-29,0,3,0.8972,0.7659,0.8931,0.6324,73,2.295,43.009,8,,,,
2085,2023-09-29,0,1,3.8414,2.2437,4.4516,2.4589,254,3.505,99.107,15,,,,
2383,2023-09-29,0,2,1.1124,0.7198,0.8887,0.5751,62,2.8225,33.105,8,,,,
2383,2023-09-29,0,1,0.8165,0.7005,0.2438,0.1806,21,2.57,37.153,7,,,,
2021,2023-09-29,0,2,1.1697,0.707,0.6593,0.4025,60,2.6775,34.07,10,,,,
2027,2023-09-29,0,2,0.7393,0.5011,0.5664,0.3319,44,2.8425,27.903,7,,,,
2092,2023-09-29,0,1,3.5685,1.8514,0.4261,0.2279,57,2.2325,111.629,10,,,,
2383,2023-09-29,0,3,1.1429,0.6791,0.3874,0.2569,38,2.715,37.802,7,,,,
2088,2023-09-29,0,2,1.0987,0.581,0.6656,0.3299,71,2.9575,34.094,6, ,,,
2093,2023-09-29,0,2,3.6201,2.0548,0.5753,0.316,42,2.58,93.793,16,,,,
2085,2023-09-29,0,2,1.5558,0.9098,2.0571,1.158,60,3.815,49.743,8,,,,
2092,2023-09-29,0,2,3.5714,1.8688,0.2649,0.1399,33,2.2975,109.403,10,,,,
2091,2023-09-29,0,3,3.2264,1.7678,0.603,0.3202,46,2.7225,78.532,9,,,,
2092,2023-09-29,0,3,3.8126,2.0309,0.5847,0.3147,74,2.12,123.631,12,,,,
2015,2023-09-29,0,2,2.5187,1.3596,2.8662,1.5482,206,3.375,78.809,14,,,,
2044,2023-10-07,0,2,1.725,0.9866,0.3421,0.1999,41.2,1.6,58.988,12,,,,
2048,2023-10-07,0,2,2.1025,1.1054,0.8648,0.5048,56.5,2.5975,79.813,10,,,,
2049,2023-10-07,0,2,1.3742,0.7326,0.2605,0.1496,33.8,1.915,55.772,7,,,,
2049,2023-10-07,0,3,1.6733,0.8652,0.2455,0.1434,23.4,1.755,66.953,7,,,,
2049,2023-10-07,0,1,1.3815,0.7863,0.2874,0.1702,35,2.145,60.043,6,,,,
2044,2023-10-07,0,3,1.9041,1.1053,0.4548,0.2648,56.1,1.7375,83.241,13,,,,
2044,2023-10-07,0,1,1.2459,0.7779,0.2978,0.1811,50,1.4125,47.044,8,,,,
2041,2023-10-07,0,3,1.1972,0.6974,0.6774,0.4065,50.8,2.975,45.963,11,,,,
2041,2023-10-07,0,2,1.906,1.0268,0.8129,0.4742,61,2.6875,63.046,13,,,,
2046,2023-10-07,0,3,1.2561,0.7029,0.1373,0.0806,22.5,1.9525,46.644,6,,,,
2046,2023-10-07,0,2,1.6097,0.9604,0.3335,0.1962,29.9,2.115,61.72,7,,,,
2041,2023-10-07,0,1,1.0652,0.6505,0.4148,0.243,44.9,2.53,43.896,10,,,,
2380,2023-09-29,0,2,2.27,1.2428,0.4936,0.2656,47.81,1.6125,62.284,11,,,,
2380,2023-09-29,0,1,0.7721,0.4474,0.5847,0.301,70.79,2.17,21.678,11,,,,
2020,2023-09-29,0,1,2.456,1.4176,1.4393,0.8771,119.08,2.785,70.706,13,,,,
2380,2023-09-29,0,3,0.7442,0.5388,0.182,0.1172,35.84,1.47,30. 293,7,,,,
2046,2023-10-07,0,1,0.9562,0.547,0.1125,0.0658,16,1.425,37.869,7,,,,
2089,2023-09-29,0,2,2.066,1.1922,0.4281,0.2519,62.51,1.725,68.94,12,,,,
2020,2023-09-29,0,3,2.1464,1.278,2.5396,1.4648,155.53,3.0625,61.366,11,,,,
2048,2023-10-07,0,3,2.472,1.3623,1.2179,0.7243,64.3,3.345,83.241,11,,,,
2301,2023-09-29,0,1,1.517,0.934,0.1408,0.0846,20,1.5375,43.219,6,,,,
2301,2023-09-29,0,2,1.698,1.0025,0.1522,0.0929,24,1.7,47.791,7,,,,
2347,2023-09-29,0,1,0.9213,0.5806,0.2013,0.1363,15,1.315,34.29,4,,,,
2020,2023-09-29,0,3,0.4162,0.3185,0.1015,0.0721,13,1.75,21.682,5,"leaves brown, very dry",,,
2011,2023-09-29,0,1,0.4749,0.4079,1.137,0.832,80,2.2375,18.855,9,,,,
2011,2023-09-29,0,3,0.6298,0.3938,1.1861,0.7417,69,2.24,19.298,8,,,,
2370,2023-09-29,0,3,0.7662,0.6344,0.1065,0.0848,17,1.24,34.94,5,,,,
2382,2023-09-29,0,1,1.1311,0.7364,1.19,0.7699,80,2.4825,39.379,13,,,,
2382,2023-09-29,0,2,1.7157,1.0713,1.0409,0.6925,95,2.31,52.337,10,,,,
2382,2023-09-29,0,3,0.8846,0.7302,0.5606,0.4119,71,1.925,36.24,6,,,,
2028,2023-09-29,0,2,0.8947,0.6877,0.2623,0.1982,23,1.9875,35.004,5,,,,
2377,2023-09-29,0,3,2.1907,1.5578,0.6017,0.4084,36,3.5525,76.125,6,,,,
2031,2023-09-29,0,1,2.2193,1.3185,0.8046,0.5131,58,2.8175,64.372,10,,,,
2020,2023-09-29,0,2,0.5869,0.5318,0.3975,0.3061,52,2.1125,25.683,5,,,,
2384,2023-09-29,0,1,2.0339,1.2138,0.9653,0.6113,77,2.795,65.049,11,,,,
2025,2023-09-29,0,3,1.5439,1.1383,0.4886,0.3333,73,2.1225,55.419,11,,,,
2377,2023-09-29,0,2,2.3417,1.3815,0.6957,0.4067,50,2.8925,50.309,7,,,,
2025,2023-09-29,0,2,1.7298,1.0702,0.9203,0.5782,83,2.91,53.595,10,,,,
2031,2023-09-29,0,3,1.6933,0.9836,0.7575,0.4741,46,3.0225,47.448,9,,,,
2347,2023-09-29,0,2,1.6936,0.9722,0.3335,0.2079,25,1.9875,55.334,6,,,,
2384,2023-09-29,0,2,0.5935,0.3599,0.0572,0.04,10,1.2575,18.232,4,,,,
2026,2023-09-29,0,1,0.7836,0.465,0.1205,0.0802,16,1.255,29.652,5,,,,
2026,2023-09-29,0,2,0.6874,0.5568,0.0871,0.0677,12,1.1925,37.885,7,,,,
2370,2023-09-29,0,1,0.9729,0.6285,0.2542,0.171,24,1.955,30.745,5,,,,
2370,2023-09-29,0,2,1.3798,0.816,0.3504,0.2214,37,1.8775,40.753,8,,,,
2301,2023-09-29,0,3,1.3079,0.8589,0.1433,0.0972,25,1.1575,42.809,7,,,,
2031,2023-09-29,0,2,0.6634,0.4581,0.7777,0.5201,61,3.05,22.138,5,,,,
2331,2023-09-29,0,3,1.2249,0.8286,0.5358,0.3485,104,1.855,25.968,14,,,,
2011,2023-09-29,0,2,2.4093,1.4876,3.0192,1.8228,122,2.915,68.577,15,,,,
2331,2023-09-29,0,1,1.2259,0.7291,0.5305,0.3116,115,1.745,20.996,12,,,,
2331,2023-09-29,0,2,2.0838,1.2252,1.1638,0.658,170,2.36,40.766,16,,,,
2384,2023-09-29,0,3,6.72,4.1741,4.8433,3.1397,178,4.4275,216.742,41,,,,
2379,2023-09-29,0,2,5.8654,3.4129,6.535,3.9515,264,3.9975,175.928,56,three branches off main branch,,,
2346,2023-09-29,0,3,2.8149,1.7646,2.4341,1.56,181,3.315,93.95,16,,,,
2376,2023-09-29,0,3,2.8691,1.742,0.4236,0.274,55,2.1875,93.581,12,,,,
2375,2023-09-29,0,2,8.4668,6.4039,26.3925,17.8569,932,6.6425,294.245,147,,,,
2379,2023-09-29,0,1,7.3714,4.719,10.0039,6.2627,410,5.11,214.535,54,,,,
2379,2023-09-29,0,3,5.419,3.0914,7.8277,4.6156,350,4.425,140.425,38,,,,
2343,2023-09-29,0,3,3.7279,2.5115,4.1553,2.6977,19.7,3.575,134.233,17,,,,
2009,2023-09-29,0,1,3.3238,1.9779,1.8172,1.1414,113,4.2575,112.963,10,,,,
2346,2023-09-29,0,1,5.7031,3.2717,7.3395,4.3684,329,3.9025,170.209,29,,,,
2346,2023-09-29,0,2,6.4157,4.1063,6.6491,4.386,349,4.3875,211.926,37,,,,
2375,2023-09-29,0,1,6.2544,3.9986,11.6713,7.4549,387,5.03,191.769,96,,,,
2378,2023-09-29,0,1,13.4036,10.1626,31.025,19.4919,337,7.425,489.119,118,so many branches off main branch,,,
2375,2023-09-29,0,3,7.1986,4.5822,9.8894,6.3826,283,4.705,223.279,115,,,,
2009,2023-09-29,0,3,7.8263,4.5616,15.5067,9.6803,511,6.2725,242.053,48,,,,
2376,2023-09-29,0,1,3.0901,1.8546,3.9317,2.3405,286,4.0875,114.225,15,,,,
2010,2023-09-29,0,1,4.2708,2.565,10.0583,6.5405,463,4.1125,133.836,33,,,,
2372,2023-09-29,0,3,6.8301,4.3389,12.3297,7.9422,388,4.3475,216.352,60,,,,
2010,2023-09-29,0,2,2.0347,1.2137,6.2265,4.0945,325,5.39,59.928,11,,,,
2343,2023-09-29,0,2,4.6152,2.8471,5.217,3.2335,225,3.6575,151.153,19,,,,
2376,2023-09-29,0,2,1.9144,1.2278,0.3608,0.2462,64,2.0825,72.865,7,,,,
2343,2023-09-29,0,1,3.1298,1.8214,1.2283,0.7376,64,2.71,107.807,9,,,,
2372,2023-09-29,0,2,3.9209,2.2595,4.4424,2.6664,235,3.1875,123.026,26,,,,
2372,2023-09-29,0,1,4.9154,2.9142,5.4963,3.4268,259,3.4275,144.862,38,,,,
2010,2023-09-29,0,3,4.1024,2.4409,11.1394,7.307,417,5.9575,125.027,22,,,,
2009,2023-09-29,0,2,9.0923,5.4791,19.9237,12.4387,677,6.4475,293.707,64,,,,