"","tree","species","week","time","type_lfm","year","lfm_wet_wt_g","lfm_dry_wt_g","lfm_percent","date_lfm","mpa_mean","notes"
"1",1472,NA,17,"pd","leaf",0,3.044,1.527,99.3451211525868,2022-04-27,NA,NA
"2",1478,"blue oak",14,"md","leaf",0,4.6368,1.6959,173.412347426145,2022-04-04,NA,NA
"3",1478,"blue oak",14,"pd","leaf",0,4.7483,1.7247,175.311648402621,2022-04-04,0.5714,NA
"4",1478,"blue oak",21,"md","leaf",0,1.2948,0.7485,72.9859719438878,2022-05-25,3.9875,NA
"5",1478,"blue oak",21,"pd","leaf",0,1.95,1.126,73.1793960923624,2022-05-25,1.55266666666667,NA
"6",1478,"blue oak",37,"md","leaf",0,3.486,2.0777,67.7816816672282,2022-09-16,4.073,NA
"7",1478,"blue oak",37,"pd","leaf",0,3.8919,2.2707,71.3964856652134,2022-09-16,1.695,NA
"8",2004,"blue oak",10,"md","leaf",0,13.011,4.8284,169.468146798111,2022-03-08,1.65333333333333,NA
"9",2004,"blue oak",10,"md","leaf",0,8.5289,3.0315,181.342569684974,2022-03-08,1.65333333333333,NA
"10",2004,"blue oak",10,"pd","leaf",0,4.3365,1.3168,229.321081409478,2022-03-08,0.3335,NA
"11",2004,"blue oak",14,"pd","leaf",0,7.4928,3.4351,118.124654304096,2022-04-04,0.38925,NA
"12",2004,"blue oak",15,"md","leaf",0,4.0305,2.0209,99.4408431886783,2022-04-12,2.2,NA
"13",2004,"blue oak",17,"md","leaf",1,8.6991,4.8098,80.8619901035386,2022-04-27,2.62066666666667,NA
"14",2004,"blue oak",17,"pd","leaf",0,4.623,2.554,81.010180109632,2022-04-27,0.9345,"check"
"15",2004,"blue oak",21,"md","leaf",0,1.9078,1.0666,78.8674292143259,2022-05-25,2.6858,NA
"16",2004,"blue oak",21,"pd","leaf",0,3.23,1.8147,77.990852482504,2022-05-25,1.81766666666667,NA
"17",2004,"blue oak",37,"md","leaf",0,1.8497,1.1538,60.3137458831687,2022-09-15,3.59033333333333,NA
"18",2004,"blue oak",37,"pd","leaf",0,2.075,1.2498,66.02656425028,2022-09-12,1.6205,NA
"19",2005,"blue oak",10,"pd","leaf",0,8.8478,2.7959,216.456239493544,2022-03-08,1.045,NA
"20",2005,"blue oak",14,"md","leaf",0,3.5555,1.7064,108.362634786685,2022-04-04,2.125,NA
"21",2005,"blue oak",14,"pd","leaf",0,7.1653,3.0911,131.804212092783,2022-04-04,0.4295,NA
"22",2005,"blue oak",17,"md","leaf",0,8.86,4.798,84.6602751146311,2022-04-27,2.733,"check, were switched around"
"23",2005,"blue oak",17,"md","leaf",0,2.25,1.307,72.149961744453,2022-04-27,2.733,NA
"24",2005,"blue oak",17,"pd","leaf",0,8.7716,4.3469,101.789781223401,2022-04-27,0.917666666666667,NA
"25",2005,"blue oak",21,"md","leaf",0,4.6959,2.2718,106.703935205564,2022-05-25,3,NA
"26",2005,"blue oak",21,"md","leaf",0,2.01,1.1489,74.9499521281225,2022-05-23,3,NA
"27",2005,"blue oak",21,"pd","leaf",0,5.11,2.7511,85.743884264476,2022-05-25,1.72933333333333,NA
"28",2005,"blue oak",29,"md","leaf",0,4.62,2.816,64.0625,2022-07-19,4.3,NA
"29",2005,"blue oak",29,"pd","leaf",0,4.933,2.944,67.5611413043478,2022-07-19,NA,NA
"30",2005,"blue oak",37,"md","leaf",0,4.4377,2.7208,63.1027638929727,2022-09-15,3.5775,NA
"31",2005,"blue oak",37,"pd","leaf",0,5.175,2.7449,88.5314583409232,2022-09-12,1.687,NA
"32",2005,"blue oak",37,"pd","leaf",0,2.932,1.7101,71.4519618735746,2022-09-16,1.687,NA
"33",2006,"blue oak",10,"md","leaf",0,8.4658,3.2547,160.109994776784,2022-03-08,1.40666666666667,NA
"34",2006,"blue oak",14,"pd","leaf",0,9.2222,4.4706,106.285509774974,2022-04-04,0.540666666666667,NA
"35",2006,"blue oak",15,"md","leaf",0,4.8886,2.4284,101.309504200297,2022-04-12,1.727,NA
"36",2006,"blue oak",17,"md","leaf",0,6.339,3.5353,79.3058580601364,2022-04-27,2.717,NA
"37",2006,"blue oak",17,"pd","leaf",0,4.6406,2.1488,115.962397617275,2022-04-27,0.991333333333333,NA
"38",2006,"blue oak",21,"md","leaf",0,4.1554,2.218,87.3489630297566,2022-05-25,3.19933333333333,NA
"39",2006,"blue oak",21,"pd","leaf",0,3.09,1.6786,84.0819730727987,2022-05-25,1.767,NA
"40",2006,"blue oak",29,"md","leaf",0,4.061,2.479,63.816054860831,2022-07-19,4.46666666666667,NA
"41",2006,"blue oak",37,"md","leaf",0,1.3458,0.8516,58.031939877877,2022-09-15,2.566,NA
"42",2006,"blue oak",37,"pd","leaf",0,1.972,1.126,75.1332149200711,2022-09-12,1.90766666666667,NA
"43",2006,"blue oak",37,"pd","leaf",0,2.3028,1.1249,104.71152991377,2022-09-12,1.90766666666667,NA
"44",2006,"blue oak",37,"pd","leaf",0,1.9228,1.0371,85.4016006171054,2022-09-16,1.90766666666667,NA
"45",2007,"blue oak",10,"md","leaf",0,8.78,3.5569,146.844162051224,2022-03-08,1.77,NA
"46",2007,"blue oak",10,"md","leaf",0,9.8548,4.4034,123.799791070536,2022-03-08,1.77,NA
"47",2007,"blue oak",10,"pd","leaf",0,6.8348,2.4293,181.348536615486,2022-03-08,0.815,NA
"48",2007,"blue oak",14,"md","leaf",0,2.6413,1.3632,93.7573356807512,2022-04-04,2.1,NA
"49",2007,"blue oak",14,"pd","leaf",0,5.6478,2.9033,94.5303620018599,2022-04-04,0.36675,NA
"50",2007,"blue oak",17,"md","leaf",0,7.68,4.2926,78.9125471742068,2022-04-27,2.42633333333333,NA
"51",2007,"blue oak",17,"pd","leaf",0,3.577,1.923,86.0114404576183,2022-04-27,0.989,NA
"52",2007,"blue oak",21,"md","leaf",0,1.9423,1.0623,82.8391226583827,2022-05-25,3.4,NA
"53",2007,"blue oak",21,"pd","leaf",0,2.23,1.187,87.8685762426285,2022-05-25,1.67233333333333,NA
"54",2007,"blue oak",37,"md","leaf",0,1.9945,1.3284,50.1430292080699,2022-09-15,3.4215,NA
"55",2007,"blue oak",37,"md","leaf",0,3.1685,2.0004,58.3933213357328,2022-09-16,3.4215,NA
"56",2007,"blue oak",37,"pd","leaf",0,1.998,1.156,72.8373702422145,2022-09-12,1.29416666666667,NA
"57",2007,"blue oak",37,"pd","leaf",0,3.173,1.8628,70.3349796006012,2022-09-16,1.29416666666667,NA
"58",2008,"blue oak",14,"md","leaf",0,3.0939,1.52,103.546052631579,2022-04-04,1.88333333333333,NA
"59",2008,"blue oak",14,"pd","leaf",0,7.8112,3.9124,99.6523872814641,2022-04-04,0.6765,NA
"60",2008,"blue oak",14,"pd","leaf",0,5.5536,2.1689,156.056065286551,2022-04-04,0.6765,NA
"61",2008,"blue oak",21,"md","leaf",0,3.0319,1.7815,70.1880437833286,2022-05-25,3.3,NA
"62",2008,"blue oak",21,"pd","leaf",0,2.62,1.4543,80.1554012239566,2022-05-25,1.736,NA
"63",2009,"blue oak",13,"pd","leaf",0,3.9193,1.5495,152.939657954179,2022-03-30,NA,NA
"64",2009,"blue oak",14,"pd","leaf",0,5.8315,2.846,104.901616303584,2022-04-04,1.12333333333333,NA
"65",2009,"blue oak",17,"md","leaf",0,3.4084,1.7829,91.171686578047,2022-04-25,3.03333333333333,NA
"66",2009,"blue oak",17,"pd","leaf",0,6.2003,2.8603,116.770968080271,2022-04-25,1.276,NA
"67",2009,"blue oak",21,"md","leaf",0,2.0105,1.245,61.4859437751004,2022-05-23,3.276,NA
"68",2009,"blue oak",29,"md","leaf",0,2.795,1.744,60.2637614678899,2022-07-19,3.95,NA
"69",2009,"blue oak",29,"pd","leaf",0,5.289,3.306,59.9818511796733,2022-07-19,NA,NA
"70",2009,"blue oak",33,"md","leaf",0,2.7431,1.7119,60.2371633857118,2022-08-18,4.0635,NA
"71",2009,"blue oak",33,"pd","leaf",0,1.7,1.0965,55.0387596899225,2022-08-18,2.851,NA
"72",2009,"blue oak",37,"md","leaf",0,3.3078,2.2096,49.7013034033309,2022-09-15,NA,NA
"73",2009,"blue oak",37,"pd","leaf",0,3.5748,2.2164,61.2885760693016,2022-09-16,1.60833333333333,NA
"74",2009,"blue oak",37,"pd","leaf",0,1.943,1.0423,86.4146598867888,2022-09-12,1.60833333333333,NA
"75",2009,"blue oak",37,"pd","leaf",1,2.5779,1.6163,59.4939058343129,2022-09-16,1.60833333333333,NA
"76",2010,"blue oak",13,"pd","leaf",0,5.9183,2.4372,142.831938289841,2022-03-30,NA,NA
"77",2010,"blue oak",17,"md","leaf",0,3.5525,1.556,128.309768637532,2022-04-25,2.62666666666667,NA
"78",2010,"blue oak",17,"pd","leaf",0,7.0206,3.5446,98.0646617389832,2022-04-25,1.171,NA
"79",2010,"blue oak",21,"md","leaf",0,2.4767,1.307,89.495026778883,2022-05-23,3.56833333333333,NA
"80",2010,"blue oak",29,"pd","leaf",0,4.828,2.895,66.7702936096719,2022-07-19,3.45,NA
"81",2010,"blue oak",33,"md","leaf",0,4.0363,2.4556,64.3712330998534,2022-08-18,4.2655,NA
"82",2010,"blue oak",37,"md","leaf",0,1.0927,0.7182,52.1442495126706,2022-09-15,NA,NA
"83",2010,"blue oak",37,"pd","leaf",0,1.7288,1.0946,57.9389731408734,2022-09-12,1.91666666666667,NA
"84",2010,"blue oak",37,"pd","leaf",0,2.2707,1.4702,54.4483743708339,2022-09-12,1.91666666666667,NA
"85",2010,"blue oak",37,"pd","leaf",1,1.6831,1.0491,60.432751882566,2022-09-12,1.91666666666667,NA
"86",2011,"blue oak",14,"pd","leaf",0,4.3148,1.7828,142.023782813552,2022-04-04,0.856333333333333,NA
"87",2011,"blue oak",17,"md","leaf",0,2.6612,1.374,93.6826783114993,2022-04-25,1.695,NA
"88",2011,"blue oak",17,"pd","leaf",0,5.7896,2.9066,99.1880547718984,2022-04-25,1.253,NA
"89",2011,"blue oak",21,"md","leaf",0,2.37,1.3793,71.8262886971652,2022-05-23,2.22,NA
"90",2011,"blue oak",29,"md","leaf",0,3.226,2.06,56.6019417475728,2022-07-19,4.875,NA
"91",2011,"blue oak",29,"pd","leaf",0,4.031,2.45,64.5306122448979,2022-07-19,4.15,NA
"92",2011,"blue oak",33,"md","leaf",0,3.083,1.9345,59.3693460842595,2022-08-18,4.2785,NA
"93",2011,"blue oak",33,"pd","leaf",0,3.38,2.3469,44.01977076143,2022-08-18,3.60766666666667,NA
"94",2011,"blue oak",37,"md","leaf",0,2.3067,1.47,56.9183673469388,2022-09-15,3.836,NA
"95",2011,"blue oak",37,"pd","leaf",0,2.2668,1.3906,63.0087731914281,2022-09-12,1.57,NA
"96",2011,"blue oak",37,"pd","leaf",0,5.644,3.1204,80.8742468914242,2022-09-12,1.57,"rehydrated, accidentally pealed off"
"97",2012,"blue oak",14,"md","leaf",0,4.4054,1.705,158.381231671554,2022-04-04,NA,NA
"98",2012,"blue oak",14,"pd","leaf",0,6.223,2.1805,185.393258426966,2022-04-04,0.505,"check"
"99",2012,"blue oak",17,"md","leaf",0,5.07,2.7726,82.860852629301,2022-04-27,2.50333333333333,NA
"100",2012,"blue oak",17,"pd","leaf",0,4.129,1.8411,124.268100592037,2022-04-27,1.2195,NA
"101",2012,"blue oak",21,"md","leaf",0,3.8233,1.9377,97.3112452908087,2022-05-25,2.97216666666667,NA
"102",2012,"blue oak",21,"md","leaf",0,1.2819,0.7277,76.1577573175759,2022-05-25,2.97216666666667,NA
"103",2012,"blue oak",21,"pd","leaf",0,2.5,1.434,74.3375174337518,2022-05-25,2.607,NA
"104",2012,"blue oak",37,"md","leaf",0,2.1184,1.2986,63.12952410288,2022-09-15,4.1735,NA
"105",2012,"blue oak",37,"pd","leaf",0,3.7663,2.2129,70.1974784219802,2022-09-16,2.4035,NA
"106",2013,"blue oak",14,"md","leaf",0,4.0124,1.3891,188.848894967965,2022-04-04,1.6,NA
"107",2013,"blue oak",14,"pd","leaf",0,2.9897,1.0051,197.452989752263,2022-04-04,0.7244,NA
"108",2013,"blue oak",17,"md","leaf",0,5.68,2.873,97.7027497389488,2022-04-27,2.29,NA
"109",2013,"blue oak",17,"pd","leaf",0,11.5451,5.1457,124.364032104476,2022-04-27,1.198,NA
"110",2013,"blue oak",21,"pd","leaf",0,3.28,1.7613,86.2260830068699,2022-05-25,2.104,NA
"111",2013,"blue oak",29,"md","leaf",0,3.546,2.171,63.3348687240903,2022-07-19,3.96666666666667,NA
"112",2013,"blue oak",37,"pd","leaf",0,4.637,2.7528,68.4466724789305,2022-09-16,2.0305,NA
"113",2014,"blue oak",14,"md","leaf",0,2.8715,1.007,185.153922542205,2022-04-04,2.46666666666667,NA
"114",2014,"blue oak",14,"pd","leaf",0,4.6911,1.7954,161.284393449928,2022-04-04,0.787,NA
"115",2014,"blue oak",21,"md","leaf",0,3.716,2.174,70.9291628334867,2022-05-23,NA,NA
"116",2014,"blue oak",37,"md","leaf",0,3.2613,2.0723,57.375862568161,2022-09-15,3.63933333333333,NA
"117",2015,"blue oak",14,"md","leaf",0,6.5702,3.0309,116.773895542578,2022-04-04,NA,NA
"118",2015,"blue oak",14,"pd","leaf",0,7.9357,3.5406,124.13432751511,2022-04-04,0.617666666666667,NA
"119",2015,"blue oak",17,"md","leaf",0,5.76,3.137,83.6149187121454,2022-04-27,2.731,NA
"120",2015,"blue oak",17,"pd","leaf",0,3.208,1.711,87.4926943308007,2022-04-27,1.326,NA
"121",2015,"blue oak",21,"md","leaf",0,2.9395,1.5678,87.4920270442658,2022-05-25,3.1685,NA
"122",2015,"blue oak",21,"pd","leaf",0,3,1.65,81.8181818181818,2022-05-25,1.982,NA
"123",2015,"blue oak",29,"md","leaf",0,4.812,2.913,65.1905252317199,2022-07-19,4.75,NA
"124",2015,"blue oak",37,"md","leaf",0,3.056,1.9184,59.2994161801501,2022-09-13,4.4435,NA
"125",2015,"blue oak",37,"pd","leaf",0,2.7881,1.6076,73.4324458820602,2022-09-16,1.84675,NA
"126",2020,"blue oak",10,"md","leaf",0,13.1966,5.7214,130.653336595938,2022-03-08,2.17333333333333,NA
"127",2020,"blue oak",11,"pd","leaf",0,7.4446,3.137,137.315906917437,2022-03-15,NA,NA
"128",2020,"blue oak",14,"md","leaf",0,4.5005,2.1807,106.37868574311,2022-04-04,2.43333333333333,NA
"129",2020,"blue oak",14,"pd","leaf",0,6.7443,2.9111,131.675311737831,2022-04-04,0.68625,NA
"130",2020,"blue oak",17,"md","leaf",0,5.879,3.2193,82.6173391731121,2022-04-27,1.781,NA
"131",2020,"blue oak",21,"md","leaf",0,3.31,1.8391,79.9793377195367,2022-05-23,2.9805,NA
"132",2020,"blue oak",21,"pd","leaf",0,4.05,2.243,80.5617476593847,2022-05-25,1.775,NA
"133",2020,"blue oak",29,"md","leaf",0,2.445,1.496,63.4358288770053,2022-07-19,3.86666666666667,NA
"134",2020,"blue oak",37,"md","leaf",0,1.8085,1.0993,64.5137814973165,2022-09-16,2.643,NA
"135",2020,"blue oak",37,"pd","leaf",0,1.474,0.8513,73.1469517208975,2022-09-12,2.10666666666667,NA
"136",2021,"blue oak",10,"md","leaf",0,11.8104,5.316,122.167042889391,2022-03-08,1.87333333333333,NA
"137",2021,"blue oak",11,"pd","leaf",0,6.1524,2.4062,155.68946887208,2022-03-15,NA,NA
"138",2021,"blue oak",14,"md","leaf",0,4.2557,1.873,127.213027229044,2022-04-04,2.875,NA
"139",2021,"blue oak",14,"pd","leaf",0,6.1631,2.9481,109.053288558733,2022-04-04,0.18325,NA
"140",2021,"blue oak",17,"md","leaf",0,4.756,2.6147,81.8946724289594,2022-04-27,2.14233333333333,NA
"141",2021,"blue oak",17,"pd","leaf",0,5.017,2.4896,101.518316195373,2022-04-27,0.881333333333333,NA
"142",2021,"blue oak",21,"md","leaf",0,1.56,0.9032,72.7192205491585,2022-05-23,3.7402,NA
"143",2021,"blue oak",21,"pd","leaf",0,1.71,0.9355,82.7899518973811,2022-05-25,1.65,NA
"144",2021,"blue oak",29,"md","leaf",0,2.863,1.75,63.6,2022-07-19,4.175,NA
"145",2021,"blue oak",37,"md","leaf",0,2.4805,1.5931,55.702717971251,2022-09-15,NA,NA
"146",2021,"blue oak",37,"pd","leaf",0,2.5989,1.4178,83.3051206093948,2022-09-12,1.96833333333333,NA
"147",2021,"blue oak",37,"pd","leaf",0,3.6594,2.0533,78.2204256562606,2022-09-12,1.96833333333333,NA
"148",2022,"live oak",11,"pd","leaf",0,7.1243,3.2551,118.865779853153,2022-03-15,NA,NA
"149",2022,"live oak",11,"pd","leaf",1,5.8326,3.1964,82.4740332874484,2022-03-15,NA,NA
"150",2022,"live oak",14,"md","leaf",0,3.688,1.8396,100.478364861927,2022-04-04,NA,NA
"151",2022,"live oak",14,"md","leaf",1,3.2999,1.9175,72.0938722294654,2022-04-04,NA,NA
"152",2022,"live oak",14,"pd","leaf",0,5.504,2.5385,116.820957258223,2022-04-04,0.18775,NA
"153",2022,"live oak",14,"pd","leaf",1,6.2494,3.2405,92.8529547909273,2022-04-04,0.18775,NA
"154",2022,"live oak",17,"md","leaf",0,3.618,2.038,77.5269872423945,2022-04-27,1.94266666666667,NA
"155",2022,"live oak",17,"md","leaf",1,2.189,1.381,58.5083272990587,2022-04-27,1.94266666666667,NA
"156",2022,"live oak",17,"pd","leaf",0,6.699,4.0706,64.5703336117526,2022-04-27,0.887333333333333,NA
"157",2022,"live oak",17,"pd","leaf",0,4.5543,2.2472,102.665539337843,2022-04-27,0.887333333333333,NA
"158",2022,"live oak",17,"pd","leaf",1,5.866,3.2661,79.6025841217354,2022-04-27,0.887333333333333,NA
"159",2022,"live oak",21,"md","leaf",0,0.1847,0.107,72.6168224299065,2022-05-23,2.65083333333333,NA
"160",2022,"live oak",21,"md","leaf",1,4.2032,2.574,63.2944832944833,2022-05-23,2.65083333333333,NA
"161",2022,"live oak",21,"pd","leaf",0,2.73,1.587,72.0226843100189,2022-05-25,1.455,NA
"162",2022,"live oak",21,"pd","leaf",1,1.17,0.74,58.1081081081081,2022-05-25,1.455,NA
"163",2022,"live oak",37,"md","leaf",0,2.4069,1.4854,62.0371617072842,2022-09-12,NA,NA
"164",2022,"live oak",37,"md","leaf",0,8.2543,5.2921,55.9739989796111,2022-09-15,NA,NA
"165",2022,"live oak",37,"md","leaf",1,2.5818,1.6938,52.4264966347857,2022-09-15,NA,NA
"166",2022,"live oak",37,"pd","leaf",0,4.3705,2.3756,83.9745748442499,2022-09-12,1.44,NA
"167",2023,"live oak",10,"md","leaf",0,6.0285,2.8339,112.728042626769,2022-03-08,1.656,NA
"168",2023,"live oak",10,"md","leaf",1,8.8933,5.1842,71.5462366421049,2022-03-08,1.656,NA
"169",2023,"live oak",11,"pd","leaf",0,7.6301,3.3668,126.627658310562,2022-03-15,NA,NA
"170",2023,"live oak",14,"pd","leaf",0,5.2421,2.4926,110.306507261494,2022-04-04,0.323,NA
"171",2023,"live oak",14,"pd","leaf",1,10.79,5.8199,85.3983745425179,2022-04-04,0.323,NA
"172",2023,"live oak",17,"md","leaf",0,5.449,3.0508,78.608889471614,2022-04-27,2.42766666666667,NA
"173",2023,"live oak",17,"md","leaf",1,3.128,1.8907,65.441370920823,2022-04-27,2.42766666666667,NA
"174",2023,"live oak",17,"pd","leaf",0,3.98,2.0549,93.6833909192661,2022-04-27,0.773,"check"
"175",2023,"live oak",17,"pd","leaf",1,3.6511,1.8752,94.7045648464164,2022-04-27,0.773,NA
"176",2023,"live oak",21,"md","leaf",0,2.6665,1.5799,68.7765048420786,2022-05-25,2.149,NA
"177",2023,"live oak",21,"pd","leaf",0,2.23,1.257,77.406523468576,2022-05-25,1.312,NA
"178",2023,"live oak",21,"pd","leaf",1,3.01,1.921,56.6892243623113,2022-05-25,1.312,NA
"179",2023,"live oak",29,"md","leaf",0,0.783,0.486,61.1111111111111,2022-07-19,3.46666666666667,NA
"180",2023,"live oak",29,"md","leaf",1,5.7,3.721,53.184627788229,2022-07-19,3.46666666666667,NA
"181",2023,"live oak",37,"md","leaf",0,4.943,3.1379,57.5257337709933,2022-09-15,NA,NA
"182",2023,"live oak",37,"md","leaf",1,2.6093,1.7463,49.418771116074,2022-09-15,NA,NA
"183",2023,"live oak",37,"pd","leaf",0,4.232,2.4434,73.2012769092249,2022-09-12,1.5495,NA
"184",2023,"live oak",37,"pd","leaf",1,0.387,0.2355,64.3312101910828,2022-09-12,1.5495,NA
"185",2024,"blue oak",10,"md","leaf",0,9.6967,3.5767,171.107445410574,2022-03-08,1.685,NA
"186",2024,"blue oak",11,"pd","leaf",0,5.1357,2.0553,149.875930521092,2022-03-15,NA,NA
"187",2024,"blue oak",14,"md","leaf",0,7.0312,3.2516,116.238159675237,2022-04-04,2.25,NA
"188",2024,"blue oak",14,"pd","leaf",0,6.6355,2.8159,135.644021449625,2022-04-04,0.413,NA
"189",2024,"blue oak",17,"md","leaf",0,5.952,3.1904,86.5596790371113,2022-04-27,1.871,NA
"190",2024,"blue oak",17,"pd","leaf",0,5.3725,2.6123,105.661677448991,2022-04-27,1.017,NA
"191",2024,"blue oak",21,"md","leaf",0,1.9,1.0722,77.2057451967916,2022-05-23,2.692,NA
"192",2024,"blue oak",21,"pd","leaf",0,2.39,1.2887,85.4582137037325,2022-05-25,1.7,NA
"193",2024,"blue oak",29,"md","leaf",0,3.588,2.203,62.8688152519292,2022-07-19,4.1,NA
"194",2024,"blue oak",37,"md","leaf",0,4.0378,2.6679,51.3475017804266,2022-09-15,3.92866666666667,NA
"195",2024,"blue oak",37,"pd","leaf",0,1.5572,0.957,62.7168234064786,2022-09-12,2.03666666666667,NA
"196",2024,"blue oak",37,"pd","leaf",0,3.3979,1.921,76.8818323789693,2022-09-12,2.03666666666667,NA
"197",2025,"blue oak",10,"md","leaf",0,11.3582,5.0917,123.072844040301,2022-03-08,1.8025,NA
"198",2025,"blue oak",11,"pd","leaf",0,10.1352,4.2192,140.216154721274,2022-03-15,NA,NA
"199",2025,"blue oak",14,"md","leaf",0,4.7865,2.3286,105.552692604999,2022-04-04,NA,NA
"200",2025,"blue oak",14,"pd","leaf",0,6.465,2.9164,121.677410506103,2022-04-04,0.1056,NA
"201",2025,"blue oak",17,"md","leaf",0,5.77,3.0751,87.6361744333518,2022-04-27,1.428,NA
"202",2025,"blue oak",17,"pd","leaf",0,5.6571,2.7613,104.870894144063,2022-04-27,1.0305,NA
"203",2025,"blue oak",21,"md","leaf",0,1.66,0.9371,77.1422473588731,2022-05-23,3.0585,NA
"204",2025,"blue oak",21,"pd","leaf",0,2.65,1.478,79.2963464140731,2022-05-25,1.5,NA
"205",2025,"blue oak",29,"md","leaf",0,2.459,1.541,59.5717066839715,2022-07-19,4.1,NA
"206",2025,"blue oak",37,"md","leaf",0,4.9477,3.0592,61.7318253138075,2022-09-15,3.658,NA
"207",2025,"blue oak",37,"pd","leaf",0,0.3977,0.2316,71.7184801381693,2022-09-12,NA,NA
"208",2025,"blue oak",37,"pd","leaf",0,2.79129,1.5787,76.8094001393552,2022-09-12,NA,NA
"209",2025,"blue oak",37,"pd","leaf",0,4.529,2.5708,76.1708417613194,2022-09-12,NA,NA
"210",2026,"blue oak",14,"md","leaf",0,4.2781,2.1638,97.7123578888992,2022-04-04,2.6,NA
"211",2026,"blue oak",14,"pd","leaf",0,6.5692,3.0269,117.027321682249,2022-04-04,0.4384,NA
"212",2026,"blue oak",14,"pd","leaf",0,2.2519,1.0516,114.140357550399,2022-04-04,0.4384,NA
"213",2026,"blue oak",17,"md","leaf",0,4.887,2.718,79.8013245033112,2022-04-27,2.98233333333333,NA
"214",2026,"blue oak",17,"pd","leaf",0,6.1043,3.1296,95.0504856850716,2022-04-27,1.209,NA
"215",2026,"blue oak",21,"md","leaf",0,1.3371,0.7742,72.7073107724102,2022-05-25,3.367,NA
"216",2026,"blue oak",21,"pd","leaf",0,2.08,1.1422,82.1047102083698,2022-05-25,2.05333333333333,NA
"217",2026,"blue oak",29,"md","leaf",0,2.269,1.418,60.0141043723554,2022-07-19,4.53333333333333,NA
"218",2026,"blue oak",37,"md","leaf",0,2.8926,1.8336,57.7552356020942,2022-09-15,4.189,"2006?"
"219",2026,"blue oak",37,"pd","leaf",0,2.2949,1.3721,67.2545732818308,2022-09-12,1.806,NA
"220",2027,"blue oak",10,"md","leaf",0,11.0343,5.7067,93.3569313263357,2022-03-08,NA,NA
"221",2027,"blue oak",11,"pd","leaf",0,7.6383,3.3793,126.032018465363,2022-03-15,NA,NA
"222",2027,"blue oak",14,"md","leaf",0,5.8192,2.7106,114.683095993507,2022-04-04,NA,NA
"223",2027,"blue oak",14,"pd","leaf",0,5.5381,2.6292,110.638216948121,2022-04-04,0.572666666666667,NA
"224",2027,"blue oak",17,"md","leaf",0,3.467,1.931,79.5442775763853,2022-04-27,2.66533333333333,NA
"225",2027,"blue oak",17,"pd","leaf",0,4.0729,2.0292,100.714567317169,2022-04-27,1.28133333333333,NA
"226",2027,"blue oak",21,"md","leaf",0,2.05,1.1809,73.5964095181641,2022-05-23,3.34425,NA
"227",2027,"blue oak",21,"pd","leaf",0,4.44,2.586,71.6937354988399,2022-05-25,1.985,NA
"228",2027,"blue oak",37,"pd","leaf",0,2.855,1.7324,64.8002770722697,2022-09-12,2.87366666666667,NA
"229",2028,"blue oak",14,"md","leaf",0,5.0629,2.8407,78.2271975217376,2022-04-04,NA,NA
"230",2028,"blue oak",14,"pd","leaf",0,7.8134,3.7876,106.288942866195,2022-04-04,0.53675,NA
"231",2028,"blue oak",17,"md","leaf",0,5.515,3.182,73.318667504714,2022-04-27,2.0795,NA
"232",2028,"blue oak",17,"pd","leaf",0,3.688,2.141,72.2559551611397,2022-04-27,1.216,NA
"233",2028,"blue oak",21,"md","leaf",0,3.27,1.9274,69.6586074504514,2022-05-23,3.2125,NA
"234",2028,"blue oak",21,"pd","leaf",0,2.15,1.1911,80.5054151624549,2022-05-25,1.775,NA
"235",2028,"blue oak",29,"md","leaf",0,3.566,2.26,57.787610619469,2022-07-19,5,NA
"236",2028,"blue oak",37,"md","leaf",0,2.4118,1.5801,52.635909119676,2022-09-15,3.787,NA
"237",2028,"blue oak",37,"pd","leaf",0,3.918,2.4941,57.0907341325528,2022-09-12,2.359,NA
"238",2029,"live oak",14,"md","leaf",0,4.5354,2.1693,109.072050891993,2022-04-04,NA,NA
"239",2029,"live oak",14,"md","leaf",1,2.6257,1.5789,66.2993223130027,2022-04-04,NA,NA
"240",2029,"live oak",14,"pd","leaf",0,5.2698,2.411,118.573206138532,2022-04-04,0.2346,NA
"241",2029,"live oak",14,"pd","leaf",1,2.3791,1.4577,63.2091651231392,2022-04-04,0.2346,NA
"242",2029,"live oak",17,"md","leaf",0,5.05,2.8392,77.8670047900817,2022-04-27,1.98666666666667,NA
"243",2029,"live oak",17,"md","leaf",1,4.022,2.5216,59.5019035532995,2022-04-27,1.98666666666667,NA
"244",2029,"live oak",17,"pd","leaf",0,8.191,4.606,77.8332609639601,2022-04-27,NA,NA
"245",2029,"live oak",17,"pd","leaf",1,3.872,2.449,58.1053491220907,2022-04-27,NA,NA
"246",2029,"live oak",21,"md","leaf",0,0.8,0.4719,69.527442254715,2022-05-23,2.5555,NA
"247",2029,"live oak",21,"md","leaf",1,5.38,3.5115,53.2108785419336,2022-05-23,2.5555,NA
"248",2029,"live oak",21,"pd","leaf",0,3.47,2.0098,72.6539954224301,2022-05-25,1.44,NA
"249",2029,"live oak",21,"pd","leaf",1,0.9,0.5913,52.20700152207,2022-05-25,1.44,NA
"250",2029,"live oak",29,"md","leaf",0,4.848,2.998,61.707805203469,2022-07-19,3.3,NA
"251",2029,"live oak",29,"md","leaf",1,0.964,0.653,47.6263399693721,2022-07-19,3.3,NA
"252",2029,"live oak",37,"md","leaf",0,9.239,5.959,55.0427924148347,2022-09-15,3.1065,NA
"253",2029,"live oak",37,"md","leaf",1,2.1137,1.4319,47.6150569173825,2022-09-15,3.1065,NA
"254",2029,"live oak",37,"pd","leaf",0,3.391,1.9467,74.192222735912,2022-09-12,1.329,NA
"255",2029,"live oak",37,"pd","leaf",1,1.155,0.6854,68.5147359206303,2022-09-12,1.329,NA
"256",2030,"live oak",14,"md","leaf",0,3.8226,1.9882,92.264359722362,2022-04-04,NA,NA
"257",2030,"live oak",14,"md","leaf",1,0.4189,0.2951,41.9518807184006,2022-04-04,NA,NA
"258",2030,"live oak",14,"pd","leaf",0,4.0475,2.1727,86.2889492336724,2022-04-04,0.1886,NA
"259",2030,"live oak",14,"pd","leaf",1,2.2851,1.0618,115.210020719533,2022-04-04,0.1886,NA
"260",2030,"live oak",17,"md","leaf",0,3.002,1.698,76.7962308598351,2022-04-27,2.97033333333333,NA
"261",2030,"live oak",17,"md","leaf",1,4.023,2.4566,63.7629243670113,2022-04-27,2.97033333333333,NA
"262",2030,"live oak",17,"pd","leaf",0,6.0927,2.9747,104.817292500084,2022-04-27,0.758,NA
"263",2030,"live oak",17,"pd","leaf",1,7.5291,1.7824,322.413599640934,2022-04-27,0.758,NA
"264",2030,"live oak",21,"md","leaf",0,2.14,1.232,73.7012987012987,2022-05-23,2.02375,NA
"265",2030,"live oak",21,"md","leaf",1,0.49,0.306,60.1307189542484,2022-05-23,2.02375,NA
"266",2030,"live oak",21,"pd","leaf",0,2.9,1.6621,74.4780699115577,2022-05-25,1.37625,NA
"267",2030,"live oak",21,"pd","leaf",1,1.9,1.168,62.6712328767123,2022-05-25,1.37625,NA
"268",2030,"live oak",29,"md","leaf",0,4.677,2.913,60.5561277033986,2022-07-19,3.4625,NA
"269",2030,"live oak",29,"md","leaf",1,2.598,1.691,53.6369012418687,2022-07-19,3.4625,NA
"270",2030,"live oak",37,"md","leaf",0,3.3803,2.1783,55.1806454574668,2022-09-15,NA,NA
"271",2030,"live oak",37,"md","leaf",1,3.327,2.1642,53.7288605489326,2022-09-15,NA,NA
"272",2030,"live oak",37,"pd","leaf",0,5.6236,3.5014,60.6100416976067,2022-09-12,2,"*No Y1 leaves"
"273",2030,"live oak",37,"pd","leaf",0,0.315,0.1982,58.9303733602422,2022-09-12,2,NA
"274",2031,"blue oak",14,"pd","leaf",0,4.7324,2.0265,133.525783370343,2022-04-04,0.244,NA
"275",2031,"blue oak",14,"pd","leaf",1,1.0512,0.5281,99.0532096193902,2022-04-04,0.244,NA
"276",2031,"blue oak",14,NA,"leaf",0,8.8538,4.3358,104.202223349785,2022-04-04,NA,NA
"277",2031,"blue oak",21,"md","leaf",0,2.2503,1.32,70.4772727272727,2022-05-23,2.971,NA
"278",2031,"blue oak",21,"pd","leaf",0,2.4,1.3173,82.1908449100433,2022-05-25,1.9125,NA
"279",2031,"blue oak",37,"pd","leaf",0,1.5602,1.0103,54.4293774126497,2022-09-12,2.89666666666667,NA
"280",2032,"blue oak",17,"md","leaf",0,5.627,3.1096,80.955749935683,2022-04-27,1.873,NA
"281",2032,"blue oak",17,"pd","leaf",0,3.213,1.76,82.5568181818182,2022-04-27,0.899,NA
"282",2040,NA,40,"md","leaf",0,0.1477,0.0899,64.293659621802,2022-10-05,NA,"SERPENTINE"
"283",2041,NA,40,"md","leaf",0,2.2795,1.3736,65.9507862550961,2022-10-05,NA,"SERPENTINE"
"284",2042,NA,40,"md","leaf",0,0.6387,0.3941,62.0654656178635,2022-10-05,NA,"SERPENTINE"
"285",2043,NA,40,"md","leaf",0,0.8765,0.5413,61.924995381489,2022-10-05,NA,"SERPENTINE"
"286",2044,NA,40,"md","leaf",0,0.6512,0.4147,57.0291777188329,2022-10-05,NA,"SERPENTINE"
"287",2045,NA,40,"md","leaf",0,0.3188,0.2118,50.519357884797,2022-10-05,NA,"SERPENTINE"
"288",2046,NA,40,"md","leaf",0,0.5114,0.3505,45.9058487874465,2022-10-05,NA,"SERPENTINE"
"289",2047,NA,40,"md","leaf",0,1.8153,1.0453,73.6630632354348,2022-10-05,NA,NA
"290",2048,NA,40,"md","leaf",0,1.3705,0.8033,70.6087389518237,2022-10-05,NA,"SERPENTINE"
"291",2049,NA,40,"md","leaf",0,0.9318,0.5818,60.1581299415607,2022-10-05,NA,"SERPENTINE"
"292",2050,NA,40,"md","leaf",0,1.4376,0.863,66.5816917728853,2022-10-05,NA,"SERPENTINE"
"293",2051,NA,40,"md","leaf",0,2.1617,1.2436,73.8259890640077,2022-10-05,NA,NA
"294",2052,NA,40,"md","leaf",0,0.985,0.5873,67.7166695045122,2022-10-05,NA,"SERPENTINE"
"295",2070,NA,33,"pd","leaf",0,3.9,2.3926,63.0025913232467,2022-08-18,NA,"Not labelled as LFM"
"296",2077,NA,21,"pd","leaf",0,1.6034,0.6117,162.121955206801,2022-05-23,NA,NA
"297",2080,NA,29,"pd","leaf",0,4.129,2.427,70.1277297074577,2022-07-19,NA,NA
"298",2081,NA,37,"md","leaf",0,0.9909,0.6484,52.8223318938927,2022-09-15,NA,NA
"299",2082,NA,33,"pd","leaf",0,3.37,2.1267,58.4614661212207,2022-08-18,NA,"has 1 acorn"
"300",2082,NA,33,"pd","leaf",0,3.37,2.1267,58.4614661212207,2022-08-18,NA,NA
"301",2085,"blue oak",14,"pd","leaf",0,7.6445,2.8634,166.972829503388,2022-04-04,0.518,NA
"302",2085,"blue oak",21,"md","leaf",0,2.7843,1.2236,127.549852893102,2022-05-25,3.21666666666667,NA
"303",2085,"blue oak",21,"pd","leaf",0,2.14,1.121,90.9009812667261,2022-05-25,1.52,NA
"304",2085,"blue oak",29,"md","leaf",0,6.376,3.9828,60.0883800341468,2022-07-19,4.1,NA
"305",2085,"blue oak",37,"md","leaf",0,2.4353,1.4827,64.247656302691,2022-09-15,3.556,NA
"306",2085,"blue oak",37,"pd","leaf",0,5.2139,3.1883,63.5322899350751,2022-09-16,1.48244444444444,NA
"307",2085,"blue oak",37,"pd","leaf",0,3.972,2.0509,93.6710712370179,2022-09-12,1.48244444444444,NA
"308",2086,"blue oak",14,"md","leaf",0,4.3577,1.51,188.58940397351,2022-04-04,0.8625,NA
"309",2086,"blue oak",14,"pd","leaf",0,5.2173,1.5383,239.16011181174,2022-04-04,0.756333333333333,NA
"310",2086,"blue oak",17,"md","leaf",0,6.6059,2.9093,127.06149245523,2022-04-27,1.99433333333333,NA
"311",2086,"blue oak",17,"pd","leaf",0,5.449,2.4597,121.531081026141,2022-04-27,0.852666666666667,NA
"312",2086,"blue oak",17,"pd","leaf",0,2.211,1.097,101.54968094804,2022-04-27,0.852666666666667,NA
"313",2086,"blue oak",21,"md","leaf",0,0.7783,0.4056,91.8885601577909,2022-05-25,3.252,NA
"314",2086,"blue oak",21,"pd","leaf",0,2.61,1.366,91.0688140556369,2022-05-25,1.55366666666667,NA
"315",2086,"blue oak",29,"md","leaf",0,4.72,2.913,62.0322691383454,2022-07-19,4.1,NA
"316",2086,"blue oak",37,"md","leaf",0,3.4399,2.1081,63.1753711873251,2022-09-15,4.3785,NA
"317",2086,"blue oak",37,"pd","leaf",0,3.982,2.0991,89.7003477680911,2022-09-12,NA,NA
"318",2086,"blue oak",37,"pd","leaf",0,3.7855,2.2465,68.5065657689739,2022-09-16,NA,NA
"319",2087,"blue oak",14,"md","leaf",0,5.977,2.3339,156.094948369682,2022-04-04,NA,NA
"320",2087,"blue oak",14,"pd","leaf",0,4.799,1.5257,214.544143671757,2022-04-04,0.617,"check"
"321",2087,"blue oak",17,"md","leaf",0,8.2303,4.1843,96.6947876586287,2022-04-27,2.32733333333333,NA
"322",2087,"blue oak",21,"md","leaf",0,3.3644,1.7934,87.5989740158358,2022-05-25,NA,NA
"323",2087,"blue oak",21,"pd","leaf",0,1.23,0.6418,91.6484886257401,2022-05-25,1.65,NA
"324",2087,"blue oak",29,"md","leaf",0,3.945,2.397,64.5807259073842,2022-07-19,3.63333333333333,NA
"325",2087,"blue oak",37,"md","leaf",0,2.1972,1.3397,64.0068672090767,2022-09-15,3.72733333333333,NA
"326",2087,"blue oak",37,"pd","leaf",0,4.089,2.15,90.1860465116279,2022-09-12,1.76057142857143,NA
"327",2087,"blue oak",37,"pd","leaf",0,4.4265,2.6673,65.9543358452368,2022-09-15,1.76057142857143,NA
"328",2088,"blue oak",14,"md","leaf",0,8.3937,3.5818,134.343067731308,2022-04-04,NA,NA
"329",2088,"blue oak",14,"pd","leaf",0,3.0275,1.123,169.590382902939,2022-04-04,0.201,NA
"330",2088,"blue oak",17,"md","leaf",0,6.7886,3.4679,95.7553562674817,2022-04-27,2.08566666666667,NA
"331",2088,"blue oak",17,"pd","leaf",0,2.55,1.284,98.5981308411215,2022-04-27,0.842333333333333,NA
"332",2088,"blue oak",21,"md","leaf",0,4.0783,2.1046,93.7802907915993,2022-05-25,2.8935,NA
"333",2088,"blue oak",21,"pd","leaf",0,2.73,1.4096,93.671963677639,2022-05-25,1.36766666666667,NA
"334",2088,"blue oak",37,"md","leaf",0,1.829,1.1293,61.9587354998672,2022-09-15,NA,NA
"335",2088,"blue oak",37,"md","leaf",1,1.0714,0.6899,55.297869256414,2022-09-15,NA,NA
"336",2088,"blue oak",37,"pd","leaf",0,2.8503,1.7436,63.4721266345492,2022-09-16,1.79571428571429,NA
"337",2089,"live oak",11,"pd","leaf",0,6.7853,3.7474,81.0668730319688,2022-03-15,NA,NA
"338",2089,"live oak",11,"pd","leaf",1,1.9079,1.3351,42.9031533218485,2022-03-15,NA,NA
"339",2089,"live oak",14,"pd","leaf",1,7.8996,4.1239,91.5565362884648,2022-04-04,0.2202,NA
"340",2089,"live oak",14,"pd","leaf",1,4.5882,2.4091,90.4528662155992,2022-04-04,0.2202,NA
"341",2089,"live oak",17,"md","leaf",0,1.372,0.5064,170.932069510269,2022-04-27,1.4525,NA
"342",2089,"live oak",17,"md","leaf",1,4.466,2.662,67.7685950413223,2022-04-27,1.4525,NA
"343",2089,"live oak",17,"pd","leaf",0,0.6314,0.119,430.588235294118,2022-04-27,0.838,NA
"344",2089,"live oak",17,"pd","leaf",1,4.1336,2.3695,74.450305971724,2022-04-27,0.838,NA
"345",2089,"live oak",21,"md","leaf",0,1.8301,0.9801,86.7258443016019,2022-05-25,1.9712,NA
"346",2089,"live oak",21,"md","leaf",1,1.8311,1.0789,69.7191584020762,2022-05-25,1.9712,NA
"347",2089,"live oak",21,"pd","leaf",0,2.31,1.294,78.516228748068,2022-05-25,1.04466666666667,NA
"348",2089,"live oak",21,"pd","leaf",1,2.39,1.435,66.5505226480836,2022-05-25,1.04466666666667,NA
"349",2089,"live oak",29,"md","leaf",0,2.736,1.69,61.8934911242604,2022-07-19,2.45,NA
"350",2089,"live oak",29,"md","leaf",1,1.056,0.683,54.6120058565154,2022-07-19,2.45,NA
"351",2089,"live oak",37,"md","leaf",0,1.4952,0.9235,61.9057931781267,2022-09-15,3.42933333333333,NA
"352",2089,"live oak",37,"md","leaf",1,1.1474,0.7229,58.7218149121594,2022-09-15,3.42933333333333,NA
"353",2089,"live oak",37,"pd","leaf",0,3.8279,2.4241,57.910152221443,2022-09-16,1.548,NA
"354",2089,"live oak",37,"pd","leaf",0,2.613,1.4789,76.6853742646561,2022-09-12,1.548,NA
"355",2089,"live oak",37,"pd","leaf",1,3.9306,2.4345,61.4540973505853,2022-09-12,1.548,NA
"356",2089,"live oak",37,"pd","leaf",1,3.1408,2.063,52.2443044110519,2022-09-16,1.548,NA
"357",2090,"blue oak",14,"pd","leaf",0,5.3647,2.1297,151.899328543926,2022-04-04,0.874666666666667,NA
"358",2090,"blue oak",14,"pd","leaf",0,4.0436,1.4189,184.981323560505,2022-04-04,0.874666666666667,NA
"359",2090,"blue oak",17,"pd","leaf",0,7.963,3.5938,121.576047637598,2022-04-27,1.1926,NA
"360",2090,"blue oak",21,"md","leaf",0,2.9909,1.41,112.120567375887,2022-05-25,2.665,NA
"361",2090,"blue oak",21,"pd","leaf",0,2.76,1.5209,81.4714971398514,2022-05-25,1.97875,NA
"362",2090,"blue oak",29,"md","leaf",0,3.503,2.12,65.2358490566038,2022-07-19,4,NA
"363",2090,"blue oak",37,"md","leaf",0,3.0989,1.8889,64.0584467150193,2022-09-15,NA,NA
"364",2090,"blue oak",37,"pd","leaf",0,6.827,3.9951,70.8843333083027,2022-09-16,1.83357142857143,NA
"365",2090,"blue oak",37,"pd","leaf",0,4.156,2.2535,84.4242289771467,2022-09-12,1.83357142857143,NA
"366",2091,"live oak",11,"pd","leaf",0,5.7148,3.2051,78.3033290692958,2022-03-15,NA,NA
"367",2091,"live oak",11,"pd","leaf",1,3.8134,1.9565,94.9092767697419,2022-03-15,NA,NA
"368",2091,"live oak",14,"pd","leaf",1,6.151,3.4337,79.1362087544049,2022-04-04,NA,NA
"369",2091,"live oak",14,NA,"leaf",1,4.3284,2.6645,62.4469881778946,2022-04-04,NA,NA
"370",2091,"live oak",17,"md","leaf",0,4.026,1.834,119.520174482007,2022-04-27,2.02066666666667,NA
"371",2091,"live oak",17,"md","leaf",1,4.104,2.509,63.5711438820247,2022-04-27,2.02066666666667,NA
"372",2091,"live oak",17,"pd","leaf",0,4.6493,1.6966,174.036307909938,2022-04-27,0.5792,NA
"373",2091,"live oak",17,"pd","leaf",1,3.3294,1.7052,95.2498240675581,2022-04-27,0.5792,NA
"374",2091,"live oak",21,"md","leaf",1,2.2663,1.3342,69.8620896417329,2022-05-25,2.122,NA
"375",2091,"live oak",21,"pd","leaf",0,2.76,1.536,79.6875,2022-05-25,0.583666666666667,NA
"376",2091,"live oak",21,"pd","leaf",1,1.32,0.812,62.5615763546798,2022-05-25,0.583666666666667,NA
"377",2091,"live oak",37,"md","leaf",0,1.473,0.8735,68.6319404693761,2022-09-15,2.94475,NA
"378",2091,"live oak",37,"md","leaf",1,3.238,2.0364,59.006089176979,2022-09-15,2.94475,NA
"379",2091,"live oak",37,"pd","leaf",0,4.3151,2.5274,70.7327688533671,2022-09-16,0.6045,NA
"380",2091,"live oak",37,"pd","leaf",0,2.399,1.3063,83.6484727857307,2022-09-12,0.6045,NA
"381",2091,"live oak",37,"pd","leaf",1,2.475,1.5148,63.3879059941907,2022-09-16,0.6045,NA
"382",2092,"live oak",11,"pd","leaf",0,13.2959,3.0204,340.203284333201,2022-03-15,NA,NA
"383",2092,"live oak",11,"pd","leaf",1,2.3802,1.3436,77.1509377791009,2022-03-15,NA,NA
"384",2092,"live oak",14,"md","leaf",0,0.8168,0.4707,73.5287869131081,2022-04-04,NA,NA
"385",2092,"live oak",14,"md","leaf",1,1.9076,1.1002,73.3866569714597,2022-04-04,NA,NA
"386",2092,"live oak",14,"pd","leaf",1,4.8592,2.7328,77.8103044496487,2022-04-04,NA,NA
"387",2092,"live oak",17,"md","leaf",0,1.2072,0.5212,131.619339984651,2022-04-27,2.1235,NA
"388",2092,"live oak",17,"md","leaf",1,9.5756,5.8114,64.7726881646419,2022-04-27,2.1235,"check"
"389",2092,"live oak",17,"pd","leaf",0,2.118,0.983,115.462868769074,2022-04-27,1.261,NA
"390",2092,"live oak",17,"pd","leaf",1,1.988,1.253,58.659217877095,2022-04-27,1.261,NA
"391",2092,"live oak",21,"md","leaf",0,1.9367,1.0667,81.5599512515234,2022-05-25,2.2205,NA
"392",2092,"live oak",21,"md","leaf",1,2.0431,1.2498,63.4741558649384,2022-05-25,2.2205,NA
"393",2092,"live oak",21,"pd","leaf",0,2.02,1.1237,79.7632820147726,2022-05-25,1.09083333333333,NA
"394",2092,"live oak",21,"pd","leaf",1,0.88,0.5439,61.7944475087332,2022-05-25,1.09083333333333,NA
"395",2092,"live oak",29,"md","leaf",0,1.505,0.949,58.5879873551106,2022-07-19,3.2,NA
"396",2092,"live oak",29,"md","leaf",1,1.659,1.09,52.2018348623853,2022-07-19,3.2,NA
"397",2092,"live oak",37,"md","leaf",0,4.7999,2.8164,70.4267859679023,2022-09-15,3.0824,NA
"398",2092,"live oak",37,"md","leaf",1,3.2062,1.998,60.4704704704705,2022-09-15,3.0824,NA
"399",2093,"live oak",10,"md","leaf",0,5.739,3.3033,73.7353555535374,2022-03-08,2.064,NA
"400",2093,"live oak",10,"md","leaf",1,6.4301,4.0404,59.1451341451342,2022-03-08,2.064,NA
"401",2093,"live oak",11,"pd","leaf",0,0.1701,0.1154,47.4003466204506,2022-03-15,NA,NA
"402",2093,"live oak",11,"pd","leaf",1,6.8573,3.8564,77.816097915154,2022-03-15,NA,NA
"403",2093,"live oak",14,"md","leaf",0,0.2243,0.1151,94.874022589053,2022-04-04,NA,NA
"404",2093,"live oak",14,"md","leaf",1,2.3738,1.4312,65.860816098379,2022-04-04,NA,NA
"405",2093,"live oak",14,"pd","leaf",0,0.3675,0.0981,274.617737003058,2022-04-04,0.15425,NA
"406",2093,"live oak",14,"pd","leaf",1,4.7402,2.7555,72.0268553801488,2022-04-04,0.15425,NA
"407",2093,"live oak",17,"md","leaf",0,6.3935,2.583,147.522260936895,2022-04-27,1.87566666666667,NA
"408",2093,"live oak",17,"md","leaf",1,1.8246,1.1341,60.8852834847015,2022-04-27,1.87566666666667,NA
"409",2093,"live oak",17,"pd","leaf",0,5.503,1.8393,199.189909204589,2022-04-27,0.7785,NA
"410",2093,"live oak",17,"pd","leaf",1,4.456,2.587,72.2458446076537,2022-04-27,0.7785,NA
"411",2093,"live oak",21,"md","leaf",1,0.2342,0.1368,71.1988304093567,2022-05-25,2.7215,NA
"412",2093,"live oak",21,"md","leaf",1,1.9056,1.1585,64.4885627967199,2022-05-25,2.7215,NA
"413",2093,"live oak",21,"pd","leaf",0,2.33,1.3554,71.9049727017855,2022-05-25,0.820833333333333,NA
"414",2093,"live oak",21,"pd","leaf",1,0.77,0.4866,58.2408549116317,2022-05-25,0.820833333333333,NA
"415",2093,"live oak",37,"md","leaf",0,3.9786,2.4384,63.1643700787401,2022-09-15,2.20625,NA
"416",2093,"live oak",37,"md","leaf",1,4.3177,2.7443,57.3333819188864,2022-09-15,2.20625,NA
"417",2093,"live oak",37,"pd","leaf",0,4.894,3.1314,56.2879223350578,2022-09-16,1.22122222222222,NA
"418",2093,"live oak",37,"pd","leaf",0,2.5045,1.4005,78.8289896465548,2022-09-12,1.22122222222222,NA
"419",2093,"live oak",37,"pd","leaf",0,1.85,1.0626,74.1012610577828,2022-09-12,1.22122222222222,NA
"420",2093,"live oak",37,"pd","leaf",1,1.302,0.7691,69.2887790924457,2022-09-12,1.22122222222222,NA
"421",2093,"live oak",37,"pd","leaf",1,4.8509,2.8697,69.0385754608496,2022-09-12,1.22122222222222,NA
"422",2127,NA,17,"pd","leaf",0,4.083,2.1935,86.140870754502,2022-04-25,NA,NA
"423",2301,"live oak",9,"md","both",3,7.1133,3.7438,90.0021368662856,2022-02-28,1.8325,"wet/dry weight columns will autopopulate"
"424",2301,"live oak",9,"md","both",3,13.0159,7.1916,80.987541020079,2022-02-28,1.8325,NA
"425",2301,"live oak",10,"pd","leaf",1,12.4747,6.9441,79.6445903716824,2022-03-08,1.0105,NA
"426",2301,"live oak",13,"pd","leaf",1,6.202,3.4851,77.9575908869186,2022-03-30,NA,NA
"427",2301,"live oak",14,"pd","leaf",1,6.8129,4.231,61.023398723706,2022-04-04,1.05855555555556,NA
"428",2301,"live oak",17,"md","leaf",1,5.9069,3.4256,72.4340261560019,2022-04-25,3.4964,NA
"429",2301,"live oak",21,"md","leaf",1,4.22,2.6638,58.4203018244613,2022-05-23,NA,NA
"430",2301,"live oak",21,"pd","leaf",0,2.0096,1.1848,69.6151249155975,2022-05-23,NA,NA
"431",2301,"live oak",29,"md","leaf",0,3.811,2.51,51.8326693227092,2022-07-19,NA,"possibly Y1?"
"432",2301,"live oak",33,"md","leaf",0,0.8032,0.5387,49.0996844254687,2022-08-18,NA,NA
"433",2301,"live oak",33,"md","leaf",1,3.4423,2.2282,54.487927475092,2022-08-18,NA,NA
"434",2301,"live oak",33,"pd","leaf",0,2.36,1.5198,55.2835899460455,2022-08-18,NA,NA
"435",2301,"live oak",33,"pd","leaf",1,1.3,0.8079,60.9110038371086,2022-08-18,NA,NA
"436",2301,"live oak",37,"md","leaf",0,3.1875,2.0616,54.6129220023283,2022-09-15,NA,NA
"437",2301,"live oak",37,"md","leaf",1,4.4055,2.9703,48.3183516816483,2022-09-15,NA,NA
"438",2301,"live oak",37,"pd","leaf",0,7.8907,4.8774,61.7808668552918,2022-09-12,NA,NA
"439",2322,"live oak",9,"md","both",3,12.7938,1.6944,655.06373937677,2022-02-28,NA,NA
"440",2323,NA,11,"pd","leaf",1,4.3589,2.4433,78.4021610117464,2022-03-15,NA,NA
"441",2330,"blue oak",33,"pd","leaf",0,1.11,0.7122,55.8550968828981,2022-08-18,2.85233333333333,NA
"442",2330,"blue oak",33,"pd","leaf",1,5.13,3.3783,51.8515229553326,2022-08-18,2.85233333333333,NA
"443",2331,"live oak",9,"md","both",3,20.4055,11.8998,71.4776718936453,2022-02-28,2.612,NA
"444",2331,"live oak",10,"md","leaf",0,0.2735,0.173,58.092485549133,2022-03-08,2.22933333333333,NA
"445",2331,"live oak",10,"md","leaf",0,2.8601,0.8447,238.593583520777,2022-03-08,2.22933333333333,NA
"446",2331,"live oak",10,"md","leaf",1,11.4802,6.3892,79.6813372566206,2022-03-08,2.22933333333333,NA
"447",2331,"live oak",10,"md","leaf",1,8.9729,4.9806,80.1570091956792,2022-03-08,2.22933333333333,NA
"448",2331,"live oak",10,"pd","leaf",0,0.357,0.2431,46.8531468531468,2022-03-08,0.9335,NA
"449",2331,"live oak",10,"pd","leaf",1,7.3328,4.2513,72.4837108649119,2022-03-08,0.9335,NA
"450",2331,"live oak",10,"pd","leaf",1,5.1027,3.1758,60.6744757226525,2022-03-08,0.9335,NA
"451",2331,"live oak",13,"pd","leaf",0,0.5738,0.2889,98.6154378677743,2022-03-30,NA,NA
"452",2331,"live oak",13,"pd","leaf",1,7.3587,3.9622,85.7225783655545,2022-03-30,NA,NA
"453",2331,"live oak",14,"pd","leaf",0,0.086,0.045,91.1111111111111,2022-04-04,0.391666666666667,NA
"454",2331,"live oak",14,"pd","leaf",1,5.9126,3.726,58.6849168008588,2022-04-04,0.391666666666667,NA
"455",2331,"live oak",17,"md","leaf",1,9.933,6.8456,45.1005025125628,2022-04-25,2.99033333333333,NA
"456",2331,"live oak",21,"md","leaf",1,1.99,1.291,54.1440743609605,2022-05-23,2.64,NA
"457",2331,"live oak",21,"pd","leaf",0,0.4066,0.2006,102.691924227318,2022-05-23,1.898,NA
"458",2331,"live oak",21,"pd","leaf",1,1.1235,0.6339,77.2361571225745,2022-05-23,1.898,NA
"459",2331,"live oak",33,"md","leaf",0,0.7003,0.448,56.3169642857143,2022-08-18,3.86975,"*Y0 and Y1 leaves may have crossover"
"460",2331,"live oak",33,"md","leaf",1,2.3922,1.5608,53.2675550999487,2022-08-18,3.86975,"No LFM label"
"461",2331,"live oak",37,"md","leaf",0,3.1941,2.0427,56.3665736525187,2022-09-15,4.2825,NA
"462",2331,"live oak",37,"md","leaf",1,2.1328,1.4087,51.4020018456733,2022-09-15,4.2825,NA
"463",2331,"live oak",37,"pd","leaf",0,0.9688,0.6207,56.0818430803931,2022-09-12,1.834,NA
"464",2331,"live oak",37,"pd","leaf",1,6.76,4.3071,56.9501520744817,2022-09-12,1.834,NA
"465",2343,"blue oak",13,"pd","leaf",0,7.3292,2.8497,157.191985121241,2022-03-30,NA,NA
"466",2343,"blue oak",14,"pd","leaf",0,7.8771,3.733,111.012590409858,2022-04-04,0.906666666666667,NA
"467",2343,"blue oak",17,"md","leaf",0,3.1684,1.5685,102.001912655403,2022-04-25,2.6195,NA
"468",2343,"blue oak",17,"pd","leaf",0,5.4365,2.6483,105.282634142658,2022-04-25,1.15466666666667,NA
"469",2343,"blue oak",21,"pd","leaf",0,1.2272,0.7563,62.2636519899511,2022-05-23,1.9245,NA
"470",2343,"blue oak",29,"md","leaf",0,6.192,3.755,64.9001331557923,2022-07-19,3.2,NA
"471",2343,"blue oak",33,"md","leaf",0,2.4998,1.547,61.590174531351,2022-08-18,4.00233333333333,NA
"472",2343,"blue oak",33,"pd","leaf",0,2.68,1.6394,63.4744418689765,2022-08-18,3.085,"Not labelled as LFM"
"473",2343,"blue oak",37,"pd","leaf",0,2.5997,1.504,72.8523936170213,2022-09-12,2.38916666666667,NA
"474",2343,"blue oak",37,"pd","leaf",0,2.1724,1.1521,88.5600208315251,2022-09-12,2.38916666666667,NA
"475",2345,"live oak",9,"md","both",3,12.543,7.2021,74.1575373849294,2022-02-28,1.63,NA
"476",2345,"live oak",9,"md","both",3,8.6134,4.6572,84.9480374473933,2022-02-28,1.63,NA
"477",2345,"live oak",10,"md","leaf",1,7.1386,4.0206,77.5506143361687,2022-03-08,1.35233333333333,NA
"478",2345,"live oak",10,"pd","leaf",1,9.5029,5.1219,85.5346648704582,2022-03-08,0.301666666666667,NA
"479",2345,"live oak",13,"pd","leaf",0,0.0366,0.0155,136.129032258065,2022-03-30,NA,"switched wet and dry"
"480",2345,"live oak",13,"pd","leaf",1,8.1503,4.5634,78.6014813516238,2022-03-30,NA,NA
"481",2345,"live oak",17,"md","leaf",1,5.4138,3.2932,64.3932952751124,2022-04-25,2.211,NA
"482",2345,"live oak",17,"pd","leaf",1,6.4025,3.4204,87.1857092737691,2022-04-25,0.7015,NA
"483",2345,"live oak",21,"md","leaf",1,2.3418,1.464,59.9590163934426,2022-05-23,NA,NA
"484",2345,"live oak",21,"pd","leaf",0,0.419,0.1965,113.23155216285,2022-05-23,NA,NA
"485",2345,"live oak",21,"pd","leaf",1,0.9444,0.5211,81.2320092112838,2022-05-23,NA,NA
"486",2345,"live oak",29,"md","leaf",1,3.803,2.518,51.032565528197,2022-07-19,3.45,NA
"487",2345,"live oak",33,"md","leaf",0,0.78,0.4738,64.6264246517518,2022-08-18,NA,NA
"488",2345,"live oak",33,"md","leaf",1,2.6507,1.6879,57.0412939155163,2022-08-18,NA,NA
"489",2345,"live oak",33,"pd","leaf",0,2.33,1.5027,55.054235709057,2022-08-18,NA,NA
"490",2345,"live oak",33,"pd","leaf",0,0.89,0.55,61.8181818181818,2022-08-18,NA,NA
"491",2345,"live oak",33,"pd","leaf",1,2.54,1.6222,56.5774873628406,2022-08-18,NA,NA
"492",2345,"live oak",33,"pd","leaf",NA,1.37,0.8376,63.5625596943649,2022-08-18,NA,"No year labelled; bulk"
"493",2345,"live oak",37,"md","leaf",0,0.5576,0.3645,52.9766803840878,2022-09-15,NA,NA
"494",2345,"live oak",37,"md","leaf",1,4.2118,2.8011,50.3623576452108,2022-09-15,NA,NA
"495",2345,"live oak",37,"pd","leaf",0,0.2105,0.1189,77.0395290159798,2022-09-12,NA,NA
"496",2345,"live oak",37,"pd","leaf",1,5.7045,3.347,70.4362115327159,2022-09-12,NA,NA
"497",2345,"live oak",37,"pd","leaf",1,0.7844,0.4759,64.8245429712124,2022-09-12,NA,NA
"498",2346,"blue oak",13,"pd","leaf",0,3.1991,1.0378,208.257853150896,2022-03-30,NA,NA
"499",2346,"blue oak",13,"pd","leaf",1,0.4493,0.2232,101.299283154122,2022-03-30,NA,NA
"500",2346,"blue oak",17,"md","leaf",0,1.8138,0.9003,101.466177940686,2022-04-25,2.211,NA
"501",2346,"blue oak",17,"pd","leaf",0,3.1501,1.6027,96.5495725962438,2022-04-25,2.00033333333333,NA
"502",2346,"blue oak",21,"md","leaf",0,3.1163,1.902,63.8433228180862,2022-05-23,3.3165,NA
"503",2346,"blue oak",21,"pd","leaf",0,1.4503,0.7575,91.4587458745875,2022-05-23,2.0605,NA
"504",2346,"blue oak",33,"md","leaf",0,2.3745,1.4913,59.2234962784148,2022-08-18,5.112,NA
"505",2346,"blue oak",37,"md","leaf",0,2.107,1.4117,49.2526740808954,2022-09-15,NA,NA
"506",2346,"blue oak",37,"pd","leaf",0,2.327,1.374,69.3595342066958,2022-09-12,3.06666666666667,NA
"507",2347,"blue oak",13,"pd","leaf",0,7.538,2.914,158.682223747426,2022-03-30,NA,NA
"508",2347,"blue oak",14,"pd","leaf",0,5.2775,2.469,113.750506277845,2022-04-04,1.23233333333333,NA
"509",2347,"blue oak",17,"md","leaf",0,3.6264,1.5488,134.142561983471,2022-04-25,2.35985714285714,NA
"510",2347,"blue oak",17,"pd","leaf",0,5.0425,2.3402,115.473036492607,2022-04-25,1.36066666666667,NA
"511",2347,"blue oak",21,"md","leaf",0,1.42,0.7685,84.7755367599219,2022-05-23,2.86,NA
"512",2347,"blue oak",21,"pd","leaf",0,1.6134,0.7665,110.489236790607,2022-05-23,1.934,NA
"513",2347,"blue oak",29,"md","leaf",0,2.652,1.626,63.09963099631,2022-07-19,4.2,NA
"514",2347,"blue oak",33,"md","leaf",0,2.2227,1.3608,63.3377425044092,2022-08-18,4.4565,NA
"515",2347,"blue oak",33,"pd","leaf",0,1.7,1.0754,58.0807141528734,2022-08-18,3.991,"*No Y1 leaves"
"516",2347,"blue oak",37,"pd","leaf",0,2.439,1.3946,74.888857019934,2022-09-12,2.62333333333333,NA
"517",2352,"live oak",9,"md","both",3,14.2128,8.2913,71.4182335701277,2022-02-28,2.274,NA
"518",2352,"live oak",10,"md","leaf",1,3.469,2.4294,42.7924590433852,2022-03-08,2.44166666666667,NA
"519",2352,"live oak",11,"pd","leaf",0,9.5583,3.739,155.637871088526,2022-03-15,NA,NA
"520",2352,"live oak",13,"pd","leaf",0,0.8404,0.128,556.5625,2022-03-30,NA,NA
"521",2352,"live oak",13,"pd","leaf",1,3.1947,1.9227,66.156966765486,2022-03-30,NA,NA
"522",2352,"live oak",14,"pd","leaf",0,0.7679,0.428,79.4158878504673,2022-04-04,0.78975,NA
"523",2352,"live oak",14,"pd","leaf",1,3.1857,2.137,49.0734674777726,2022-04-04,0.78975,NA
"524",2352,"live oak",17,"md","leaf",0,0.6852,0.3345,104.843049327354,2022-04-25,2.734,NA
"525",2352,"live oak",17,"md","leaf",1,2.3451,1.3397,75.0466522355751,2022-04-25,2.734,NA
"526",2352,"live oak",17,"pd","leaf",1,5.961,3.847,54.9519105796725,2022-04-25,1.64725,NA
"527",2352,"live oak",21,"md","leaf",1,1.0933,0.747,46.3587684069612,2022-05-23,NA,NA
"528",2352,"live oak",21,"pd","leaf",1,1.2887,0.7002,84.0474150242788,2022-05-23,NA,NA
"529",2352,"live oak",33,"md","leaf",0,0.7864,0.5109,53.924447054218,2022-08-18,NA,"*Y0 and Y1 leaves may have crossover"
"530",2352,"live oak",33,"md","leaf",1,0.8559,0.5735,49.2414995640802,2022-08-18,NA,NA
"531",2352,"live oak",33,"pd","leaf",0,0.95,0.6102,55.6866601114389,2022-08-18,NA,NA
"532",2352,"live oak",33,"pd","leaf",1,1.71,1.2176,40.4402102496715,2022-08-18,NA,NA
"533",2352,"live oak",37,"md","leaf",0,2.2146,1.4052,57.600341588386,2022-09-15,NA,NA
"534",2352,"live oak",37,"pd","leaf",0,0.2226,0.1435,55.1219512195122,2022-09-12,NA,NA
"535",2352,"live oak",37,"pd","leaf",1,2.0466,1.3162,55.493086157119,2022-09-12,NA,NA
"536",2354,"live oak",9,"md","both",3,19.564,11.3683,72.0925732079555,2022-02-28,1.7684,NA
"537",2354,"live oak",9,"md","both",3,10.8943,6.3791,70.7811446755812,2022-02-28,1.7684,"Ignore site column"
"538",2354,"live oak",10,"pd","leaf",0,1.5054,0.4352,245.909926470588,2022-03-08,2.47975,NA
"539",2354,"live oak",10,"pd","leaf",1,5.7641,3.1468,83.1733824837931,2022-03-08,2.47975,NA
"540",2354,"live oak",13,"pd","leaf",0,2.162,0.8479,154.98289892676,2022-03-30,NA,NA
"541",2354,"live oak",14,"pd","leaf",0,3.4094,1.696,101.025943396226,2022-04-04,0.8164,NA
"542",2354,"live oak",14,"pd","leaf",1,3.8779,2.346,65.2983802216539,2022-04-04,0.8164,NA
"543",2354,"live oak",17,"md","leaf",0,2.0077,1.0094,98.9003368337626,2022-04-25,NA,NA
"544",2354,"live oak",17,"md","leaf",1,4.7918,2.7676,73.1391819627114,2022-04-25,NA,NA
"545",2354,"live oak",17,"pd","leaf",0,1.7719,0.6636,167.013261000603,2022-04-25,1.4596,NA
"546",2354,"live oak",17,"pd","leaf",1,5.6269,3.3242,69.2708019974731,2022-04-25,1.4596,NA
"547",2354,"live oak",21,"md","leaf",1,2.4775,1.601,54.7470331043098,2022-05-23,NA,NA
"548",2354,"live oak",21,"md","leaf",1,2.0428,1.296,57.6234567901235,2022-05-23,NA,NA
"549",2354,"live oak",29,"md","leaf",0,3.049,1.858,64.1011840688913,2022-07-19,4.1,NA
"550",2354,"live oak",29,"md","leaf",1,0.847,0.577,46.7937608318891,2022-07-19,4.1,NA
"551",2354,"live oak",29,"pd","leaf",0,4.609,2.781,65.7317511686444,2022-07-19,2.65,NA
"552",2354,"live oak",29,"pd","leaf",1,0.878,0.567,54.8500881834215,2022-07-19,2.65,NA
"553",2354,"live oak",33,"md","leaf",0,0.6039,0.3631,66.3178187827045,2022-08-18,NA,NA
"554",2354,"live oak",33,"md","leaf",1,2.9277,1.8109,61.6709923242587,2022-08-18,NA,NA
"555",2354,"live oak",33,"pd","leaf",0,1.95,1.1313,72.3680721294086,2022-08-18,NA,NA
"556",2354,"live oak",33,"pd","leaf",1,2.99,1.9454,53.6958980158322,2022-08-18,NA,NA
"557",2354,"live oak",37,"md","leaf",1,5.374,3.6767,46.1636793864063,2022-09-15,NA,"no y0 growth"
"558",2354,"live oak",37,"pd","leaf",0,1.5121,0.9045,67.175234936429,2022-09-12,NA,NA
"559",2354,"live oak",37,"pd","leaf",0,3.7911,2.3263,62.9669432145467,2022-09-12,NA,"*No Y0 leaves or growth"
"560",2354,"live oak",37,"pd","leaf",0,3.791,2.3263,62.9626445428363,2022-09-12,NA,NA
"561",2354,"live oak",37,"pd","leaf",1,2.5153,1.5191,65.5783029425318,2022-09-12,NA,NA
"562",2360,"blue oak",13,"pd","leaf",0,5.7272,2.657,115.55137372977,2022-03-30,NA,NA
"563",2360,"blue oak",14,"pd","leaf",0,6.6461,3.574,85.9569110240627,2022-04-04,1.08133333333333,NA
"564",2360,"blue oak",17,"md","leaf",0,2.3641,1.3723,72.272826641405,2022-04-25,2.75833333333333,NA
"565",2360,"blue oak",17,"pd","leaf",0,4.0069,1.9929,101.058758593005,2022-04-25,1.485,NA
"566",2360,"blue oak",21,"md","leaf",0,2.2687,1.326,71.0935143288084,2022-05-23,3.27725,NA
"567",2360,"blue oak",29,"md","leaf",0,2.776,1.748,58.8100686498856,2022-07-19,4.55,NA
"568",2360,"blue oak",29,"pd","leaf",0,3.516,2.136,64.6067415730337,2022-07-19,3.83333333333333,NA
"569",2360,"blue oak",33,"md","leaf",0,2.723,1.6519,64.8404867122707,2022-08-18,4.88075,NA
"570",2360,"blue oak",33,"pd","leaf",0,3.27,2.0068,62.945983655571,2022-08-18,3.8955,"Could be 2.0060 or 2.0068"
"571",2365,"blue oak",13,"pd","leaf",0,4.4374,1.9311,129.786132256227,2022-03-30,NA,NA
"572",2365,"blue oak",14,"pd","leaf",0,3.4957,1.755,99.1851851851852,2022-04-04,1.10333333333333,NA
"573",2365,"blue oak",17,"md","leaf",0,2.4097,1.1164,115.845575062702,2022-04-25,3.18333333333333,NA
"574",2365,"blue oak",17,"pd","leaf",0,5.198,2.4983,108.061481807629,2022-04-25,1.402,NA
"575",2365,"blue oak",21,"md","leaf",0,0.9929,0.573,73.280977312391,2022-05-23,2.97266666666667,NA
"576",2365,"blue oak",21,"pd","leaf",0,1.5009,0.5636,166.305890702626,2022-05-23,1.87766666666667,NA
"577",2365,"blue oak",29,"md","leaf",0,1.771,1.088,62.7757352941176,2022-07-19,3.85,NA
"578",2365,"blue oak",33,"md","leaf",0,1.5551,0.9921,56.7483116621308,2022-08-18,5.1675,NA
"579",2365,"blue oak",33,"pd","leaf",0,1.24,0.8008,54.8451548451549,2022-08-18,3.82,NA
"580",2365,"blue oak",37,"pd","leaf",0,0.3868,0.231,67.4458874458874,2022-09-12,2.48333333333333,NA
"581",2365,"blue oak",37,"pd","leaf",0,0.425,0.2643,60.802118804389,2022-09-12,2.48333333333333,NA
"582",2366,"blue oak",9,"md","both",3,12.0129,6.9234,73.5115694600919,2022-02-28,NA,NA
"583",2366,"blue oak",10,"pd","leaf",1,3.4833,1.3173,164.427237531314,2022-03-08,1.508,NA
"584",2367,"blue oak",13,"pd","leaf",0,3.0673,1.2921,137.388747001006,2022-03-30,NA,NA
"585",2367,"blue oak",14,"pd","leaf",0,2.7037,1.385,95.2129963898917,2022-04-04,1.11,NA
"586",2367,"blue oak",17,"md","leaf",0,1.7497,0.9096,92.3592788038698,2022-04-25,2.71266666666667,NA
"587",2367,"blue oak",17,"pd","leaf",0,5.9576,2.7161,119.34391222709,2022-04-25,1.546,NA
"588",2367,"blue oak",21,"md","leaf",0,1.0934,0.625,74.944,2022-05-23,2.96033333333333,NA
"589",2367,"blue oak",21,"pd","leaf",0,0.6487,0.311,108.585209003215,2022-05-23,2.01425,NA
"590",2367,"blue oak",29,"md","leaf",0,3.097,1.957,58.252427184466,2022-07-19,3.88333333333333,NA
"591",2367,"blue oak",29,"pd","leaf",0,2.307,1.435,60.7665505226481,2022-07-19,3.3,NA
"592",2367,"blue oak",33,"md","leaf",0,1.3311,0.8422,58.0503443362622,2022-08-18,5.2685,NA
"593",2367,"blue oak",33,"pd","leaf",0,1.95,1.2566,55.1806461881267,2022-08-18,3.507,NA
"594",2367,"blue oak",37,"pd","leaf",0,1.646,0.968,70.0413223140496,2022-09-12,3.48366666666667,NA
"595",2369,"blue oak",13,"pd","leaf",0,7.489,3.1964,134.294831685646,2022-03-30,NA,NA
"596",2369,"blue oak",14,"pd","leaf",0,2.7164,1.375,97.5563636363637,2022-04-04,1.045,NA
"597",2369,"blue oak",17,"md","leaf",0,2.1209,1.0711,98.011390159649,2022-04-25,3.36,NA
"598",2369,"blue oak",17,"pd","leaf",0,6.0846,3.2434,87.5994326940865,2022-04-25,1.50533333333333,NA
"599",2369,"blue oak",21,"pd","leaf",0,2.111,0.8912,136.871633752244,2022-05-23,1.898,NA
"600",2369,"blue oak",29,"pd","leaf",0,1.645,1.067,54.1705716963449,2022-07-19,4.63,NA
"601",2369,"blue oak",33,"md","leaf",0,2.2748,1.4579,56.0326497016256,2022-08-18,4.926,NA
"602",2369,"blue oak",33,"pd","leaf",0,1.69,1.1223,50.5836229172236,2022-08-18,3.314,NA
"603",2369,"blue oak",37,"pd","leaf",0,2.255,1.384,62.9335260115607,2022-09-12,2.21,NA
"604",2370,"blue oak",13,"pd","leaf",0,1.9214,0.8227,133.548073416798,2022-03-30,NA,NA
"605",2370,"blue oak",14,"pd","leaf",0,3.2043,1.438,122.830319888734,2022-04-04,1.16133333333333,NA
"606",2370,"blue oak",17,"md","leaf",0,2.8689,1.5975,79.5868544600939,2022-04-25,2.28725,NA
"607",2370,"blue oak",17,"pd","leaf",0,3.6379,1.7577,106.969334926324,2022-04-25,1.3795,NA
"608",2370,"blue oak",21,"md","leaf",0,1.25,0.6848,82.535046728972,2022-05-23,3.2,NA
"609",2370,"blue oak",21,"pd","leaf",0,2.0316,1.0197,99.2350691379818,2022-05-23,1.92933333333333,NA
"610",2370,"blue oak",29,"md","leaf",0,2.312,1.474,56.8521031207598,2022-07-19,4.43333333333333,NA
"611",2370,"blue oak",29,"md","leaf",0,1.506,0.963,56.386292834891,2022-07-19,4.43333333333333,NA
"612",2370,"blue oak",29,"pd","leaf",0,1.375,0.856,60.6308411214953,2022-07-19,3.53333333333333,NA
"613",2370,"blue oak",33,"md","leaf",NA,2.0568,1.3026,57.8995854444956,2022-08-18,4.79925,"No year available"
"614",2370,"blue oak",33,"pd","leaf",0,2.69,1.7163,56.7325059721494,2022-08-18,3.744,NA
"615",2370,"blue oak",33,"pd","leaf",0,2.6,1.7163,51.4886674823749,2022-08-18,3.744,NA
"616",2370,"blue oak",37,"md","leaf",0,1.8691,1.1988,55.9142475809142,2022-09-15,4.005,NA
"617",2370,"blue oak",37,"pd","leaf",0,2.7696,1.6425,68.62100456621,2022-09-12,2.4,NA
"618",2371,"blue oak",13,"pd","leaf",0,4.1964,1.2667,231.286018788979,2022-03-30,NA,NA
"619",2371,"blue oak",14,"pd","leaf",0,5.3934,2.118,154.645892351275,2022-04-04,0.945,NA
"620",2371,"blue oak",17,"md","leaf",0,5.4747,2.4619,122.377025874325,2022-04-25,2.696,NA
"621",2371,"blue oak",17,"pd","leaf",0,6.61,3.3662,96.3638524151863,2022-04-25,0.952333333333333,NA
"622",2371,"blue oak",21,"md","leaf",0,1.26,0.7116,77.0657672849916,2022-05-23,2.55666666666667,NA
"623",2371,"blue oak",21,"pd","leaf",0,2.9027,1.2556,131.180312201338,2022-05-23,1.5165,NA
"624",2371,"blue oak",29,"pd","leaf",0,4.201,2.508,67.5039872408293,2022-07-19,3.1,NA
"625",2371,"blue oak",33,"md","bulk",NA,2.5284,1.5535,62.7550691985838,2022-08-18,4.72,"LFM + bulk (but LFM might be crossed out); No year available"
"626",2371,"blue oak",33,"md","leaf",0,3.5524,2.1978,61.6343616343616,2022-08-18,4.72,NA
"627",2371,"blue oak",33,"pd","leaf",0,2.15,1.3027,65.0418361863821,2022-08-18,2.98575,NA
"628",2371,"blue oak",37,"md","leaf",0,3.634,2.3237,56.3885183113138,2022-09-15,3.87375,NA
"629",2371,"blue oak",37,"pd","leaf",0,4.177,2.3231,79.8028496405664,2022-09-12,2.015,NA
"630",2372,"blue oak",13,"pd","leaf",0,8.1929,3.0651,167.29633617174,2022-03-30,NA,NA
"631",2372,"blue oak",14,"pd","leaf",0,3.5645,1.649,116.161309884779,2022-04-04,1.28333333333333,NA
"632",2372,"blue oak",17,"md","leaf",0,3.775,1.9088,97.768231349539,2022-04-25,1.9765,NA
"633",2372,"blue oak",17,"pd","leaf",0,5.215,2.8079,85.7259873927134,2022-04-25,1.307,NA
"634",2372,"blue oak",21,"md","leaf",0,1.28,0.7511,70.4167221408601,2022-05-23,2.18,NA
"635",2372,"blue oak",21,"pd","leaf",0,2.6141,1.3881,88.3221669908508,2022-05-23,1.78833333333333,NA
"636",2372,"blue oak",29,"md","leaf",0,2.441,1.53,59.5424836601307,2022-07-19,3.92,NA
"637",2372,"blue oak",29,"pd","leaf",0,4.801,3.006,59.7139055222888,2022-07-19,2.8,NA
"638",2372,"blue oak",33,"pd","leaf",0,4.25,2.6962,57.6292559899117,2022-08-18,3.6175,NA
"639",2372,"blue oak",37,"md","leaf",0,2.0382,1.3233,54.0240308320109,2022-09-15,3.533,NA
"640",2372,"blue oak",37,"pd","leaf",0,4.825,2.8348,70.2060110060675,2022-09-12,2.04166666666667,NA
"641",2375,"blue oak",13,"pd","leaf",0,4.6913,1.764,165.946712018141,2022-03-30,NA,NA
"642",2375,"blue oak",17,"md","leaf",0,3.9247,1.762,122.741203178207,2022-04-25,NA,NA
"643",2375,"blue oak",17,"pd","leaf",0,4.9173,2.575,90.9631067961165,2022-04-25,1.3405,NA
"644",2375,"blue oak",21,"md","leaf",0,2.7103,1.552,74.6327319587629,2022-05-23,3.442,NA
"645",2375,"blue oak",21,"pd","leaf",0,1.6372,0.8239,98.7134360966137,2022-05-23,1.69933333333333,NA
"646",2375,"blue oak",29,"md","leaf",0,2.252,1.389,62.1310295176386,2022-07-19,4.5,NA
"647",2375,"blue oak",29,"pd","leaf",0,5.353,3.19,67.8056426332288,2022-07-19,2.19,NA
"648",2375,"blue oak",33,"md","leaf",0,1.3432,0.8416,59.6007604562738,2022-08-18,4.1515,NA
"649",2375,"blue oak",33,"pd","leaf",0,2.83,1.7111,65.3906843550932,2022-08-18,3.11366666666667,NA
"650",2375,"blue oak",37,"md","leaf",0,3.0167,1.9339,55.9904855473396,2022-09-15,3.98766666666667,NA
"651",2375,"blue oak",37,"pd","leaf",0,4.9387,2.6277,87.9476348137154,2022-09-12,1.19775,NA
"652",2376,"live oak",9,"md","both",3,21.5425,12.1395,77.4578854153796,2022-02-28,1.69166666666667,NA
"653",2376,"live oak",10,"md","leaf",1,7.0421,4.0581,73.5319484487815,2022-03-08,2.683,NA
"654",2376,"live oak",13,"pd","leaf",1,6.8421,3.6723,86.3164774119762,2022-03-30,NA,NA
"655",2376,"live oak",17,"md","leaf",1,5.1614,2.9804,73.178096899745,2022-04-25,2.48825,NA
"656",2376,"live oak",17,"pd","leaf",1,10.0375,5.1945,93.2332274521128,2022-04-25,0.969333333333333,NA
"657",2376,"live oak",21,"md","leaf",1,4.5189,2.802,61.2740899357602,2022-05-23,NA,NA
"658",2376,"live oak",29,"md","leaf",1,7.287,4.644,56.9121447028424,2022-07-19,NA,NA
"659",2376,"live oak",29,"pd","leaf",1,6.795,4.447,52.799640206881,2022-07-19,NA,NA
"660",2376,"live oak",33,"md","leaf",1,5.5037,3.6199,52.040111605293,2022-08-18,NA,"no Y0 growth"
"661",2376,"live oak",33,"pd","leaf",1,3.88,2.5548,51.8709879442618,2022-08-18,NA,NA
"662",2376,"live oak",37,"md","leaf",1,7.3271,4.8423,51.3144580054933,2022-09-15,NA,"no y0 growth"
"663",2376,"live oak",37,"pd","leaf",0,7.76,4.7471,63.4682227043879,2022-09-12,NA,NA
"664",2377,"live oak",9,"md","both",3,12.8476,7.4813,71.7295122505447,2022-02-28,2.14,NA
"665",2377,"live oak",10,"md","leaf",0,6.8037,2.351,189.396001701404,2022-03-08,2.21666666666667,NA
"666",2377,"live oak",10,"md","leaf",1,3.4785,1.8506,87.9660650599805,2022-03-08,2.21666666666667,NA
"667",2377,"live oak",10,"pd","leaf",0,1.1252,0.3906,188.069636456733,2022-03-08,0.3665,NA
"668",2377,"live oak",10,"pd","leaf",1,6.5607,3.627,80.8850289495451,2022-03-08,0.3665,NA
"669",2377,"live oak",13,"pd","leaf",1,3.869,2.5146,53.8614491370397,2022-03-30,NA,NA
"670",2377,"live oak",14,"pd","leaf",0,0.9708,0.508,91.1023622047244,2022-04-04,0.243333333333333,NA
"671",2377,"live oak",14,"pd","leaf",1,5.6534,3.478,62.5474410580794,2022-04-04,0.243333333333333,NA
"672",2377,"live oak",17,"md","leaf",0,0.805,0.2762,191.45546705286,2022-04-25,2.96633333333333,NA
"673",2377,"live oak",17,"md","leaf",1,3.6493,2.4205,50.76637058459,2022-04-25,2.96633333333333,NA
"674",2377,"live oak",17,"pd","leaf",0,1.846,1.1444,61.3072352324362,2022-04-25,1.307,NA
"675",2377,"live oak",21,"md","leaf",0,0.1998,0.116,72.2413793103448,2022-05-23,1.61575,NA
"676",2377,"live oak",21,"md","leaf",1,2.0329,1.368,48.6038011695906,2022-05-23,1.61575,NA
"677",2377,"live oak",21,"md","leaf",1,0.8855,0.568,55.8978873239437,2022-05-23,1.61575,NA
"678",2377,"live oak",29,"pd","leaf",0,1.724,1.099,56.869881710646,2022-07-19,2.35,NA
"679",2377,"live oak",29,"pd","leaf",1,2.858,1.889,51.2969825304394,2022-07-19,2.35,NA
"680",2377,"live oak",33,"md","leaf",0,1.0875,0.7291,49.156494308051,2022-08-18,NA,NA
"681",2377,"live oak",33,"md","leaf",1,1.9945,1.3093,52.3333078744367,2022-08-18,NA,NA
"682",2377,"live oak",33,"pd","bulk",NA,1.43,0.9015,58.624514697726,2022-08-18,NA,"year not noted"
"683",2377,"live oak",33,"pd","leaf",0,1.4,0.9276,50.9271237602415,2022-08-18,NA,NA
"684",2377,"live oak",33,"pd","leaf",1,1.72,1.1867,44.9397488834583,2022-08-18,NA,NA
"685",2377,"live oak",37,"md","leaf",0,2.6982,1.8012,49.8001332445037,2022-09-15,NA,NA
"686",2377,"live oak",37,"md","leaf",1,3.4544,2.3128,49.3600830162573,2022-09-15,NA,NA
"687",2377,"live oak",37,"pd","leaf",0,1.032,0.6233,65.5703513556875,2022-09-12,NA,NA
"688",2377,"live oak",37,"pd","leaf",1,2.323,1.4415,61.1515782171349,2022-09-12,NA,NA
"689",2378,"blue oak",10,"md","leaf",0,5.8242,2.2822,155.201121724652,2022-03-08,1.7875,NA
"690",2378,"blue oak",10,"pd","leaf",0,5.5972,2.248,148.985765124555,2022-03-08,1.02433333333333,NA
"691",2378,"blue oak",13,"pd","leaf",0,6.0166,2.8952,107.812931749102,2022-03-30,NA,NA
"692",2378,"blue oak",14,"pd","leaf",0,4.9918,2.6,91.9923076923077,2022-04-04,0.596666666666667,NA
"693",2378,"blue oak",17,"md","leaf",0,4.418,2.0102,119.779126455079,2022-04-25,3.0975,NA
"694",2378,"blue oak",17,"pd","leaf",0,4.4,2.1808,101.760821716801,2022-04-25,1.5095,NA
"695",2378,"blue oak",21,"md","leaf",0,1.2913,0.736,75.4483695652174,2022-05-23,3.192,NA
"696",2378,"blue oak",21,"pd","leaf",0,1.2662,0.5654,123.947647683056,2022-05-23,1.7095,NA
"697",2378,"blue oak",29,"pd","leaf",0,5.744,3.476,65.247410817031,2022-07-19,2.005,NA
"698",2378,"blue oak",33,"md","leaf",0,5.4353,3.2691,66.26288580955,2022-08-18,3.946,NA
"699",2378,"blue oak",33,"pd","leaf",0,1.77,1.0953,61.5995617639003,2022-08-18,3.0715,NA
"700",2378,"blue oak",37,"md","leaf",0,5.2046,3.2557,59.8611665694014,2022-09-15,4.317,NA
"701",2378,"blue oak",37,"pd","leaf",0,2.641,1.4582,81.1137018241668,2022-09-12,1.93466666666667,NA
"702",2379,"blue oak",10,"pd","leaf",0,7.6822,3.3179,131.538021037403,2022-03-08,1.23875,NA
"703",2379,"blue oak",13,"pd","leaf",0,4.2283,1.8972,122.87054606789,2022-03-30,NA,NA
"704",2379,"blue oak",17,"md","leaf",0,2.1962,1.3396,63.9444610331443,2022-04-25,2.82,NA
"705",2379,"blue oak",17,"pd","leaf",0,5.621,3.0666,83.2974629883258,2022-04-25,1.246,NA
"706",2379,"blue oak",21,"md","leaf",0,1.2269,0.723,69.6957123098202,2022-05-23,3.3255,NA
"707",2379,"blue oak",21,"pd","leaf",0,1.5931,0.5879,170.981459431876,2022-05-23,2.286,NA
"708",2379,"blue oak",29,"md","leaf",0,1.703,1.054,61.5749525616698,2022-07-19,4.65,NA
"709",2379,"blue oak",29,"pd","leaf",0,2.958,1.829,61.7277200656096,2022-07-19,4.1,NA
"710",2379,"blue oak",33,"md","leaf",0,2.2443,1.3925,61.1705565529623,2022-08-18,4.349,NA
"711",2379,"blue oak",33,"pd","leaf",0,3.79,2.3207,63.3127935536692,2022-08-18,2.982,NA
"712",2379,"blue oak",37,"md","leaf",0,3.71,2.3582,57.323382240692,2022-09-15,4.87066666666667,NA
"713",2379,"blue oak",37,"pd","leaf",0,2.359,1.3207,78.6173998637086,2022-09-12,1.69666666666667,NA
"714",2380,"live oak",10,"pd","leaf",0,5.4359,1.6965,220.418508694371,2022-03-08,0.785,NA
"715",2380,"live oak",10,"pd","leaf",1,8.0488,4.64,73.4655172413793,2022-03-08,0.785,NA
"716",2380,"live oak",13,"pd","leaf",0,0.556,0.1747,218.259874069834,2022-03-30,NA,NA
"717",2380,"live oak",13,"pd","leaf",1,8.4043,4.7589,76.6017356952237,2022-03-30,NA,NA
"718",2380,"live oak",14,"md","leaf",0,0.8548,0.3791,125.481403323661,2022-04-04,3.2,NA
"719",2380,"live oak",17,"md","leaf",1,3.6701,2.4593,49.2335217338267,2022-04-25,2.5075,NA
"720",2380,"live oak",17,"pd","leaf",0,2.7848,1.4761,88.6593049251406,2022-04-25,0.9764,NA
"721",2380,"live oak",17,"pd","leaf",1,5.269,3.3329,58.0905517717303,2022-04-25,0.9764,NA
"722",2380,"live oak",21,"md","leaf",1,2.59,1.6711,54.987732631201,2022-05-23,3.78,NA
"723",2380,"live oak",21,"pd","leaf",0,1.7825,0.9674,84.2567707256564,2022-05-23,0.850333333333333,NA
"724",2380,"live oak",21,"pd","leaf",1,1.0436,0.3815,173.551769331586,2022-05-23,0.850333333333333,NA
"725",2380,"live oak",29,"md","leaf",0,4.543,3.009,50.9803921568628,2022-07-19,4.1,NA
"726",2380,"live oak",29,"md","leaf",1,0.995,0.667,49.1754122938531,2022-07-19,4.1,NA
"727",2380,"live oak",33,"md","leaf",0,0.6048,0.4043,49.591887212466,2022-08-18,3.1325,NA
"728",2380,"live oak",33,"md","leaf",1,3.516,2.3128,52.0235212729159,2022-08-18,3.1325,NA
"729",2380,"live oak",33,"pd","leaf",1,3.5,2.255,55.2106430155211,2022-08-18,1.38366666666667,"no Y0 leaf growth"
"730",2380,"live oak",33,"pd","leaf",1,3.5,2.255,55.2106430155211,2022-08-18,1.38366666666667,NA
"731",2380,"live oak",37,"md","leaf",0,1.199,0.801,49.6878901373283,2022-09-15,3.496,NA
"732",2380,"live oak",37,"md","leaf",1,5.0463,3.3718,49.6619016549024,2022-09-15,3.496,NA
"733",2380,"live oak",37,"pd","leaf",0,4.67,2.8618,63.1840100635963,2022-09-12,0.834333333333333,NA
"734",2381,"blue oak",9,"md","both",3,9.4342,5.4782,72.2135007849294,2022-02-28,1.57833333333333,"Y1 = 1, Y0 = 0"
"735",2381,"blue oak",10,"md","leaf",0,11.5408,4.0766,183.09866064858,2022-03-08,1.70654166666667,NA
"736",2381,"blue oak",10,"pd","leaf",0,7.474747368,2.339847368,219.454485374791,2022-03-08,1.2752,NA
"737",2381,"blue oak",10,"pd","leaf",0,7.6206,2.4857,206.577624009333,2022-03-08,1.2752,NA
"738",2381,"blue oak",10,"pd","leaf",1,0.5254,0.1086,383.793738489871,2022-03-08,1.2752,NA
"739",2381,"blue oak",13,"pd","leaf",0,5.0291,2.1987,128.730613544367,2022-03-30,NA,NA
"740",2381,"blue oak",14,"pd","leaf",1,4.3946,2.1538,104.039372272263,2022-04-04,0.44,NA
"741",2381,"blue oak",17,"md","leaf",0,3.1962,1.643,94.5343883140597,2022-04-25,2.001,NA
"742",2381,"blue oak",17,"pd","leaf",0,4.9728,2.4645,101.777236762021,2022-04-25,1.26233333333333,NA
"743",2381,"blue oak",21,"md","leaf",0,1.7679,1.01,75.039603960396,2022-05-23,2.6365,NA
"744",2381,"blue oak",29,"md","leaf",0,2.617,1.595,64.0752351097179,2022-07-19,4.63333333333333,NA
"745",2381,"blue oak",29,"pd","leaf",0,5.105,3.032,68.3707124010554,2022-07-19,3.5,NA
"746",2381,"blue oak",33,"md","leaf",0,2.1309,1.3091,62.7759529447712,2022-08-18,4.657,NA
"747",2381,"blue oak",33,"pd","leaf",0,1.8,1.1135,61.6524472384374,2022-08-18,3.83066666666667,NA
"748",2381,"blue oak",37,"md","leaf",0,1.1347,0.7097,59.8844582217839,2022-09-15,4.74066666666667,NA
"749",2381,"blue oak",37,"pd","leaf",0,1.7554,0.987,77.8520770010132,2022-09-12,1.2325,NA
"750",2381,"blue oak",37,"pd","leaf",0,1.287,0.6365,102.199528672427,2022-09-12,1.2325,NA
"751",2382,"blue oak",10,"pd","leaf",1,8.5029,2.8023,203.425757413553,2022-03-08,0.798666666666667,NA
"752",2382,"blue oak",11,"pd","leaf",0,6.1552,2.4563,150.588283190164,2022-03-15,NA,NA
"753",2382,"blue oak",13,"pd","leaf",0,9.1983,4.3284,112.510396451345,2022-03-30,NA,NA
"754",2382,"blue oak",17,"md","leaf",0,4.1206,2.1962,87.6240779528276,2022-04-25,2.695,NA
"755",2382,"blue oak",17,"pd","leaf",0,5.5289,2.8687,92.7318994666574,2022-04-25,1.20466666666667,NA
"756",2382,"blue oak",21,"md","leaf",0,4.9168,2.974,65.3261600537996,2022-05-23,3.88833333333333,NA
"757",2382,"blue oak",21,"pd","leaf",0,2.2275,1.1233,98.2996528086887,2022-05-23,1.366,NA
"758",2382,"blue oak",29,"pd","leaf",0,3.986,2.512,58.6783439490446,2022-07-19,2.95,NA
"759",2382,"blue oak",33,"md","bulk",NA,1.7297,1.0804,60.0981118104406,2022-08-18,4.44666666666667,"LFM + bulk; No year available"
"760",2382,"blue oak",33,"md","leaf",0,3.9178,2.6501,47.8359307195955,2022-08-18,4.44666666666667,NA
"761",2382,"blue oak",37,"md","leaf",0,1.3831,0.8932,54.8477384684281,2022-09-15,NA,NA
"762",2382,"blue oak",37,"pd","leaf",0,2.048,1.2,70.6666666666667,2022-09-12,2.31666666666667,NA
"763",2382,"blue oak",37,"pd","leaf",0,1.83,1.0041,82.2527636689573,2022-09-12,2.31666666666667,NA
"764",2383,"blue oak",10,"pd","leaf",0,6.2835,2.2505,179.20462119529,2022-03-08,0.96,NA
"765",2383,"blue oak",11,"pd","leaf",0,5.791,2.3353,147.976705348349,2022-03-15,NA,NA
"766",2383,"blue oak",13,"pd","leaf",0,7.0772,3.3337,112.292647808741,2022-03-30,NA,NA
"767",2383,"blue oak",14,"pd","leaf",0,5.9707,3.208,86.1190773067331,2022-04-04,0.436666666666667,NA
"768",2383,"blue oak",17,"md","leaf",0,3.1612,1.71,84.8654970760234,2022-04-25,2.96,NA
"769",2383,"blue oak",17,"pd","leaf",0,4.063,2.2059,84.1878598304547,2022-04-25,1.349,NA
"770",2383,"blue oak",21,"md","leaf",0,2.4,1.3994,71.5020723167072,2022-05-23,3.34333333333333,NA
"771",2383,"blue oak",29,"md","leaf",0,1.663,1.03,61.4563106796116,2022-07-19,4.2,NA
"772",2383,"blue oak",29,"pd","leaf",0,4.612,2.858,61.371588523443,2022-07-19,2.358,NA
"773",2383,"blue oak",33,"md","leaf",0,3.1565,1.9396,62.7397401526088,2022-08-18,4.6335,NA
"774",2383,"blue oak",33,"pd","leaf",0,1.99,1.2695,56.7546278062229,2022-08-18,3.1875,NA
"775",2383,"blue oak",37,"md","leaf",0,3.1116,1.9928,56.1421116017664,2022-09-15,4.16766666666667,NA
"776",2383,"blue oak",37,"pd","leaf",0,2.625,1.6111,62.9321581528149,2022-09-12,1.558,NA
"777",2384,"blue oak",10,"pd","leaf",0,6.3881,2.1202,201.297047448354,2022-03-08,1.4495,NA
"778",2384,"blue oak",11,"pd","leaf",0,8.2187,3.0508,169.394912809755,2022-03-15,NA,NA
"779",2384,"blue oak",13,"pd","leaf",0,3.5529,1.5587,127.939949958299,2022-03-30,NA,NA
"780",2384,"blue oak",14,"pd","leaf",0,2.3248,1.252,85.6869009584665,2022-04-04,0.525,NA
"781",2384,"blue oak",17,"md","leaf",0,2.1446,1.1093,93.3291264761561,2022-04-25,2.56333333333333,NA
"782",2384,"blue oak",17,"pd","leaf",0,3.9754,1.7957,121.384418332684,2022-04-25,1.64,NA
"783",2384,"blue oak",21,"md","leaf",0,2.26,1.3048,73.2066217044758,2022-05-23,3.01666666666667,NA
"784",2384,"blue oak",21,"pd","leaf",0,1.208,0.5888,105.163043478261,2022-05-23,1.2535,NA
"785",2384,"blue oak",29,"pd","leaf",0,2.634,1.629,61.6942909760589,2022-07-19,3.85,NA
"786",2384,"blue oak",33,"md","bulk",NA,1.2229,0.7869,55.4072944465625,2022-08-18,5.094,"year not noted"
"787",2384,"blue oak",33,"md","leaf",0,2.7021,1.7055,58.4344766930519,2022-08-18,5.094,NA
"788",2384,"blue oak",33,NA,"leaf",0,1.51,1.0018,50.7286883609503,2022-08-18,NA,"time of day not listed"
"789",2384,"blue oak",37,"md","leaf",0,1.4435,0.9053,59.4499061084723,2022-09-15,NA,NA
"790",2384,"blue oak",37,"pd","leaf",0,2.9125,1.6456,76.987117160914,2022-09-12,2.232,NA
"791",2385,NA,14,"md","leaf",0,5.8688,2.3717,147.451195345111,2022-04-04,NA,NA
"792",2385,NA,17,"pd","leaf",0,4.126,2.073,99.0352146647371,2022-04-27,NA,NA
"793",2387,NA,21,"pd","leaf",0,1.8969,0.9081,108.886686488272,2022-05-23,NA,NA
"794",2389,NA,10,"md","leaf",0,4.0189,2.2396,79.4472227183426,2022-03-08,NA,NA
"795",2389,NA,10,"md","leaf",1,4.9672,2.5997,91.0682001769435,2022-03-08,NA,NA
"796",2393,NA,29,"md","leaf",0,1.953,1.201,62.6144879267277,2022-07-19,NA,NA
"797",2393,NA,29,"md","leaf",1,5.321,3.44,54.6802325581395,2022-07-19,NA,NA
"798",2802,NA,37,"pd","leaf",0,2.4421,1.4944,63.416755888651,2022-09-16,NA,NA
"799",3477,NA,9,"md","both",3,14.3925,7.7057,86.777320684688,2022-02-28,NA,NA
"800",3480,NA,9,"md","both",3,16.043,10.1346,58.2992915359264,2022-02-28,NA,NA
