"","week","tree","time","plot","site","species","mpa_mean","lwc_mean","mean_swc_per_dry_g_y0","mean_swc_g_y0","lfm_y0_percent","lfm_y1_percent","lfm_both_percent","rwc_percent_y0","lwm_g","ldm_g","area_cm2","lma_g_cm2","alas_cm2_per_mm2","sla_cm_g","lwa_g_cm2"
"1",10,"2004","md","High","Cucu Mesa","blue oak",1.65333333333333,1.78337099060783,NA,NA,169.468146798111,NA,NA,NA,0.2665,0.07625,NA,NA,NA,NA,NA
"2",10,"2004","md","High","Cucu Mesa","blue oak",1.65333333333333,1.78337099060783,NA,NA,181.342569684974,NA,NA,NA,0.2665,0.07625,NA,NA,NA,NA,NA
"3",10,"2004","pd","High","Cucu Mesa","blue oak",0.3335,2.02494061085973,NA,NA,229.321081409478,NA,NA,NA,0.2665,0.07625,NA,NA,NA,NA,NA
"4",10,"2005","pd","High","Cucu Mesa","blue oak",1.045,2.06130156027669,NA,NA,216.456239493544,NA,NA,NA,1.2425,0.39625,NA,NA,NA,NA,NA
"5",10,"2006","md","High","Cucu Mesa","blue oak",1.40666666666667,1.68979659386345,NA,NA,160.109994776784,NA,NA,NA,0.372,0.11625,NA,NA,NA,NA,NA
"6",10,"2007","md","High","Cucu Mesa","blue oak",1.77,1.38916526753778,NA,NA,146.844162051224,NA,NA,NA,NA,NA,NA,NA,NA,NA,NA
"7",10,"2007","md","High","Cucu Mesa","blue oak",1.77,1.38916526753778,NA,NA,123.799791070536,NA,NA,NA,NA,NA,NA,NA,NA,NA,NA
"8",10,"2007","pd","High","Cucu Mesa","blue oak",0.815,1.57849597787833,NA,NA,181.348536615486,NA,NA,NA,NA,NA,NA,NA,NA,NA,NA
"9",10,"2020","md","Chamise","Chamise","blue oak",2.17333333333333,1.12870514147688,NA,NA,130.653336595938,NA,NA,NA,NA,NA,NA,NA,NA,NA,NA
"10",10,"2021","md","Chamise","Chamise","blue oak",1.87333333333333,1.11980290467763,NA,NA,122.167042889391,NA,NA,NA,NA,NA,NA,NA,NA,NA,NA
"11",10,"2023","md","Chamise","Chamise","live oak",1.656,1.18892696817916,NA,NA,112.728042626769,71.5462366421049,NA,NA,NA,NA,NA,NA,NA,NA,NA
"12",10,"2024","md","Chamise","Chamise","blue oak",1.685,1.61262400793651,NA,NA,171.107445410574,NA,NA,NA,NA,NA,NA,NA,NA,NA,NA
"13",10,"2025","md","Chamise","Chamise","blue oak",1.8025,1.11191550230729,NA,NA,123.072844040301,NA,NA,NA,NA,NA,NA,NA,NA,NA,NA
"14",10,"2027","md",NA,NA,NA,NA,NA,NA,NA,93.3569313263357,NA,NA,NA,NA,NA,NA,NA,NA,NA,NA
"15",10,"2093","md","Low","PineNeedle","live oak",2.064,0.587192947932268,NA,NA,73.7353555535374,59.1451341451342,NA,NA,NA,NA,NA,NA,NA,NA,NA
"16",10,"2301","pd","Hobbiton","LL","live oak",1.0105,0.726801256580669,NA,NA,NA,79.6445903716824,NA,NA,NA,NA,NA,NA,NA,NA,NA
"17",10,"2331","md","Ridge","LL","live oak",2.22933333333333,0.69465014079764,NA,NA,58.092485549133,79.6813372566206,NA,NA,NA,NA,NA,NA,NA,NA,NA
"18",10,"2331","md","Ridge","LL","live oak",2.22933333333333,0.69465014079764,NA,NA,238.593583520777,80.1570091956792,NA,NA,NA,NA,NA,NA,NA,NA,NA
"19",10,"2331","pd","Ridge","LL","live oak",0.9335,0.672057759801404,NA,NA,46.8531468531468,72.4837108649119,NA,NA,NA,NA,NA,NA,NA,NA,NA
"20",10,"2331","pd","Ridge","LL","live oak",0.9335,0.672057759801404,NA,NA,46.8531468531468,60.6744757226525,NA,NA,NA,NA,NA,NA,NA,NA,NA
"21",10,"2331","md","Ridge","LL","live oak",2.22933333333333,0.69465014079764,NA,NA,58.092485549133,80.1570091956792,NA,NA,NA,NA,NA,NA,NA,NA,NA
"22",10,"2331","md","Ridge","LL","live oak",2.22933333333333,0.69465014079764,NA,NA,238.593583520777,79.6813372566206,NA,NA,NA,NA,NA,NA,NA,NA,NA
"23",10,"2345","pd","Hobbiton","LL","live oak",0.301666666666667,NA,NA,NA,NA,85.5346648704582,NA,NA,NA,NA,NA,NA,NA,NA,NA
"24",10,"2345","md","Hobbiton","LL","live oak",1.35233333333333,0.739601927474687,NA,NA,NA,77.5506143361687,NA,NA,NA,NA,NA,NA,NA,NA,NA
"25",10,"2352","md","MiddleEarth","LL","live oak",2.44166666666667,0.617558321601063,NA,NA,NA,42.7924590433852,NA,NA,NA,NA,NA,NA,NA,NA,NA
"26",10,"2354","pd","MiddleEarth","LL","live oak",2.47975,0.674120622085719,NA,NA,245.909926470588,83.1733824837931,NA,NA,0.3505,0.0985,NA,NA,NA,NA,NA
"27",10,"2366","pd","MiddleEarth","LL","blue oak",1.508,1.80352422907489,NA,NA,NA,164.427237531314,NA,NA,NA,NA,NA,NA,NA,NA,NA
"28",10,"2376","md","MiddleEarth","LL","live oak",2.683,0.672467668538756,NA,NA,NA,73.5319484487815,NA,NA,NA,NA,NA,NA,NA,NA,NA
"29",10,"2377","pd","MiddleEarth","LL","live oak",0.3665,NA,NA,NA,188.069636456733,80.8850289495451,NA,NA,0.726333333333333,0.199,NA,NA,NA,NA,NA
"30",10,"2377","md","MiddleEarth","LL","live oak",2.21666666666667,1.2779567436198,NA,NA,189.396001701404,87.9660650599805,NA,NA,0.726333333333333,0.199,NA,NA,NA,NA,NA
"31",10,"2378","md","MiddleEarth","LL","blue oak",1.7875,1.39488995469623,NA,NA,155.201121724652,NA,NA,NA,NA,NA,NA,NA,NA,NA,NA
"32",10,"2378","pd","MiddleEarth","LL","blue oak",1.02433333333333,1.35982805577392,NA,NA,148.985765124555,NA,NA,NA,NA,NA,NA,NA,NA,NA,NA
"33",10,"2379","pd","MiddleEarth","LL","blue oak",1.23875,NA,NA,NA,131.538021037403,NA,NA,NA,NA,NA,NA,NA,NA,NA,NA
"34",10,"2380","pd","MiddleEarth","LL","live oak",0.7378,NA,NA,NA,220.418508694371,73.4655172413793,NA,NA,NA,NA,NA,NA,NA,NA,NA
"35",10,"2381","pd","Weathertop","LL","blue oak",1.325,1.91173708920188,NA,NA,206.577624009333,383.793738489871,NA,NA,NA,NA,NA,NA,NA,NA,NA
"36",10,"2381","pd","Weathertop","LL","blue oak",1.325,1.91173708920188,NA,NA,219.454485374791,383.793738489871,NA,NA,NA,NA,NA,NA,NA,NA,NA
"37",10,"2381","md","Weathertop","LL","blue oak",1.83433333333333,1.79684959227568,NA,NA,183.09866064858,NA,NA,NA,NA,NA,NA,NA,NA,NA,NA
"38",10,"2382","pd","Weathertop","LL","blue oak",0.803333333333333,2.0256880733945,NA,NA,NA,203.425757413553,NA,NA,NA,NA,NA,NA,NA,NA,NA
"39",10,"2383","pd","Weathertop","LL","blue oak",0.96,1.35391424177475,NA,NA,179.20462119529,NA,NA,NA,NA,NA,NA,NA,NA,NA,NA
"40",10,"2384","pd","Weathertop","LL","blue oak",1.4495,NA,NA,NA,201.297047448354,NA,NA,NA,NA,NA,NA,NA,NA,NA,NA
"41",10,"2389","md",NA,NA,NA,NA,NA,NA,NA,79.4472227183426,91.0682001769435,NA,NA,NA,NA,NA,NA,NA,NA,NA
"42",11,"2020","pd","Chamise","Chamise","blue oak",1.58275,1.09438585579682,1.39786856127886,0.787,137.315906917437,NA,NA,78.2896107768247,0.45,0.195,NA,NA,NA,NA,NA
"43",11,"2021","pd","Chamise","Chamise","blue oak",1.39666666666667,1.41897737376876,1.24582701062215,1.642,155.68946887208,NA,NA,113.898427443803,0.7025,0.338,NA,NA,NA,NA,NA
"44",11,"2022","pd","Chamise","Chamise","live oak",1.0025,0.836502902614816,NA,NA,118.865779853153,82.4740332874484,NA,NA,2.127,1.01566666666667,NA,NA,NA,NA,NA
"45",11,"2023","pd","Chamise","Chamise","live oak",0.70575,0.893688847273341,NA,NA,126.627658310562,NA,NA,NA,1.09875,0.557625,NA,NA,NA,NA,NA
"46",11,"2024","pd","Chamise","Chamise","blue oak",1.0925,1.51651062514556,1.53666146645866,0.985,149.875930521092,NA,NA,98.6886609866296,1.34725,0.53675,NA,NA,NA,NA,NA
"47",11,"2025","pd","Chamise","Chamise","blue oak",1.3425,1.20248223174779,1.19076305220884,1.186,140.216154721274,NA,NA,100.984173930927,0.71725,0.34175,NA,NA,NA,NA,NA
"48",11,"2027","pd","Shedd","Chamise","blue oak",1.44666666666667,0.973852589244691,1.40583941605839,0.963,126.032018465363,NA,NA,69.2719650708842,0.697333333333333,0.282333333333333,NA,NA,NA,NA,NA
"49",11,"2089","pd","Low","PineNeedle","live oak",1.005,0.632905407370479,NA,NA,81.0668730319688,42.9031533218485,NA,NA,0.58675,0.343,NA,NA,NA,NA,NA
"50",11,"2091","pd","Low","PineNeedle","live oak",0.314666666666667,0.680788046014928,NA,NA,78.3033290692958,94.9092767697419,NA,NA,NA,NA,NA,NA,NA,NA,NA
"51",11,"2092","pd","Low","PineNeedle","live oak",0.25,0.649248383762947,NA,NA,340.203284333201,77.1509377791009,NA,NA,NA,NA,NA,NA,NA,NA,NA
"52",11,"2093","pd","Low","PineNeedle","live oak",0.3225,0.561128529345577,NA,NA,47.4003466204506,77.816097915154,NA,NA,NA,NA,NA,NA,NA,NA,NA
"53",11,"2323","pd",NA,NA,NA,NA,NA,NA,NA,NA,78.4021610117464,NA,NA,NA,NA,NA,NA,NA,NA,NA
"54",11,"2352","pd",NA,NA,NA,NA,NA,NA,NA,155.637871088526,NA,NA,NA,0.3495,0.189,NA,NA,NA,NA,NA
"55",11,"2382","pd","Weathertop","LL","blue oak",0.794,1.15732665505226,1.34732142857143,1.509,150.588283190164,NA,NA,85.8983335757808,1.103,0.478333333333333,NA,NA,NA,NA,NA
"56",11,"2383","pd",NA,NA,NA,NA,NA,NA,NA,147.976705348349,NA,NA,NA,NA,NA,NA,NA,NA,NA,NA
"57",11,"2384","pd","Weathertop","LL","blue oak",NA,NA,1.82331511839709,1.001,169.394912809755,NA,NA,NA,0.227,0.117,NA,NA,NA,NA,NA
"58",13,"2009","pd","Hobbiton","LL","blue oak",1.195,1.32787517531557,NA,NA,152.939657954179,NA,NA,NA,0.6035,0.218833333333333,24.1018333333333,0.00884166261952823,8.04471551745173,118.876711154072,0.0117406243009872
"59",13,"2010","pd","Weathertop","LL","blue oak",1.00416326530612,2.00555520700088,NA,NA,142.831938289841,NA,NA,NA,NA,NA,NA,NA,NA,NA,NA
"60",13,"2301","pd","Hobbiton","LL","live oak",0.65,0.733714022216823,NA,NA,NA,77.9575908869186,NA,NA,0.234,0.139,7.155,0.0194269741439553,NA,51.4748201438849,0.0142538433386637
"61",13,"2331","pd","Ridge","LL","live oak",1.07916666666667,0.647562612677465,NA,NA,98.6154378677743,85.7225783655545,NA,NA,NA,NA,NA,NA,NA,NA,NA
"62",13,"2343","pd","Hobbiton","LL","blue oak",1.08897959183673,1.97262445564,NA,NA,157.191985121241,NA,NA,NA,0.781666666666667,0.276666666666667,33.2896666666667,0.0083147501186522,NA,120.592082368287,0.0164018794265889
"63",13,"2345","pd","Hobbiton","LL","live oak",1.77823529411765,0.739443300352517,NA,NA,136.129032258065,78.6014813516238,NA,NA,NA,NA,NA,NA,NA,NA,NA
"64",13,"2346","pd","Hobbiton","LL","blue oak",1.425,1.62080925899177,NA,NA,208.257853150896,101.299283154122,NA,NA,0.629666666666667,0.284333333333333,21.8993333333333,0.0129368169029727,6.99940013434021,77.3923351727485,0.0209681126182194
"65",13,"2347","pd","Hobbiton","LL","blue oak",1.21616666666667,1.35562913907285,NA,NA,158.682223747426,NA,NA,NA,0.696,0.243,24.4403333333333,0.0099101188793991,NA,101.083153739965,0.0134344459245894
"66",13,"2352","pd","MiddleEarth","LL","live oak",0.980244897959184,0.610186010563304,NA,NA,556.5625,66.156966765486,NA,NA,0.45,0.2005,15.6975,0.0124554546986336,NA,81.089411931015,0.0076001442123112
"67",13,"2354","pd","MiddleEarth","LL","live oak",0.85292,0.970692144523832,NA,NA,154.98289892676,21.9153560925713,NA,NA,0.215,0.057,7.25,0.00786206896551724,NA,127.19298245614,0.0076316485845322
"68",13,"2360","pd","MiddleEarth","LL","blue oak",1.08133333333333,1.07714663143989,NA,NA,115.55137372977,NA,NA,NA,0.733,0.317333333333333,27.1296666666667,0.0116244825181069,NA,86.0603672015485,0.0125212721866108
"69",13,"2365","pd","MiddleEarth","LL","blue oak",1.58959183673469,1.33634868219524,NA,NA,129.786132256227,NA,NA,NA,NA,NA,NA,NA,NA,NA,NA
"70",13,"2367","pd","MiddleEarth","LL","blue oak",1.01666666666667,1.16523235800344,NA,NA,137.388747001006,NA,NA,NA,NA,NA,NA,NA,NA,NA,NA
"71",13,"2369","pd","MiddleEarth","LL","blue oak",1.045,1.09925,NA,NA,134.294831685646,NA,NA,NA,NA,NA,NA,NA,NA,NA,NA
"72",13,"2370","pd","Weathertop","LL","blue oak",1.20566666666667,1.60430107526882,NA,NA,133.548073416798,NA,NA,NA,0.257,0.0753333333333333,NA,NA,NA,NA,NA
"73",13,"2371","pd","Weathertop","LL","blue oak",1.02040816326531,2.06673908797969,NA,NA,231.286018788979,NA,NA,NA,0.456,0.129666666666667,21.7936666666667,0.00593067065766313,NA,168.806326062905,0.0122571488661266
"74",13,"2372","pd","Weathertop","LL","blue oak",1.51666666666667,1.91440430176436,NA,NA,167.29633617174,NA,NA,NA,0.595333333333333,0.177,25.315,0.00688992674873343,NA,145.441239446051,0.0131901054066166
"75",13,"2375","pd","Hobbiton","LL","blue oak",1.0892,1.71105527638191,NA,NA,165.946712018141,NA,NA,NA,NA,NA,NA,NA,NA,NA,NA
"76",13,"2376","pd","MiddleEarth","LL","live oak",0.3625,0.702810708337763,NA,NA,NA,86.3164774119762,NA,NA,NA,NA,NA,NA,NA,NA,NA
"77",13,"2377","pd","MiddleEarth","LL","live oak",0.243333333333333,0.5585931254996,NA,NA,NA,53.8614491370397,NA,NA,2.797,0.952,62.595,0.0152102924761595,8.30440660463491,65.7450147019514,0.00849636481402101
"78",13,"2378","pd","MiddleEarth","LL","blue oak",0.781780821917808,0.876486224398032,NA,NA,107.812931749102,NA,NA,NA,1.168,0.537666666666667,NA,NA,NA,NA,NA
"79",13,"2379","pd","MiddleEarth","LL","blue oak",0.764658385093168,0.728122541482708,NA,NA,122.87054606789,NA,NA,NA,0.600666666666667,0.302666666666667,22.9553333333333,0.0129438801505008,NA,77.3839340386297,0.00942473091183023
"80",13,"2380","pd","MiddleEarth","LL","live oak",0.338830769230769,0.711861412692866,NA,NA,218.259874069834,76.6017356952237,NA,NA,0.834,0.352,26.335,0.0117606562163615,NA,90.1740144163672,0.00837195734837423
"81",13,"2381","pd","Weathertop","LL","blue oak",0.435333333333333,1.23133600917431,NA,NA,128.730613544367,NA,NA,NA,0.978666666666667,0.450333333333333,31.3333333333333,0.0144126717195723,6.05349038658208,69.4185880871927,0.0177468416767176
"82",13,"2382","pd","Weathertop","LL","blue oak",0.644,1.13538475911016,NA,NA,112.510396451345,NA,NA,NA,0.897333333333333,0.447333333333333,15.674,0.0285398324188678,4.44190922514905,35.2764940306855,0.0324036907559404
"83",13,"2383","pd","Weathertop","LL","blue oak",0.541333333333333,1.12110947473004,NA,NA,112.292647808741,NA,NA,NA,0.596333333333333,0.261333333333333,20.1816666666667,0.0133290015535083,5.70632981312178,76.8480935153169,0.0149432699303295
"84",13,"2384","pd","Weathertop","LL","blue oak",0.756073619631901,0.772556763290909,NA,NA,127.939949958299,NA,NA,NA,0.455666666666667,0.214333333333333,17.023,0.012520000947856,NA,79.9593915280032,0.00967241140867472
"85",14,"1478","md","Low","Cucu Mesa","blue oak",NA,NA,NA,NA,173.412347426145,NA,NA,NA,0.714333333333333,0.249,28.1616666666667,0.00888836508159265,7.93061565455597,112.700972641756,NA
"86",14,"1478","pd","Low","Cucu Mesa","blue oak",0.5714,1.74375600384246,NA,NA,175.311648402621,NA,NA,NA,0.714333333333333,0.249,28.1616666666667,0.00888836508159265,7.93061565455597,112.700972641756,0.0154991399753709
"87",14,"2004","pd","High","Cucu Mesa","blue oak",0.38925,1.01301729162619,NA,NA,118.124654304096,NA,NA,NA,0.899333333333333,0.464,29.2443333333333,0.0158333276598419,5.96730943290191,63.1635932566963,0.0160394347034031
"88",14,"2005","pd","High","Cucu Mesa","blue oak",0.4295,1.03670053795577,NA,NA,131.804212092783,NA,NA,NA,1.10033333333333,0.531666666666667,36.4856666666667,0.0145362507556816,10.0862021981546,68.8456351541789,0.0150697389782751
"89",14,"2005","md","High","Cucu Mesa","blue oak",2.13333333333333,0.8526937359215,NA,NA,108.362634786685,NA,NA,NA,1.10033333333333,0.531666666666667,36.4856666666667,0.0145362507556816,10.0862021981546,68.8456351541789,0.0123949699631539
"90",14,"2006","pd","High","Cucu Mesa","blue oak",0.540666666666667,0.956377604714797,NA,NA,106.285509774974,NA,NA,NA,0.577666666666667,0.284,NA,NA,NA,NA,NA
"91",14,"2007","md","High","Cucu Mesa","blue oak",2.1,0.77519292537438,NA,NA,93.7573356807512,NA,NA,NA,0.670666666666667,0.353666666666667,23.6196666666667,0.0149724590050347,8.84038444333559,66.7955756743534,0.0116065442961608
"92",14,"2007","pd","High","Cucu Mesa","blue oak",0.36675,0.871411718442784,NA,NA,94.5303620018599,NA,NA,NA,0.670666666666667,0.353666666666667,23.6196666666667,0.0149724590050347,8.84038444333559,66.7955756743534,0.0130471762308914
"93",14,"2008","pd","High","Cucu Mesa","blue oak",0.6765,0.933194154488518,NA,NA,99.6523872814641,NA,NA,NA,0.785666666666667,0.407,27.1683333333333,0.0149467229167192,11.5159897858466,66.9518936741363,0.0139481944546419
"94",14,"2008","pd","High","Cucu Mesa","blue oak",0.6765,0.933194154488518,NA,NA,156.056065286551,NA,NA,NA,0.785666666666667,0.407,27.1683333333333,0.0149467229167192,11.5159897858466,66.9518936741363,0.0139481944546419
"95",14,"2008","md","High","Cucu Mesa","blue oak",1.88333333333333,0.809241286132183,NA,NA,103.546052631579,NA,NA,NA,0.785666666666667,0.407,27.1683333333333,0.0149467229167192,11.5159897858466,66.9518936741363,0.0120955052765872
"96",14,"2009","pd","Hobbiton","LL","blue oak",NA,NA,NA,NA,104.901616303584,NA,NA,NA,NA,NA,NA,NA,NA,NA,NA
"97",14,"2011","pd","Weathertop","LL","blue oak",0.856333333333333,0.973965002134016,NA,NA,142.023782813552,NA,NA,NA,NA,NA,NA,NA,NA,NA,NA
"98",14,"2012","md","Low","Cucu Mesa","blue oak",NA,NA,NA,NA,158.381231671554,NA,NA,NA,0.276,0.105,10.982,0.00929503277105085,NA,108.902848136891,NA
"99",14,"2012","pd","Low","Cucu Mesa","blue oak",0.505,1.67787916741218,NA,NA,185.393258426966,NA,NA,NA,0.276,0.105,10.982,0.00929503277105085,NA,108.902848136891,0.0155959418469597
"100",14,"2013","md","Low","Cucu Mesa","blue oak",1.6,1.29703712607908,NA,NA,188.848894967965,NA,NA,NA,0.511333333333333,0.170666666666667,19.6683333333333,0.00880677644521445,NA,114.123023060133,0.0114227160105219
"101",14,"2013","pd","Low","Cucu Mesa","blue oak",0.7244,1.56633183235192,NA,NA,197.452989752263,NA,NA,NA,0.511333333333333,0.170666666666667,19.6683333333333,0.00880677644521445,NA,114.123023060133,0.0137943342865465
"102",14,"2014","md","Low","Cucu Mesa","blue oak",2.46666666666667,1.28807692307692,NA,NA,185.153922542205,NA,NA,NA,0.755333333333333,0.316333333333333,27.37,0.0115526535158508,7.35275685385101,86.5731370577607,0.0148807063940709
"103",14,"2014","pd","Low","Cucu Mesa","blue oak",0.787,1.3767539498398,NA,NA,161.284393449928,NA,NA,NA,0.755333333333333,0.316333333333333,27.37,0.0115526535158508,7.35275685385101,86.5731370577607,0.0159051613590782
"104",14,"2015","md","Low","Cucu Mesa","blue oak",NA,NA,NA,NA,116.773895542578,NA,NA,NA,0.700333333333333,0.339,22.58,0.0149738204619589,6.62704353902458,66.8082884152698,NA
"105",14,"2015","pd","Low","Cucu Mesa","blue oak",0.617666666666667,1.24515269025691,NA,NA,124.13432751511,NA,NA,NA,0.700333333333333,0.339,22.58,0.0149738204619589,6.62704353902458,66.8082884152698,0.0186446928316321
"106",14,"2020","md","Chamise","Chamise","blue oak",2.43333333333333,0.801378362377712,NA,NA,106.37868574311,NA,NA,NA,0.503666666666667,0.251,16.996,0.0147616098318504,NA,67.7540836008227,0.011829634713107
"107",14,"2020","pd","Chamise","Chamise","blue oak",0.68625,1.0582889376371,NA,NA,131.675311737831,NA,NA,NA,0.503666666666667,0.251,16.996,0.0147616098318504,NA,67.7540836008227,0.0156220483867624
"108",14,"2021","md","Chamise","Chamise","blue oak",2.875,0.766964285714286,NA,NA,127.213027229044,NA,NA,NA,0.675,0.354666666666667,22.0046666666667,0.0159221702579775,8.04211400048918,62.9337976209793,0.012211735938931
"109",14,"2021","pd","Chamise","Chamise","blue oak",0.1682,1.00603518821604,NA,NA,109.053288558733,NA,NA,NA,0.675,0.354666666666667,22.0046666666667,0.0159221702579775,8.04211400048918,62.9337976209793,0.0160182635522923
"110",14,"2022","md","Chamise","Chamise","live oak",NA,NA,NA,NA,100.478364861927,72.0938722294654,NA,NA,1.01066666666667,0.53,27.542,0.0176054713472461,NA,57.1651685587856,NA
"111",14,"2022","pd","Chamise","Chamise","live oak",0.18775,0.778552971576227,NA,NA,116.820957258223,92.8529547909273,NA,NA,1.01066666666667,0.53,27.542,0.0176054713472461,NA,57.1651685587856,0.0137067920333985
"112",14,"2023","pd","Chamise","Chamise","live oak",0.323,0.691372665283131,NA,NA,110.306507261494,85.3983745425179,NA,NA,1.63416666666667,0.868666666666667,45.2531666666667,0.0192774005775143,8.2524371754807,52.1581577933356,0.0133278678170066
"113",14,"2024","pd","Chamise","Chamise","blue oak",0.413,1.21058516585911,NA,NA,135.644021449625,NA,NA,NA,NA,NA,39.941,NA,NA,NA,NA
"114",14,"2024","md","Chamise","Chamise","blue oak",2.25,0.844240039350713,NA,NA,116.238159675237,NA,NA,NA,NA,NA,39.941,NA,NA,NA,NA
"115",14,"2025","md","Chamise","Chamise","blue oak",NA,NA,NA,NA,105.552692604999,NA,NA,NA,0.670666666666667,0.344666666666667,24.565,0.0139936833236201,7.67856983095375,71.5073010919785,NA
"116",14,"2025","pd","Chamise","Chamise","blue oak",0.1056,0.936752483275897,NA,NA,121.677410506103,NA,NA,NA,0.670666666666667,0.344666666666667,24.565,0.0139936833236201,7.67856983095375,71.5073010919785,0.0131086176035777
"117",14,"2026","md","Shedd","Chamise","blue oak",2.6,0.729082929274854,NA,NA,97.7123578888992,NA,NA,NA,0.599333333333333,0.312333333333333,21.467,0.0145652828992558,7.16596504191475,68.659970264382,0.0106192991219064
"118",14,"2026","pd","Shedd","Chamise","blue oak",0.4384,NA,NA,NA,117.027321682249,NA,NA,NA,0.599333333333333,0.312333333333333,21.467,0.0145652828992558,7.16596504191475,68.659970264382,NA
"119",14,"2026","pd","Shedd","Chamise","blue oak",0.4384,NA,NA,NA,114.140357550399,NA,NA,NA,0.599333333333333,0.312333333333333,21.467,0.0145652828992558,7.16596504191475,68.659970264382,NA
"120",14,"2027","md","Shedd","Chamise","blue oak",NA,NA,NA,NA,114.683095993507,NA,NA,NA,0.832333333333333,0.421,28.9196666666667,0.014227727041394,9.1759474906079,70.7270744947795,NA
"121",14,"2027","pd","Shedd","Chamise","blue oak",0.572666666666667,1.03777929387685,NA,NA,110.638216948121,NA,NA,NA,0.832333333333333,0.421,28.9196666666667,0.014227727041394,9.1759474906079,70.7270744947795,0.0147652405224904
"122",14,"2028","pd","Shedd","Chamise","blue oak",0.53675,0.849508109545334,NA,NA,106.288942866195,NA,NA,NA,0.753,0.398666666666667,25.6363333333333,0.0155749233447129,8.21355441322244,64.7801701415064,0.0132310236868805
"123",14,"2028","md","Shedd","Chamise","blue oak",NA,NA,NA,NA,78.2271975217376,NA,NA,NA,0.753,0.398666666666667,25.6363333333333,0.0155749233447129,8.21355441322244,64.7801701415064,NA
"124",14,"2029","pd","Shedd","Chamise","live oak",0.2346,0.955947638019351,NA,NA,118.573206138532,63.2091651231392,NA,NA,NA,NA,NA,NA,NA,NA,NA
"125",14,"2029","md","Shedd","Chamise","live oak",NA,NA,NA,NA,109.072050891993,66.2993223130027,NA,NA,NA,NA,NA,NA,NA,NA,NA
"126",14,"2030","md","Shedd","Chamise","live oak",NA,NA,NA,NA,92.264359722362,41.9518807184006,NA,NA,NA,NA,NA,NA,NA,NA,NA
"127",14,"2030","pd","Shedd","Chamise","live oak",0.1886,0.826998150811588,NA,NA,86.2889492336724,115.210020719533,NA,NA,NA,NA,NA,NA,NA,NA,NA
"128",14,"2031",NA,NA,NA,NA,NA,NA,NA,NA,104.202223349785,NA,NA,NA,0.957,0.507666666666667,32.1896666666667,0.0155072231961128,NA,64.5679575012974,NA
"129",14,"2031",NA,NA,NA,NA,NA,NA,NA,NA,0.167926112510492,NA,NA,NA,0.957,0.507666666666667,32.1896666666667,0.0155072231961128,NA,64.5679575012974,NA
"130",14,"2031","pd","Shedd","Chamise","blue oak",0.244,0.961170708955224,NA,NA,133.525783370343,99.0532096193902,NA,NA,0.957,0.507666666666667,32.1896666666667,0.0155072231961128,NA,64.5679575012974,0.0149050887133347
"131",14,"2085","pd","Low","PineNeedle","blue oak",0.518,1.6518648258809,NA,NA,166.972829503388,NA,NA,NA,0.520666666666667,0.200333333333333,19.191,0.0103572475397523,5.17301388583601,97.1439270078177,0.0171087729038582
"132",14,"2086","pd","Low","PineNeedle","blue oak",0.756333333333333,1.8236641221374,NA,NA,239.16011181174,NA,NA,NA,1.12133333333333,0.453,42.055,0.0107109389340365,NA,93.8839562140646,0.019533155048407
"133",14,"2086","md","Low","PineNeedle","blue oak",0.8625,1.68135795692511,NA,NA,188.58940397351,NA,NA,NA,1.12133333333333,0.453,42.055,0.0107109389340365,NA,93.8839562140646,0.0180089224028813
"134",14,"2087","md","Low","PineNeedle","blue oak",NA,NA,NA,NA,156.094948369682,NA,NA,NA,1.08033333333333,0.402333333333333,44.9453333333333,0.00911953053757709,12.2842011355684,109.99946925758,NA
"135",14,"2087","pd","Low","PineNeedle","blue oak",0.617,1.81722054380665,NA,NA,214.544143671757,NA,NA,NA,1.08033333333333,0.402333333333333,44.9453333333333,0.00911953053757709,12.2842011355684,109.99946925758,0.0165721982427572
"136",14,"2088","pd","Low","PineNeedle","blue oak",0.201,NA,NA,NA,169.590382902939,NA,NA,NA,0.482,0.204,17.608,0.0114971760174387,5.96738727923887,87.0749181876224,NA
"137",14,"2088","md","Low","PineNeedle","blue oak",NA,NA,NA,NA,134.343067731308,NA,NA,NA,0.482,0.204,17.608,0.0114971760174387,5.96738727923887,87.0749181876224,NA
"138",14,"2089","pd","Low","PineNeedle","live oak",0.2202,0.651821436091809,NA,NA,NA,90.4528662155992,NA,NA,NA,NA,NA,NA,NA,NA,NA
"139",14,"2089","pd","Low","PineNeedle","live oak",0.2202,0.651821436091809,NA,NA,NA,91.5565362884648,NA,NA,NA,NA,NA,NA,NA,NA,NA
"140",14,"2090","pd","Low","PineNeedle","blue oak",0.874666666666667,1.4502581538849,NA,NA,184.981323560505,NA,NA,NA,0.702,0.307,25.64,0.0119714292570988,10.7168013022435,83.6847907697217,0.0173616628937638
"141",14,"2090","pd","Low","PineNeedle","blue oak",0.874666666666667,1.4502581538849,NA,NA,151.899328543926,NA,NA,NA,0.702,0.307,25.64,0.0119714292570988,10.7168013022435,83.6847907697217,0.0173616628937638
"142",14,"2091","pd","Low","PineNeedle","live oak",0.129,0.637688139674895,NA,NA,NA,79.1362087544049,NA,NA,NA,NA,NA,NA,NA,NA,NA
"143",14,"2091",NA,NA,NA,NA,NA,NA,NA,NA,NA,62.4469881778946,NA,NA,NA,NA,NA,NA,NA,NA,NA
"144",14,"2092","pd","Low","PineNeedle","live oak",0.109333333333333,0.654942866128525,NA,NA,-83.5428571428571,77.8103044496487,NA,NA,0.141,0.047,NA,NA,NA,NA,NA
"145",14,"2092","md","Low","PineNeedle","live oak",NA,NA,NA,NA,73.5287869131081,73.3866569714597,NA,NA,0.141,0.047,NA,NA,NA,NA,NA
"146",14,"2093","pd","Low","PineNeedle","live oak",0.15425,0.614782183064121,NA,NA,274.617737003058,72.0268553801488,NA,NA,0.206,0.1305,6.744,0.0193810622622798,NA,51.6125147579693,0.0119151317677061
"147",14,"2093","md","Low","PineNeedle","live oak",NA,NA,NA,NA,94.874022589053,65.860816098379,NA,NA,0.206,0.1305,6.744,0.0193810622622798,NA,51.6125147579693,NA
"148",14,"2301","pd","Hobbiton","LL","live oak",2.25066666666667,NA,NA,NA,NA,61.023398723706,NA,NA,NA,NA,NA,NA,NA,NA,NA
"149",14,"2331","pd","Ridge","LL","live oak",NA,NA,NA,NA,91.1111111111111,58.6849168008588,NA,NA,NA,NA,NA,NA,NA,NA,NA
"150",14,"2343","pd","Hobbiton","LL","blue oak",NA,NA,NA,NA,111.012590409858,NA,NA,NA,NA,NA,NA,NA,NA,NA,NA
"151",14,"2347","pd","Hobbiton","LL","blue oak",NA,NA,NA,NA,113.750506277845,NA,NA,NA,NA,NA,NA,NA,NA,NA,NA
"152",14,"2352","pd",NA,NA,NA,NA,NA,NA,NA,79.4158878504673,49.0734674777726,NA,NA,NA,NA,NA,NA,NA,NA,NA
"153",14,"2354","pd","MiddleEarth","LL","live oak",NA,NA,NA,NA,101.025943396226,65.2983802216539,NA,NA,NA,NA,NA,NA,NA,NA,NA
"154",14,"2360","pd","MiddleEarth","LL","blue oak",NA,NA,NA,NA,85.9569110240627,NA,NA,NA,NA,NA,NA,NA,NA,NA,NA
"155",14,"2365","pd","MiddleEarth","LL","blue oak",NA,NA,NA,NA,99.1851851851852,NA,NA,NA,NA,NA,NA,NA,NA,NA,NA
"156",14,"2367","pd","MiddleEarth","LL","blue oak",NA,NA,NA,NA,95.2129963898917,NA,NA,NA,NA,NA,NA,NA,NA,NA,NA
"157",14,"2369","pd","MiddleEarth","LL","blue oak",NA,NA,NA,NA,97.5563636363637,NA,NA,NA,NA,NA,NA,NA,NA,NA,NA
"158",14,"2370","pd","Weathertop","LL","blue oak",NA,NA,NA,NA,122.830319888734,NA,NA,NA,NA,NA,NA,NA,NA,NA,NA
"159",14,"2371","pd","Weathertop","LL","blue oak",NA,NA,NA,NA,154.645892351275,NA,NA,NA,NA,NA,NA,NA,NA,NA,NA
"160",14,"2372","pd","Weathertop","LL","blue oak",NA,NA,NA,NA,116.161309884779,NA,NA,NA,NA,NA,NA,NA,NA,NA,NA
"161",14,"2377","pd","MiddleEarth","LL","live oak",NA,NA,NA,NA,91.1023622047244,62.5474410580794,NA,NA,NA,NA,NA,NA,NA,NA,NA
"162",14,"2378","pd","MiddleEarth","LL","blue oak",NA,NA,NA,NA,91.9923076923077,NA,NA,NA,NA,NA,NA,NA,NA,NA,NA
"163",14,"2380","md","MiddleEarth","LL","live oak",3.2,0.558678222136148,NA,NA,125.481403323661,NA,NA,NA,NA,NA,NA,NA,NA,NA,NA
"164",14,"2381","pd","Weathertop","LL","blue oak",NA,NA,NA,NA,NA,104.039372272263,NA,NA,NA,NA,NA,NA,NA,NA,NA
"165",14,"2383","pd","Weathertop","LL","blue oak",NA,NA,NA,NA,86.1190773067331,NA,NA,NA,NA,NA,NA,NA,NA,NA,NA
"166",14,"2384","pd","Weathertop","LL","blue oak",NA,NA,NA,NA,85.6869009584665,NA,NA,NA,NA,NA,NA,NA,NA,NA,NA
"167",14,"2385","md",NA,NA,NA,NA,NA,NA,NA,147.451195345111,NA,NA,NA,NA,NA,NA,NA,NA,NA,NA
"168",15,"11","md",NA,NA,NA,NA,NA,NA,NA,216.998150904253,NA,NA,NA,NA,NA,NA,NA,NA,NA,NA
"169",15,"11","md",NA,NA,NA,NA,NA,NA,NA,244.786932753738,NA,NA,NA,NA,NA,NA,NA,NA,NA,NA
"170",15,"11","md",NA,NA,NA,NA,NA,NA,NA,169.641567818463,NA,NA,NA,NA,NA,NA,NA,NA,NA,NA
"171",15,"2004","md","High","Cucu Mesa","blue oak",2.2,0.822410202966214,0.984012348858943,0.4608,99.4408431886783,NA,NA,83.5772237939776,NA,NA,NA,NA,NA,NA,NA
"172",15,"2006","md","High","Cucu Mesa","blue oak",1.727,0.817053291275715,NA,NA,101.309504200297,NA,NA,NA,NA,NA,NA,NA,NA,NA,NA
"173",15,"30","md",NA,NA,NA,NA,NA,NA,NA,321.325341167551,NA,NA,NA,NA,NA,NA,NA,NA,NA,NA
"174",15,"30","md",NA,NA,NA,NA,NA,NA,NA,290.091482783448,NA,NA,NA,NA,NA,NA,NA,NA,NA,NA
"175",15,"30","md",NA,NA,NA,NA,NA,NA,NA,285.683083511777,NA,NA,NA,NA,NA,NA,NA,NA,NA,NA
"176",15,"40","md",NA,NA,NA,NA,NA,NA,NA,202.590559824369,NA,NA,NA,NA,NA,NA,NA,NA,NA,NA
"177",15,"40","md",NA,NA,NA,NA,NA,NA,NA,190.569114679787,NA,NA,NA,NA,NA,NA,NA,NA,NA,NA
"178",16,"11","md",NA,NA,NA,NA,NA,NA,NA,204.675704822061,NA,NA,NA,NA,NA,NA,NA,NA,NA,NA
"179",16,"11","md",NA,NA,NA,NA,NA,NA,NA,165.845663555657,NA,NA,NA,NA,NA,NA,NA,NA,NA,NA
"180",16,"11","md",NA,NA,NA,NA,NA,NA,NA,179.581431484899,NA,NA,NA,NA,NA,NA,NA,NA,NA,NA
"181",16,"30","md",NA,NA,NA,NA,NA,NA,NA,331.357501984652,NA,NA,NA,NA,NA,NA,NA,NA,NA,NA
"182",16,"30","md",NA,NA,NA,NA,NA,NA,NA,359.88072519084,NA,NA,NA,NA,NA,NA,NA,NA,NA,NA
"183",16,"30","md",NA,NA,NA,NA,NA,NA,NA,265.612337716034,NA,NA,NA,NA,NA,NA,NA,NA,NA,NA
"184",16,"40","md",NA,NA,NA,NA,NA,NA,NA,171.671761357647,NA,NA,NA,NA,NA,NA,NA,NA,NA,NA
"185",16,"40","md",NA,NA,NA,NA,NA,NA,NA,190.730978047053,NA,NA,NA,NA,NA,NA,NA,NA,NA,NA
"186",17,"11","md",NA,NA,NA,NA,NA,NA,NA,231.405912764142,NA,NA,NA,NA,NA,NA,NA,NA,NA,NA
"187",17,"11","md",NA,NA,NA,NA,NA,NA,NA,148.661925361097,NA,NA,NA,NA,NA,NA,NA,NA,NA,NA
"188",17,"11","md",NA,NA,NA,NA,NA,NA,NA,190.989106125099,NA,NA,NA,NA,NA,NA,NA,NA,NA,NA
"189",17,"11","md",NA,NA,NA,NA,NA,NA,NA,230.226595523526,NA,NA,NA,NA,NA,NA,NA,NA,NA,NA
"190",17,"1472","pd",NA,NA,NA,NA,NA,NA,NA,99.3451211525868,NA,NA,NA,NA,NA,NA,NA,NA,NA,NA
"191",17,"1478","md","Low","Cucu Mesa","blue oak",2.221,1.0197904540163,NA,NA,19.8641765704584,NA,NA,NA,0.754333333333333,0.3655,26.488,0.0138410276835499,3.3041538214096,72.305758864717,0.0141149479054596
"192",17,"2004","pd","High","Cucu Mesa","blue oak",0.9345,0.957777777777778,NA,NA,81.010180109632,NA,NA,NA,0.576366666666667,0.3065,20.5946666666667,0.0145652358473587,4.57579429759523,68.8205980761089,0.0139502592226925
"193",17,"2004","md","High","Cucu Mesa","blue oak",2.62066666666667,0.889679715302491,NA,NA,NA,80.8619901035386,NA,NA,0.576366666666667,0.3065,20.5946666666667,0.0145652358473587,4.57579429759523,68.8205980761089,0.0129583948819918
"194",17,"2005","md","High","Cucu Mesa","blue oak",2.733,0.915650406504065,NA,NA,84.6602751146311,NA,NA,NA,1.38176666666667,0.655466666666667,43.82,0.0148348978552018,6.26695499010075,67.5339131173515,0.0135835802515618
"195",17,"2005","md","High","Cucu Mesa","blue oak",2.733,0.915650406504065,NA,NA,72.149961744453,NA,NA,NA,1.38176666666667,0.655466666666667,43.82,0.0148348978552018,6.26695499010075,67.5339131173515,0.0135835802515618
"196",17,"2005","pd","High","Cucu Mesa","blue oak",0.917666666666667,1.00491883915396,NA,NA,101.789781223401,NA,NA,NA,1.38176666666667,0.655466666666667,43.82,0.0148348978552018,6.26695499010075,67.5339131173515,0.0149078683316169
"197",17,"2006","md","High","Cucu Mesa","blue oak",2.717,NA,NA,NA,79.3058580601364,NA,NA,NA,1.0153,0.521433333333333,35.4906666666667,0.0148001818300574,4.84874348405277,67.5960030789759,NA
"198",17,"2006","pd","High","Cucu Mesa","blue oak",0.991333333333333,0.93878954607978,NA,NA,115.962397617275,NA,NA,NA,1.0153,0.521433333333333,35.4906666666667,0.0148001818300574,4.84874348405277,67.5960030789759,0.0138942559821378
"199",17,"2007","md","High","Cucu Mesa","blue oak",2.42633333333333,0.859447004608295,NA,NA,78.9125471742068,NA,NA,NA,0.664066666666667,0.3423,25.1236666666667,0.0134836511858652,7.39581654156843,74.3193678411716,0.0115884836228749
"200",17,"2007","pd","High","Cucu Mesa","blue oak",0.989,0.90597539543058,NA,NA,86.0114404576183,NA,NA,NA,0.664066666666667,0.3423,25.1236666666667,0.0134836511858652,7.39581654156843,74.3193678411716,0.0122158562149622
"201",17,"2009","pd","Hobbiton","LL","blue oak",1.276,0.885623229461756,NA,NA,116.770968080271,NA,NA,NA,0.821333333333333,0.465,30.5246666666667,0.0152530937453474,6.45038901825931,65.6110047998207,0.0135084941420374
"202",17,"2009","md","Hobbiton","LL","blue oak",3.03333333333333,0.84174624829468,NA,NA,91.171686578047,NA,NA,NA,0.821333333333333,0.465,30.5246666666667,0.0152530937453474,6.45038901825931,65.6110047998207,0.0128392344350332
"203",17,"2010","pd","Weathertop","LL","blue oak",1.171,0.885913853317812,NA,NA,98.0646617389832,NA,NA,NA,0.808,0.436,29.7293333333333,0.0146493293688463,4.58467380546783,68.5751874877842,0.0129780438296764
"204",17,"2010","md","Weathertop","LL","blue oak",2.62666666666667,0.88861985472155,NA,NA,128.309768637532,NA,NA,NA,0.808,0.436,29.7293333333333,0.0146493293688463,4.58467380546783,68.5751874877842,0.0130176849355123
"205",17,"2011","pd","Weathertop","LL","blue oak",1.253,0.843921008803236,NA,NA,99.1880547718984,NA,NA,NA,0.716,0.394333333333333,25.5893333333333,0.0154319404383076,5.63758961627004,64.8147911230614,0.013023338742488
"206",17,"2011","md","Weathertop","LL","blue oak",1.69666666666667,0.770461251747166,NA,NA,93.6826783114993,NA,NA,NA,0.716,0.394333333333333,25.5893333333333,0.0154319404383076,5.63758961627004,64.8147911230614,0.0118897121469862
"207",17,"2012","pd","Low","Cucu Mesa","blue oak",1.2195,1.04239766081871,NA,NA,124.268100592037,NA,NA,NA,0.390433333333333,0.2106,14.8306666666667,0.0140087455614071,6.70413052609081,73.2844739908882,0.0146026836042152
"208",17,"2012","md","Low","Cucu Mesa","blue oak",2.50333333333333,0.971066907775769,NA,NA,82.860852629301,NA,NA,NA,0.390433333333333,0.2106,14.8306666666667,0.0140087455614071,6.70413052609081,73.2844739908882,0.0136034292341331
"209",17,"2013","md","Low","Cucu Mesa","blue oak",2.29,1.06927374301676,NA,NA,97.7027497389488,NA,NA,NA,NA,NA,NA,NA,NA,NA,NA
"210",17,"2013","pd","Low","Cucu Mesa","blue oak",1.198,1.22927689594356,NA,NA,124.364032104476,NA,NA,NA,NA,NA,NA,NA,NA,NA,NA
"211",17,"2015","md","Low","Cucu Mesa","blue oak",2.731,0.9836867862969,NA,NA,83.6149187121454,NA,NA,NA,0.4718,0.236666666666667,15.653,0.0150975322146832,4.75545322903277,66.237816574523,0.0148512429452757
"212",17,"2015","pd","Low","Cucu Mesa","blue oak",1.326,NA,NA,NA,87.4926943308007,NA,NA,NA,0.4718,0.236666666666667,15.653,0.0150975322146832,4.75545322903277,66.237816574523,NA
"213",17,"2020","md","Chamise","Chamise","blue oak",1.781,0.918429003021148,NA,NA,82.6173391731121,NA,NA,NA,0.831866666666667,0.4273,28.2293333333333,0.0150723442567091,5.53011925574935,66.4225517012009,0.0138428781088809
"214",17,"2021","md","Chamise","Chamise","blue oak",2.14233333333333,0.923076923076923,NA,NA,81.8946724289594,NA,NA,NA,0.5757,0.292133333333333,19.1856666666667,0.0151923090257625,6.24057306707238,65.8472938381384,0.0140236698699346
"215",17,"2021","pd","Chamise","Chamise","blue oak",0.881333333333333,0.999223602484472,NA,NA,101.518316195373,NA,NA,NA,0.5757,0.292133333333333,19.1856666666667,0.0151923090257625,6.24057306707238,65.8472938381384,0.0151805137547797
"216",17,"2022","md","Chamise","Chamise","live oak",1.94266666666667,NA,NA,NA,77.5269872423945,58.5083272990587,NA,NA,NA,NA,NA,NA,NA,NA,NA
"217",17,"2022","pd","Chamise","Chamise","live oak",0.887333333333333,0.851937984496124,NA,NA,64.5703336117526,79.6025841217354,NA,NA,NA,NA,NA,NA,NA,NA,NA
"218",17,"2022","pd","Chamise","Chamise","live oak",0.887333333333333,0.851937984496124,NA,NA,102.665539337843,79.6025841217354,NA,NA,NA,NA,NA,NA,NA,NA,NA
"219",17,"2023","pd","Chamise","Chamise","live oak",0.773,0.922311519326445,NA,NA,93.6833909192661,94.7045648464164,NA,NA,1.60678,0.8858,49.5412,0.0192186969228697,8.591828194432,62.062324543604,0.0177256255584064
"220",17,"2023","md","Chamise","Chamise","live oak",2.42766666666667,0.907242693773824,NA,NA,78.608889471614,65.441370920823,NA,NA,1.60678,0.8858,49.5412,0.0192186969228697,8.591828194432,62.062324543604,0.017436022367127
"221",17,"2024","pd","Chamise","Chamise","blue oak",1.017,NA,NA,NA,105.661677448991,NA,NA,NA,0.779033333333333,0.3991,27.2823333333333,0.0144764059692855,4.11369150097723,69.2512487194089,NA
"222",17,"2024","md","Chamise","Chamise","blue oak",1.871,0.933541017653167,NA,NA,86.5596790371113,NA,NA,NA,0.779033333333333,0.3991,27.2823333333333,0.0144764059692855,4.11369150097723,69.2512487194089,0.0135143187605272
"223",17,"2025","pd","Chamise","Chamise","blue oak",1.0305,1.0421686746988,NA,NA,104.870894144063,NA,NA,NA,0.7016,0.3545,28.6336666666667,0.0121678228612928,7.61309645933166,82.534351181149,0.0126809238253233
"224",17,"2025","md","Chamise","Chamise","blue oak",1.428,0.929280397022332,NA,NA,87.6361744333518,NA,NA,NA,0.7016,0.3545,28.6336666666667,0.0121678228612928,7.61309645933166,82.534351181149,0.0113073192594396
"225",17,"2026","pd","Shedd","Chamise","blue oak",1.209,0.943287037037037,NA,NA,95.0504856850716,NA,NA,NA,0.6974,0.363066666666667,28.519,0.012651605321359,6.77159714482913,79.2047766744808,0.0119340952973467
"226",17,"2026","md","Shedd","Chamise","blue oak",2.98233333333333,0.856382978723405,NA,NA,79.8013245033112,NA,NA,NA,0.6974,0.363066666666667,28.519,0.012651605321359,6.77159714482913,79.2047766744808,0.0108346194507383
"227",17,"2027","pd","Shedd","Chamise","blue oak",1.28133333333333,0.99465811965812,NA,NA,100.714567317169,NA,NA,NA,0.412233333333333,0.219766666666667,19.2453333333333,0.0112662694822744,7.83147534851305,89.0014876512193,0.0112060864188007
"228",17,"2027","md","Shedd","Chamise","blue oak",2.66533333333333,0.879207920792079,NA,NA,79.5442775763853,NA,NA,NA,0.412233333333333,0.219766666666667,19.2453333333333,0.0112662694822744,7.83147534851305,89.0014876512193,0.00990539336659373
"229",17,"2028","pd","Shedd","Chamise","blue oak",1.216,0.850348027842227,NA,NA,72.2559551611397,NA,NA,NA,0.972566666666667,0.510666666666667,35.4953333333333,0.0141425544517489,5.14280251130413,70.837722404311,0.012026093286696
"230",17,"2028","md","Shedd","Chamise","blue oak",2.0795,0.831376734258271,NA,NA,73.318667504714,NA,NA,NA,0.972566666666667,0.510666666666667,35.4953333333333,0.0141425544517489,5.14280251130413,70.837722404311,0.0117577907341648
"231",17,"2029","pd","Shedd","Chamise","live oak",NA,NA,NA,NA,77.8332609639601,58.1053491220907,NA,NA,1.62626666666667,0.9253,61.7706666666667,0.0149899870547005,16.3291397172756,66.7839872380665,NA
"232",17,"2029","md","Shedd","Chamise","live oak",1.98666666666667,NA,NA,NA,77.8670047900817,59.5019035532995,NA,NA,1.62626666666667,0.9253,61.7706666666667,0.0149899870547005,16.3291397172756,66.7839872380665,NA
"233",17,"2030","pd","Shedd","Chamise","live oak",0.758,0.815860945138512,NA,NA,104.817292500084,322.413599640934,NA,NA,0.985766666666667,0.531733333333333,38.6063333333333,0.0138442409164486,9.07581331034416,72.3239624573475,0.011294975478819
"234",17,"2030","md","Shedd","Chamise","live oak",2.97033333333333,NA,NA,NA,76.7962308598351,63.7629243670113,NA,NA,0.985766666666667,0.531733333333333,38.6063333333333,0.0138442409164486,9.07581331034416,72.3239624573475,NA
"235",17,"2032","md",NA,NA,"blue oak",1.873,0.908268733850129,NA,NA,80.955749935683,NA,NA,NA,NA,NA,NA,NA,NA,NA,NA
"236",17,"2032","pd",NA,NA,"blue oak",0.899,0.967063129002745,NA,NA,82.5568181818182,NA,NA,NA,NA,NA,NA,NA,NA,NA,NA
"237",17,"2085","md","Low","PineNeedle","blue oak",2.21066666666667,1.02814814814815,NA,NA,13.984419532586,NA,NA,NA,0.856133333333333,0.413333333333333,28.9433333333333,0.0142200440229274,6.20570019475947,70.3409890197988,0.014620311928758
"238",17,"2086","pd","Low","PineNeedle","blue oak",0.852666666666667,1.16515426497278,NA,NA,101.54968094804,NA,NA,NA,1.71146666666667,0.816566666666667,60.8103333333333,0.0133630244076504,6.32067707661317,75.046724267674,0.0155699848815092
"239",17,"2086","pd","Low","PineNeedle","blue oak",0.852666666666667,1.16515426497278,NA,NA,121.531081026141,NA,NA,NA,1.71146666666667,0.816566666666667,60.8103333333333,0.0133630244076504,6.32067707661317,75.046724267674,0.0155699848815092
"240",17,"2086","md","Low","PineNeedle","blue oak",1.99433333333333,1.01717305151915,NA,NA,127.06149245523,NA,NA,NA,1.71146666666667,0.816566666666667,60.8103333333333,0.0133630244076504,6.32067707661317,75.046724267674,0.0135925083142546
"241",17,"2087","md","Low","PineNeedle","blue oak",2.32733333333333,1.04289940828402,NA,NA,96.6947876586287,NA,NA,NA,0.860733333333333,0.411333333333333,31.026,0.0132841150584527,5.46424478624341,75.3077103807994,0.0138539957340372
"242",17,"2088","md","Low","PineNeedle","blue oak",2.08566666666667,1.04200323101777,NA,NA,95.7553562674817,NA,NA,NA,0.812033333333333,0.3896,27.782,0.0140034721300891,3.93369608326454,71.484038138027,0.0145916632050202
"243",17,"2088","pd","Low","PineNeedle","blue oak",0.842333333333333,NA,NA,NA,98.5981308411215,NA,NA,NA,0.812033333333333,0.3896,27.782,0.0140034721300891,3.93369608326454,71.484038138027,NA
"244",17,"2089","md","Low","PineNeedle","live oak",1.4525,1.68929503916449,NA,NA,170.932069510269,67.7685950413223,NA,NA,1.4182,0.401666666666667,48.799,0.00764623096514025,11.5706246916374,135.427999793763,0.0129167400377173
"245",17,"2089","pd","Low","PineNeedle","live oak",0.838,0.909947643979058,NA,NA,430.588235294118,74.450305971724,NA,NA,1.4182,0.401666666666667,48.799,0.00764623096514025,11.5706246916374,135.427999793763,0.00695766985204909
"246",17,"2090","md","Low","PineNeedle","blue oak",2.244,1.06818181818182,NA,NA,21.7045167346644,NA,NA,NA,0.7621,0.363533333333333,28.118,0.0130201784617536,6.08479196968047,77.088672742664,0.0139079179023277
"247",17,"2090","pd","Low","PineNeedle","blue oak",1.1926,1.1330376940133,NA,NA,121.576047637598,NA,NA,NA,0.7621,0.363533333333333,28.118,0.0130201784617536,6.08479196968047,77.088672742664,0.0147523529799469
"248",17,"2091","pd","Low","PineNeedle","live oak",0.5792,1.08410548823949,NA,NA,174.036307909938,95.2498240675581,NA,NA,1.1632,0.470033333333333,29.7183333333333,0.015504662465585,7.5146361465686,65.1649358949294,0.0168086896722415
"249",17,"2091","md","Low","PineNeedle","live oak",2.02066666666667,1.48559670781893,NA,NA,119.520174482007,63.5711438820247,NA,NA,1.1632,0.470033333333333,29.7183333333333,0.015504662465585,7.5146361465686,65.1649358949294,0.0230336755147168
"250",17,"2092","pd","Low","PineNeedle","live oak",1.261,0.86829268292683,NA,NA,115.462868769074,58.659217877095,NA,NA,0.4214,0.1962,11.976,0.0163658134138438,8.53769592559399,61.1033067109688,0.0142103160373863
"251",17,"2092","md","Low","PineNeedle","live oak",2.1235,NA,NA,NA,131.619339984651,64.7726881646419,NA,NA,0.4214,0.1962,11.976,0.0163658134138438,8.53769592559399,61.1033067109688,NA
"252",17,"2093","pd","Low","PineNeedle","live oak",0.7785,0.947430596574129,NA,NA,199.189909204589,72.2458446076537,NA,NA,0.7442,0.3929,21.734,0.0180776663292537,8.04196083006489,55.3168745227793,0.0171273341949929
"253",17,"2093","md","Low","PineNeedle","live oak",1.87566666666667,1.57894736842105,NA,NA,147.522260936895,60.8852834847015,NA,NA,0.7442,0.3929,21.734,0.0180776663292537,8.04196083006489,55.3168745227793,0.028543683677769
"254",17,"2127","pd",NA,NA,NA,NA,NA,NA,NA,86.140870754502,NA,NA,NA,NA,NA,NA,NA,NA,NA,NA
"255",17,"2301","md","Hobbiton","LL","live oak",3.4964,0.629518636448773,NA,NA,NA,72.4340261560019,NA,NA,NA,NA,NA,NA,NA,NA,NA
"256",17,"2331","md","Ridge","LL","live oak",2.99033333333333,0.608910891089109,NA,NA,NA,45.1005025125628,NA,NA,0.266,0.152,8.17033333333333,0.0185304080361031,2.64885691709676,54.0359953703704,0.0112833672695083
"257",17,"2343","md","Hobbiton","LL","blue oak",2.6195,0.86150409530901,NA,NA,102.001912655403,NA,NA,NA,0.939666666666667,0.52,36.6616666666667,0.0141467237572071,6.96458210385091,70.7356106357856,0.0121874604520392
"258",17,"2343","pd","Hobbiton","LL","blue oak",1.15466666666667,0.939163498098859,NA,NA,105.282634142658,NA,NA,NA,0.939666666666667,0.52,36.6616666666667,0.0141467237572071,6.96458210385091,70.7356106357856,0.0132860865704568
"259",17,"2345","md","Hobbiton","LL","live oak",2.211,0.703242712086472,NA,NA,NA,64.3932952751124,NA,NA,0.82225,0.46025,NA,NA,NA,NA,NA
"260",17,"2345","pd","Hobbiton","LL","live oak",0.7015,0.655629139072848,NA,NA,NA,87.1857092737691,NA,NA,0.82225,0.46025,NA,NA,NA,NA,NA
"261",17,"2346","pd","Hobbiton","LL","blue oak",2.00033333333333,0.844660194174757,NA,NA,96.5495725962438,NA,NA,NA,0.313,0.175333333333333,14.0036666666667,0.0125061015164839,7.51107649270238,80.0216091036188,0.0105634061352825
"262",17,"2346","md","Hobbiton","LL","blue oak",2.211,0.838321942022154,NA,NA,101.466177940686,NA,NA,NA,0.313,0.175333333333333,14.0036666666667,0.0125061015164839,7.51107649270238,80.0216091036188,0.010484139310425
"263",17,"2347","md","Hobbiton","LL","blue oak",2.37856,0.952044266830618,NA,NA,134.142561983471,NA,NA,NA,0.793,0.419666666666667,30.6693333333333,0.0136788066608218,9.83566384229978,73.1128780623879,0.0130228294585199
"264",17,"2347","pd","Hobbiton","LL","blue oak",1.36066666666667,0.992244952533761,NA,NA,115.473036492607,NA,NA,NA,0.793,0.419666666666667,30.6693333333333,0.0136788066608218,9.83566384229978,73.1128780623879,0.0135727268658857
"265",17,"2352","md","MiddleEarth","LL","live oak",2.734,0.544943820224719,NA,NA,104.843049327354,75.0466522355751,NA,NA,NA,NA,NA,NA,NA,NA,NA
"266",17,"2352","pd","MiddleEarth","LL","live oak",1.64725,0.563225506887479,NA,NA,NA,54.9519105796725,NA,NA,NA,NA,NA,NA,NA,NA,NA
"267",17,"2354","pd","MiddleEarth","LL","live oak",1.4596,0.650399290150843,NA,NA,167.013261000603,69.2708019974731,NA,NA,0.916183333333333,0.465483333333333,35.0416666666667,0.0133537803938761,10.2567798753175,74.9655232047138,0.00868528928900724
"268",17,"2354","md","MiddleEarth","LL","live oak",NA,NA,NA,NA,98.9003368337626,73.1391819627114,NA,NA,0.916183333333333,0.465483333333333,35.0416666666667,0.0133537803938761,10.2567798753175,74.9655232047138,NA
"269",17,"2360","md","MiddleEarth","LL","blue oak",2.75833333333333,0.767519234768143,NA,NA,72.272826641405,NA,NA,NA,0.479,0.271333333333333,20.994,0.0128763986494468,7.25158682923591,77.6722173682831,0.00988288363799293
"270",17,"2360","pd","MiddleEarth","LL","blue oak",1.485,0.863710216954984,NA,NA,101.058758593005,NA,NA,NA,0.479,0.271333333333333,20.994,0.0128763986494468,7.25158682923591,77.6722173682831,0.0111214770711125
"271",17,"2365","md","MiddleEarth","LL","blue oak",3.18333333333333,0.849246231155779,NA,NA,115.845575062702,NA,NA,NA,0.407333333333333,0.221,16.958,0.0130847234902771,5.88439312761364,76.4564551553116,0.0111121521098333
"272",17,"2365","pd","MiddleEarth","LL","blue oak",1.402,0.952554744525547,NA,NA,108.061481807629,NA,NA,NA,0.407333333333333,0.221,16.958,0.0130847234902771,5.88439312761364,76.4564551553116,0.0124639154414683
"273",17,"2367","md","MiddleEarth","LL","blue oak",2.71266666666667,0.853072757240405,NA,NA,92.3592788038698,NA,NA,NA,0.386333333333333,0.210333333333333,15.5893333333333,0.0135040343400606,7.82555286785646,74.1024739827436,0.0115199238083446
"274",17,"2367","pd","MiddleEarth","LL","blue oak",1.546,0.964542405366555,NA,NA,119.34391222709,NA,NA,NA,0.386333333333333,0.210333333333333,15.5893333333333,0.0135040343400606,7.82555286785646,74.1024739827436,0.0130252137645146
"275",17,"2369","pd","MiddleEarth","LL","blue oak",1.50533333333333,0.876603213176725,NA,NA,87.5994326940865,NA,NA,NA,0.617333333333333,0.341333333333333,24.23,0.014049460830122,7.97299351720486,71.1995627012558,0.0123158025070855
"276",17,"2369","md","MiddleEarth","LL","blue oak",3.35,0.819589624467673,NA,NA,98.011390159649,NA,NA,NA,0.617333333333333,0.341333333333333,24.23,0.014049460830122,7.97299351720486,71.1995627012558,0.011514792325733
"277",17,"2370","pd","Weathertop","LL","blue oak",1.3795,0.94393727848781,NA,NA,106.969334926324,NA,NA,NA,0.382,0.214666666666667,14.1156666666667,0.0152547613006815,5.96804355053421,66.0267088739652,0.0143995378661464
"278",17,"2370","md","Weathertop","LL","blue oak",2.28725,0.932712956335004,NA,NA,79.5868544600939,NA,NA,NA,0.382,0.214666666666667,14.1156666666667,0.0152547613006815,5.96804355053421,66.0267088739652,0.0142283135109434
"279",17,"2371","md","Weathertop","LL","blue oak",2.696,0.917525773195876,NA,NA,122.377025874325,NA,NA,NA,0.781,0.408666666666667,31.507,0.0129146971345244,7.01173618427487,77.5052581695108,0.0118495674739451
"280",17,"2371","pd","Weathertop","LL","blue oak",0.952333333333333,1.05661467359908,NA,NA,96.3638524151863,NA,NA,NA,0.781,0.408666666666667,31.507,0.0129146971345244,7.01173618427487,77.5052581695108,0.0136458584974265
"281",17,"2372","md","Weathertop","LL","blue oak",1.9765,0.84493227463802,NA,NA,97.768231349539,NA,NA,NA,0.962333333333333,0.525666666666667,36.1636666666667,0.0144544336112727,8.56553775289561,69.356991742398,0.0122130174697769
"282",17,"2372","pd","Weathertop","LL","blue oak",1.307,0.918851618573312,NA,NA,85.7259873927134,NA,NA,NA,0.962333333333333,0.525666666666667,36.1636666666667,0.0144544336112727,8.56553775289561,69.356991742398,0.0132814797192784
"283",17,"2375","md","Hobbiton","LL","blue oak",NA,NA,NA,NA,122.741203178207,NA,NA,NA,NA,NA,NA,NA,NA,NA,NA
"284",17,"2375","pd","Hobbiton","LL","blue oak",1.3405,0.959436232382262,NA,NA,90.9631067961165,NA,NA,NA,NA,NA,NA,NA,NA,NA,NA
"285",17,"2376","md","MiddleEarth","LL","live oak",2.48825,0.628071594701183,NA,NA,NA,73.178096899745,NA,NA,NA,NA,NA,NA,NA,NA,NA
"286",17,"2376","pd","MiddleEarth","LL","live oak",0.969333333333333,0.661490214998643,NA,NA,NA,93.2332274521128,NA,NA,NA,NA,NA,NA,NA,NA,NA
"287",17,"2377","md","MiddleEarth","LL","live oak",2.96633333333333,0.624129930394431,NA,NA,191.45546705286,50.76637058459,NA,NA,0.850333333333333,0.475333333333333,23.9273333333333,0.0194342517261122,4.6093973620383,51.658516892141,0.0121294981770863
"288",17,"2377","pd","MiddleEarth","LL","live oak",1.307,0.639235465887975,NA,NA,61.3072352324362,30.5167768797453,NA,NA,0.850333333333333,0.475333333333333,23.9273333333333,0.0194342517261122,4.6093973620383,51.658516892141,0.0124230629563255
"289",17,"2378","pd","MiddleEarth","LL","blue oak",1.5095,0.910086186815746,NA,NA,101.760821716801,NA,NA,NA,0.914666666666667,0.496666666666667,39.9026666666667,0.0124304120640531,8.40556815371409,80.4546668603653,0.0113127463159226
"290",17,"2378","md","MiddleEarth","LL","blue oak",3.096,0.844955991875423,NA,NA,119.779126455079,NA,NA,NA,0.914666666666667,0.496666666666667,39.9026666666667,0.0124304120640531,8.40556815371409,80.4546668603653,0.0105031511550022
"291",17,"2379","pd","MiddleEarth","LL","blue oak",1.246,0.849383538820394,NA,NA,83.2974629883258,NA,NA,NA,0.601666666666667,0.333333333333333,23.0996666666667,0.0145005540905287,5.15538265944394,69.1660419733601,0.0123165319482698
"292",17,"2379","md","MiddleEarth","LL","blue oak",2.895,0.851531406817789,NA,NA,63.9444610331443,NA,NA,NA,0.601666666666667,0.333333333333333,23.0996666666667,0.0145005540905287,5.15538265944394,69.1660419733601,0.0123476772243453
"293",17,"2380","md","MiddleEarth","LL","live oak",2.38833333333333,0.582315299592786,NA,NA,NA,49.2335217338267,NA,NA,0.422,0.269,10.97,0.0245214220601641,1.99648197451335,40.7806691449814,0.0142791992334056
"294",17,"2380","pd","MiddleEarth","LL","live oak",0.9764,0.587768303440165,NA,NA,88.6593049251406,58.0905517717303,NA,NA,0.422,0.269,10.97,0.0245214220601641,1.99648197451335,40.7806691449814,0.0144129146422429
"295",17,"2381","pd","Weathertop","LL","blue oak",1.26233333333333,0.891447368421053,NA,NA,101.777236762021,NA,NA,NA,0.911,0.498,33.584,0.0148627045484967,6.55075252969252,67.2987707102639,0.013249318857377
"296",17,"2381","md","Weathertop","LL","blue oak",2.001,0.830663615560641,NA,NA,94.5343883140597,NA,NA,NA,0.911,0.498,33.584,0.0148627045484967,6.55075252969252,67.2987707102639,0.0123459078972639
"297",17,"2382","md","Weathertop","LL","blue oak",2.695,0.763309596473381,NA,NA,87.6240779528276,NA,NA,NA,0.615333333333333,0.362,24.72,0.0146946391311217,6.09819953200792,68.1961813016282,0.0112165590654985
"298",17,"2382","pd","Weathertop","LL","blue oak",1.20466666666667,0.738170782176852,NA,NA,92.7318994666574,NA,NA,NA,0.615333333333333,0.362,24.72,0.0146946391311217,6.09819953200792,68.1961813016282,0.0108471532612267
"299",17,"2383","md","Weathertop","LL","blue oak",2.96,NA,NA,NA,84.8654970760234,NA,NA,NA,0.73,0.425666666666667,23.805,0.0178105479022614,4.27454440174911,56.1531896938099,NA
"300",17,"2383","pd","Weathertop","LL","blue oak",1.349,0.776262671570826,NA,NA,84.1878598304547,NA,NA,NA,0.73,0.425666666666667,23.805,0.0178105479022614,4.27454440174911,56.1531896938099,0.0138256634967496
"301",17,"2384","pd","Weathertop","LL","blue oak",1.64,0.854354354354354,NA,NA,121.384418332684,NA,NA,NA,0.447333333333333,0.255333333333333,16.997,0.0148974420408,4.91367050146679,67.2407652078172,0.0127276944762991
"302",17,"2384","md","Weathertop","LL","blue oak",2.56333333333333,0.786652653704677,NA,NA,93.3291264761561,NA,NA,NA,0.447333333333333,0.255333333333333,16.997,0.0148974420408,4.91367050146679,67.2407652078172,0.0117191123148069
"303",17,"2385","pd",NA,NA,"blue oak",1.044,NA,NA,NA,99.0352146647371,NA,NA,NA,NA,NA,NA,NA,NA,NA,NA
"304",17,"30","md",NA,NA,NA,NA,NA,NA,NA,308.756579397088,NA,NA,NA,NA,NA,NA,NA,NA,NA,NA
"305",17,"30","md",NA,NA,NA,NA,NA,NA,NA,304.238794181531,NA,NA,NA,NA,NA,NA,NA,NA,NA,NA
"306",17,"30","md",NA,NA,NA,NA,NA,NA,NA,374.127906976744,NA,NA,NA,NA,NA,NA,NA,NA,NA,NA
"307",17,"30","md",NA,NA,NA,NA,NA,NA,NA,361.429919368674,NA,NA,NA,NA,NA,NA,NA,NA,NA,NA
"308",17,"40","md",NA,NA,NA,NA,NA,NA,NA,243.092249626964,NA,NA,NA,NA,NA,NA,NA,NA,NA,NA
"309",17,"40","md",NA,NA,NA,NA,NA,NA,NA,206.355977967383,NA,NA,NA,NA,NA,NA,NA,NA,NA,NA
"310",17,"40","md",NA,NA,NA,NA,NA,NA,NA,174.831655926435,NA,NA,NA,NA,NA,NA,NA,NA,NA,NA
"311",18,"11","md",NA,NA,NA,NA,NA,NA,NA,168.452852614897,NA,NA,NA,NA,NA,NA,NA,NA,NA,NA
"312",18,"11","md",NA,NA,NA,NA,NA,NA,NA,171.156219997257,NA,NA,NA,NA,NA,NA,NA,NA,NA,NA
"313",18,"11","md",NA,NA,NA,NA,NA,NA,NA,147.592328096307,NA,NA,NA,NA,NA,NA,NA,NA,NA,NA
"314",18,"11","md",NA,NA,NA,NA,NA,NA,NA,212.139432224675,NA,NA,NA,NA,NA,NA,NA,NA,NA,NA
"315",18,"30","md",NA,NA,NA,NA,NA,NA,NA,427.838730998017,NA,NA,NA,NA,NA,NA,NA,NA,NA,NA
"316",18,"30","md",NA,NA,NA,NA,NA,NA,NA,282.668938944873,NA,NA,NA,NA,NA,NA,NA,NA,NA,NA
"317",18,"30","md",NA,NA,NA,NA,NA,NA,NA,319.190554511278,NA,NA,NA,NA,NA,NA,NA,NA,NA,NA
"318",18,"30","md",NA,NA,NA,NA,NA,NA,NA,387.445958518032,NA,NA,NA,NA,NA,NA,NA,NA,NA,NA
"319",18,"40","md",NA,NA,NA,NA,NA,NA,NA,213.357786947883,NA,NA,NA,NA,NA,NA,NA,NA,NA,NA
"320",18,"40","md",NA,NA,NA,NA,NA,NA,NA,180.066183422628,NA,NA,NA,NA,NA,NA,NA,NA,NA,NA
"321",18,"40","md",NA,NA,NA,NA,NA,NA,NA,238.087359364659,NA,NA,NA,NA,NA,NA,NA,NA,NA,NA
"322",19,"11","md",NA,NA,NA,NA,NA,NA,NA,146.401848591549,NA,NA,NA,NA,NA,NA,NA,NA,NA,NA
"323",19,"11","md",NA,NA,NA,NA,NA,NA,NA,162.260994263862,NA,NA,NA,NA,NA,NA,NA,NA,NA,NA
"324",19,"11","md",NA,NA,NA,NA,NA,NA,NA,128.395178893423,NA,NA,NA,NA,NA,NA,NA,NA,NA,NA
"325",19,"11","md",NA,NA,NA,NA,NA,NA,NA,194.926614066344,NA,NA,NA,NA,NA,NA,NA,NA,NA,NA
"326",19,"30","md",NA,NA,NA,NA,NA,NA,NA,222.964739745742,NA,NA,NA,NA,NA,NA,NA,NA,NA,NA
"327",19,"30","md",NA,NA,NA,NA,NA,NA,NA,330.837855237745,NA,NA,NA,NA,NA,NA,NA,NA,NA,NA
"328",19,"30","md",NA,NA,NA,NA,NA,NA,NA,236.634373878723,NA,NA,NA,NA,NA,NA,NA,NA,NA,NA
"329",19,"30","md",NA,NA,NA,NA,NA,NA,NA,270.017195560419,NA,NA,NA,NA,NA,NA,NA,NA,NA,NA
"330",19,"40","md",NA,NA,NA,NA,NA,NA,NA,209.516041326808,NA,NA,NA,NA,NA,NA,NA,NA,NA,NA
"331",19,"40","md",NA,NA,NA,NA,NA,NA,NA,194.152844050595,NA,NA,NA,NA,NA,NA,NA,NA,NA,NA
"332",19,"40","md",NA,NA,NA,NA,NA,NA,NA,193.517329910141,NA,NA,NA,NA,NA,NA,NA,NA,NA,NA
"333",20,"11","md",NA,NA,NA,NA,NA,NA,NA,176.039458666232,NA,NA,NA,NA,NA,NA,NA,NA,NA,NA
"334",20,"11","md",NA,NA,NA,NA,NA,NA,NA,190.200529701097,NA,NA,NA,NA,NA,NA,NA,NA,NA,NA
"335",20,"11","md",NA,NA,NA,NA,NA,NA,NA,156.25,NA,NA,NA,NA,NA,NA,NA,NA,NA,NA
"336",20,"11","md",NA,NA,NA,NA,NA,NA,NA,136.776895558852,NA,NA,NA,NA,NA,NA,NA,NA,NA,NA
"337",20,"30","md",NA,NA,NA,NA,NA,NA,NA,230.540784589144,NA,NA,NA,NA,NA,NA,NA,NA,NA,NA
"338",20,"30","md",NA,NA,NA,NA,NA,NA,NA,280.22944747402,NA,NA,NA,NA,NA,NA,NA,NA,NA,NA
"339",20,"30","md",NA,NA,NA,NA,NA,NA,NA,291.420001578657,NA,NA,NA,NA,NA,NA,NA,NA,NA,NA
"340",20,"30","md",NA,NA,NA,NA,NA,NA,NA,306.324128984433,NA,NA,NA,NA,NA,NA,NA,NA,NA,NA
"341",20,"40","md",NA,NA,NA,NA,NA,NA,NA,138.888522209755,NA,NA,NA,NA,NA,NA,NA,NA,NA,NA
"342",20,"40","md",NA,NA,NA,NA,NA,NA,NA,163.147928994083,NA,NA,NA,NA,NA,NA,NA,NA,NA,NA
"343",21,"11","md",NA,NA,NA,NA,NA,NA,NA,257.178988326848,NA,NA,NA,NA,NA,NA,NA,NA,NA,NA
"344",21,"11","md",NA,NA,NA,NA,NA,NA,NA,238.225538971808,NA,NA,NA,NA,NA,NA,NA,NA,NA,NA
"345",21,"11","md",NA,NA,NA,NA,NA,NA,NA,188.908954100828,NA,NA,NA,NA,NA,NA,NA,NA,NA,NA
"346",21,"11","md",NA,NA,NA,NA,NA,NA,NA,253.263378803778,NA,NA,NA,NA,NA,NA,NA,NA,NA,NA
"347",21,"1478","md","Low","Cucu Mesa","blue oak",3.9875,0.667808219178082,NA,NA,72.9859719438878,NA,NA,NA,NA,NA,NA,NA,NA,NA,NA
"348",21,"1478","pd","Low","Cucu Mesa","blue oak",1.55266666666667,0.846251790545917,NA,NA,73.1793960923624,NA,NA,NA,NA,NA,NA,NA,NA,NA,NA
"349",21,"2004","md","High","Cucu Mesa","blue oak",2.6858,0.709677419354839,NA,NA,78.8674292143259,NA,NA,NA,NA,NA,NA,NA,NA,NA,NA
"350",21,"2004","pd","High","Cucu Mesa","blue oak",1.81766666666667,0.795422935895815,NA,NA,77.990852482504,NA,NA,NA,NA,NA,NA,NA,NA,NA,NA
"351",21,"2005","md","High","Cucu Mesa","blue oak",3,0.755717255717256,NA,NA,74.9499521281225,NA,NA,NA,NA,NA,NA,NA,NA,NA,NA
"352",21,"2005","md","High","Cucu Mesa","blue oak",3,0.755717255717256,NA,NA,106.703935205564,NA,NA,NA,NA,NA,NA,NA,NA,NA,NA
"353",21,"2005","pd","High","Cucu Mesa","blue oak",1.72933333333333,0.896278003175163,NA,NA,85.743884264476,NA,NA,NA,NA,NA,NA,NA,NA,NA,NA
"354",21,"2006","md","High","Cucu Mesa","blue oak",3.19933333333333,0.71007371007371,NA,NA,87.3489630297566,NA,NA,NA,NA,NA,NA,NA,NA,NA,NA
"355",21,"2006","pd","High","Cucu Mesa","blue oak",1.767,0.876157500603913,NA,NA,84.0819730727987,NA,NA,NA,NA,NA,NA,NA,NA,NA,NA
"356",21,"2007","md","High","Cucu Mesa","blue oak",3.4,0.698162729658793,NA,NA,82.8391226583827,NA,NA,NA,NA,NA,NA,NA,NA,NA,NA
"357",21,"2007","pd","High","Cucu Mesa","blue oak",1.67233333333333,NA,NA,NA,87.8685762426285,NA,NA,NA,NA,NA,NA,NA,NA,NA,NA
"358",21,"2008","md","High","Cucu Mesa","blue oak",3.3,0.692063492063492,NA,NA,70.1880437833286,NA,NA,NA,NA,NA,NA,NA,NA,NA,NA
"359",21,"2008","pd","High","Cucu Mesa","blue oak",1.736,0.865671641791045,NA,NA,80.1554012239566,NA,NA,NA,NA,NA,NA,NA,NA,NA,NA
"360",21,"2009","md","Hobbiton","LL","blue oak",3.276,0.705295566502463,1.01652875095411,0.531933333333333,61.4859437751004,NA,NA,69.3827465126272,0.624,0.285,20.598,0.0138864768252326,4.94690203106374,72.0340781552903,0.00979407053917575
"361",21,"2009","pd","Hobbiton","LL","blue oak",1.789,0.854419410745234,1.01652875095411,0.531933333333333,36.189111747851,NA,NA,84.052655662054,0.624,0.285,20.598,0.0138864768252326,4.94690203106374,72.0340781552903,0.0118648753463426
"362",21,"2010","md","Weathertop","LL","blue oak",3.56833333333333,0.752,1.02667616363104,0.876266666666667,89.495026778883,NA,NA,73.2460756993136,1.19066666666667,0.594333333333333,39.8113333333333,0.0148716760802981,4.20456856245991,67.2798572526226,0.0111835004123841
"363",21,"2011","md","Weathertop","LL","blue oak",2.22,NA,0.924263186841599,0.3958,71.8262886971652,NA,NA,NA,0.547,0.29,18.3263333333333,0.0158204740685042,4.45095362793709,63.2247089956503,NA
"364",21,"2012","md","Low","Cucu Mesa","blue oak",3.00471428571429,0.741751990898748,NA,NA,97.3112452908087,NA,NA,NA,NA,NA,NA,NA,NA,NA,NA
"365",21,"2012","md","Low","Cucu Mesa","blue oak",3.00471428571429,0.741751990898748,NA,NA,76.1577573175759,NA,NA,NA,NA,NA,NA,NA,NA,NA,NA
"366",21,"2012","pd","Low","Cucu Mesa","blue oak",2.607,0.851851851851852,NA,NA,74.3375174337518,NA,NA,NA,NA,NA,NA,NA,NA,NA,NA
"367",21,"2013","pd","Low","Cucu Mesa","blue oak",2.104,0.85792349726776,NA,NA,86.2260830068699,NA,NA,NA,NA,NA,NA,NA,NA,NA,NA
"368",21,"2014","md",NA,NA,NA,NA,NA,NA,NA,70.9291628334867,NA,NA,NA,NA,NA,NA,NA,NA,NA,NA
"369",21,"2015","md","Low","Cucu Mesa","blue oak",3.1685,0.714285714285714,NA,NA,87.4920270442658,NA,NA,NA,NA,NA,NA,NA,NA,NA,NA
"370",21,"2015","pd","Low","Cucu Mesa","blue oak",1.982,0.902601902601903,NA,NA,81.8181818181818,NA,NA,NA,NA,NA,NA,NA,NA,NA,NA
"371",21,"2020","pd","Chamise","Chamise","blue oak",1.775,0.885211562630918,1.00239005729794,0.596666666666667,80.5617476593847,NA,NA,88.310090087796,0.5513,0.268333333333333,17.304,0.0154601661530273,4.20262153518656,64.7230216880736,0.0136855178388549
"372",21,"2020","md","Chamise","Chamise","blue oak",2.9805,0.787974683544304,1.00239005729794,0.596666666666667,79.9793377195367,NA,NA,78.6095869374827,0.5513,0.268333333333333,17.304,0.0154601661530273,4.20262153518656,64.7230216880736,0.012182219531974
"373",21,"2021","pd","Chamise","Chamise","blue oak",1.65,0.873023595232304,0.854723127035831,0.2624,82.7899518973811,NA,NA,102.141098984877,0.826333333333333,0.372,24.0873333333333,0.0153986947148767,5.43521336564154,65.0739098804056,0.0134434238218664
"374",21,"2021","md","Chamise","Chamise","blue oak",3.7402,0.808510638297873,0.854723127035831,0.2624,72.7192205491585,NA,NA,94.5932797093929,0.826333333333333,0.372,24.0873333333333,0.0153986947148767,5.43521336564154,65.0739098804056,0.0124500084928791
"375",21,"2021","pd","Chamise","Chamise","blue oak",1.65,0.873023595232304,0.922393369274215,0.3046,82.7899518973811,NA,NA,94.6476443037793,0.826333333333333,0.372,24.0873333333333,0.0153986947148767,5.43521336564154,65.0739098804056,0.0134434238218664
"376",21,"2021","md","Chamise","Chamise","blue oak",3.7402,0.808510638297873,0.922393369274215,0.3046,72.7192205491585,NA,NA,87.6535614012544,0.826333333333333,0.372,24.0873333333333,0.0153986947148767,5.43521336564154,65.0739098804056,0.0124500084928791
"377",21,"2022","pd","Chamise","Chamise","live oak",1.455,0.565101565101565,0.832576365400959,1.00476666666667,72.0226843100189,58.1081081081081,NA,67.8738417982137,3.108,1.57,70.3703333333333,0.0222583645495335,8.18799773219177,44.9396260297347,0.0125782366435426
"378",21,"2022","md","Chamise","Chamise","live oak",2.65083333333333,0.701577031945006,0.832576365400959,1.00476666666667,72.6168224299065,63.2944832944833,NA,84.2657876322413,3.108,1.57,70.3703333333333,0.0222583645495335,8.18799773219177,44.9396260297347,0.0156159573366117
"379",21,"2023","pd","Chamise","Chamise","live oak",1.30166666666667,0.829883897021706,0.782393805571543,0.14865,77.406523468576,56.6892243623113,NA,106.069845020753,1.72,0.909333333333333,46.1493333333333,0.0201847085278595,5.98259055196684,49.866149459033,0.0167509645733473
"380",21,"2023","md","Chamise","Chamise","live oak",2.149,0.727262234533703,0.782393805571543,0.14865,68.7765048420786,NA,NA,92.9534755202253,1.72,0.909333333333333,46.1493333333333,0.0201847085278595,5.98259055196684,49.866149459033,0.0146795762273826
"381",21,"2024","pd","Chamise","Chamise","blue oak",1.7,0.853738032185781,1.04069260852094,0.494866666666667,85.4582137037325,NA,NA,82.0355622011325,1.34233333333333,0.626,40.7053333333333,0.0153760801383358,3.31111001910228,65.0383548001346,0.0131271444000337
"382",21,"2024","md","Chamise","Chamise","blue oak",2.692,0.832627118644068,1.04069260852094,0.494866666666667,77.2057451967916,NA,NA,80.0070176175674,1.34233333333333,0.626,40.7053333333333,0.0153760801383358,3.31111001910228,65.0383548001346,0.0128025413016228
"383",21,"2025","md","Chamise","Chamise","blue oak",3.0585,NA,0.940559753639682,0.6581,77.1422473588731,NA,NA,NA,0.791666666666667,0.407,28.184,0.0144304293686113,4.84696630659714,69.3314991521478,NA
"384",21,"2025","pd","Chamise","Chamise","blue oak",1.5,0.834470989761092,0.940559753639682,0.6581,79.2963464140731,NA,NA,88.7206779294926,0.791666666666667,0.407,28.184,0.0144304293686113,4.84696630659714,69.3314991521478,0.0120417746779026
"385",21,"2026","md","Shedd","Chamise","blue oak",3.367,0.696401610468042,0.853801027099425,0.5152,72.7073107724102,NA,NA,81.5648597699504,0.828333333333333,0.402666666666667,28.2123333333333,0.0142140181605589,4.5663740022437,70.4232193193862,0.00989866513823521
"386",21,"2026","pd","Shedd","Chamise","blue oak",2.05333333333333,0.831210191082802,0.853801027099425,0.5152,82.1047102083698,NA,NA,97.3540865729139,0.828333333333333,0.402666666666667,28.2123333333333,0.0142140181605589,4.5663740022437,70.4232193193862,0.0118148367512926
"387",21,"2027","pd","Shedd","Chamise","blue oak",1.985,0.822503961965135,0.924994324918028,0.615133333333333,71.6937354988399,NA,NA,88.9198927829124,0.493333333333333,0.242666666666667,17.152,0.0140334678447648,4.05684351807068,71.8182589462056,0.0115425829024294
"388",21,"2027","md","Shedd","Chamise","blue oak",3.34425,NA,0.924994324918028,0.615133333333333,73.5964095181641,NA,NA,NA,0.493333333333333,0.242666666666667,17.152,0.0140334678447648,4.05684351807068,71.8182589462056,NA
"389",21,"2028","pd","Shedd","Chamise","blue oak",1.775,0.802346679569372,0.784514371810752,0.5174,80.5054151624549,NA,NA,102.273037741483,0.554666666666667,0.283,20.1,0.0140073690587484,5.44534520053716,71.449420658046,0.0112387660537896
"390",21,"2028","md","Shedd","Chamise","blue oak",3.2125,0.70353982300885,0.784514371810752,0.5174,69.6586074504514,NA,NA,89.6783855450597,0.554666666666667,0.283,20.1,0.0140073690587484,5.44534520053716,71.449420658046,0.00985474194841151
"391",21,"2029","pd","Shedd","Chamise","live oak",1.394,0.757697298572608,0.782296497053991,0.900666666666667,72.6539954224301,52.20700152207,NA,96.8555146834967,1.26966666666667,0.672,38.3756666666667,0.017576411961723,9.18906194485073,56.9277126121234,0.0133175998619968
"392",21,"2029","md","Shedd","Chamise","live oak",2.5555,0.755852842809365,0.782296497053991,0.900666666666667,69.527442254715,53.2108785419336,NA,96.6197401695894,1.26966666666667,0.672,38.3756666666667,0.017576411961723,9.18906194485073,56.9277126121234,0.0132851809476569
"393",21,"2030","md","Shedd","Chamise","live oak",2.02375,0.736526946107784,0.812102315945849,0.275633333333333,73.7012987012987,60.1307189542484,NA,90.6938610623166,1.0875,0.537,35.826,0.0148710309900582,8.85001578096426,67.2946363534758,0.0109529150405817
"394",21,"2030","pd","Shedd","Chamise","live oak",1.37625,0.608502082435732,0.812102315945849,0.275633333333333,74.4780699115577,62.6712328767123,NA,74.9292386547395,1.0875,0.537,35.826,0.0148710309900582,8.85001578096426,67.2946363534758,0.00904905332541669
"395",21,"2031","md","Shedd","Chamise","blue oak",2.971,0.701694915254237,0.865343109572547,0.6119,70.4772727272727,NA,NA,81.0886349578554,NA,NA,NA,NA,NA,NA,NA
"396",21,"2031","pd","Shedd","Chamise","blue oak",1.9125,0.842579611456038,0.865343109572547,0.6119,82.1908449100433,NA,NA,97.3694251604137,NA,NA,NA,NA,NA,NA,NA
"397",21,"2070","pd",NA,NA,NA,NA,NA,NA,NA,29.4416243654822,NA,NA,NA,NA,NA,NA,NA,NA,NA,NA
"398",21,"2077","pd",NA,NA,NA,NA,NA,NA,NA,162.121955206801,NA,NA,NA,NA,NA,NA,NA,NA,NA,NA
"399",21,"2085","md","Low","PineNeedle","blue oak",3.21666666666667,0.74587039390089,NA,NA,127.549852893102,NA,NA,NA,NA,NA,NA,NA,NA,NA,NA
"400",21,"2085","pd","Low","PineNeedle","blue oak",1.52,0.923076923076923,NA,NA,90.9009812667261,NA,NA,NA,NA,NA,NA,NA,NA,NA,NA
"401",21,"2086","md","Low","PineNeedle","blue oak",3.252,0.724043715846995,NA,NA,91.8885601577909,NA,NA,NA,NA,NA,NA,NA,NA,NA,NA
"402",21,"2086","pd","Low","PineNeedle","blue oak",1.55366666666667,0.963220675944334,NA,NA,91.0688140556369,NA,NA,NA,NA,NA,NA,NA,NA,NA,NA
"403",21,"2087","pd","Low","PineNeedle","blue oak",1.55,0.921966509939784,NA,NA,91.6484886257401,NA,NA,NA,NA,NA,NA,NA,NA,NA,NA
"404",21,"2087","md","Low","PineNeedle","blue oak",NA,NA,NA,NA,87.5989740158358,NA,NA,NA,NA,NA,NA,NA,NA,NA,NA
"405",21,"2088","md","Low","PineNeedle","blue oak",2.8935,0.793931731984829,NA,NA,93.7802907915993,NA,NA,NA,NA,NA,NA,NA,NA,NA,NA
"406",21,"2088","pd","Low","PineNeedle","blue oak",1.36766666666667,0.896942242355606,NA,NA,93.671963677639,NA,NA,NA,NA,NA,NA,NA,NA,NA,NA
"407",21,"2089","md","Low","PineNeedle","live oak",1.9712,0.636942675159236,NA,NA,86.7258443016019,69.7191584020762,NA,NA,NA,NA,NA,NA,NA,NA,NA
"408",21,"2089","pd","Low","PineNeedle","live oak",1.04466666666667,0.643410852713178,NA,NA,78.516228748068,66.5505226480836,NA,NA,NA,NA,NA,NA,NA,NA,NA
"409",21,"2090","md","Low","PineNeedle","blue oak",2.665,0.801724137931034,NA,NA,112.120567375887,NA,NA,NA,NA,NA,NA,NA,NA,NA,NA
"410",21,"2090","pd","Low","PineNeedle","blue oak",1.97875,0.935923653715065,NA,NA,81.4714971398514,NA,NA,NA,NA,NA,NA,NA,NA,NA,NA
"411",21,"2091","md","Low","PineNeedle","live oak",2.122,0.639518413597734,NA,NA,NA,69.8620896417329,NA,NA,NA,NA,NA,NA,NA,NA,NA
"412",21,"2091","pd","Low","PineNeedle","live oak",0.583666666666667,0.850193971948672,NA,NA,79.6875,62.5615763546798,NA,NA,NA,NA,NA,NA,NA,NA,NA
"413",21,"2092","md","Low","PineNeedle","live oak",2.2205,0.637333333333333,NA,NA,81.5599512515234,63.4741558649384,NA,NA,NA,NA,NA,NA,NA,NA,NA
"414",21,"2092","pd","Low","PineNeedle","live oak",1.09083333333333,0.64426651415499,NA,NA,79.7632820147726,61.7944475087332,NA,NA,NA,NA,NA,NA,NA,NA,NA
"415",21,"2093","md","Low","PineNeedle","live oak",2.7215,0.566548881036514,NA,NA,NA,64.4885627967199,NA,NA,NA,NA,NA,NA,NA,NA,NA
"416",21,"2093","md","Low","PineNeedle","live oak",2.7215,0.566548881036514,NA,NA,NA,71.1988304093567,NA,NA,NA,NA,NA,NA,NA,NA,NA
"417",21,"2093","pd","Low","PineNeedle","live oak",0.820833333333333,0.627290260366442,NA,NA,71.9049727017855,58.2408549116317,NA,NA,NA,NA,NA,NA,NA,NA,NA
"418",21,"2301","md","Hobbiton","LL","live oak",2.87666666666667,NA,NA,NA,NA,58.4203018244613,NA,NA,0.735666666666667,0.379333333333333,25.123,0.014968154105116,3.85120421540105,66.8751964699104,NA
"419",21,"2301","pd","Hobbiton","LL","live oak",1.5725,0.63527397260274,NA,NA,69.6151249155975,NA,NA,NA,0.735666666666667,0.379333333333333,25.123,0.014968154105116,3.85120421540105,66.8751964699104,0.00950887872088707
"420",21,"2331","md","Ridge","LL","live oak",2.64,NA,0.851761554002435,0.762733333333333,NA,54.1440743609605,NA,NA,0.1098,0.0588,2.6762,0.0205389805764719,0.650781634597013,48.9631884057971,NA
"421",21,"2331","pd","Ridge","LL","live oak",1.898,0.610305958132045,0.851761554002435,0.762733333333333,102.691924227318,77.2361571225745,NA,71.6522077410294,0.1098,0.0588,2.6762,0.0205389805764719,0.650781634597013,48.9631884057971,0.0125350622197791
"422",21,"2343","pd","Hobbiton","LL","blue oak",1.9245,1.24627875507442,0.861803443841972,0.786433333333333,62.2636519899511,NA,NA,144.612877098568,1.28633333333333,0.639333333333333,NA,NA,NA,NA,NA
"423",21,"2345","pd","Hobbiton","LL","live oak",0.716,0.678082191780822,NA,NA,113.23155216285,81.2320092112838,NA,NA,NA,NA,52.6563333333333,NA,NA,NA,NA
"424",21,"2345","md","Hobbiton","LL","live oak",2.16975,0.58410480349345,NA,NA,NA,59.9590163934426,NA,NA,NA,NA,52.6563333333333,NA,NA,NA,NA
"425",21,"2346","md","Hobbiton","LL","blue oak",3.3165,0.674863387978142,1.03804728399715,0.395133333333333,63.8433228180862,NA,NA,65.0127791269278,0.277666666666667,0.137,10.1726666666667,0.0133466707232087,4.88927194477745,75.1048222178244,0.00900717942249328
"426",21,"2346","pd","Hobbiton","LL","blue oak",2.0605,0.819505094614265,1.03804728399715,0.395133333333333,91.4587458745875,NA,NA,78.9467982092917,0.277666666666667,0.137,10.1726666666667,0.0133466707232087,4.88927194477745,75.1048222178244,0.0109376646538086
"427",21,"2347","pd","Hobbiton","LL","blue oak",1.934,0.917211328976035,1.01882480667447,0.625933333333333,110.489236790607,NA,NA,90.0264032606244,0.608333333333333,0.278,20.2826666666667,0.013623789711923,6.80606235816497,73.4487518994336,0.0124958942673629
"428",21,"2347","md","Hobbiton","LL","blue oak",2.86,0.818181818181818,1.01882480667447,0.625933333333333,84.7755367599219,NA,NA,80.3064288209111,0.608333333333333,0.278,20.2826666666667,0.013623789711923,6.80606235816497,73.4487518994336,0.0111467370370279
"429",21,"2352","md","MiddleEarth","LL","live oak",4.1634,0.457358870967742,NA,NA,NA,46.3587684069612,NA,NA,NA,NA,NA,NA,NA,NA,NA
"430",21,"2352","pd","MiddleEarth","LL","live oak",1.412,0.542130365659777,NA,NA,NA,84.0474150242788,NA,NA,NA,NA,NA,NA,NA,NA,NA
"431",21,"2354","md","MiddleEarth","LL","live oak",3.67633333333333,NA,NA,NA,NA,54.7470331043098,NA,NA,NA,NA,NA,NA,NA,NA,NA
"432",21,"2354","md","MiddleEarth","LL","live oak",3.67633333333333,NA,NA,NA,NA,57.6234567901235,NA,NA,NA,NA,NA,NA,NA,NA,NA
"433",21,"2354","pd","MiddleEarth","LL","live oak",1.3375,0.5995115995116,NA,NA,NA,24.615,NA,NA,NA,NA,NA,NA,NA,NA,NA
"434",21,"2360","md","MiddleEarth","LL","blue oak",3.27725,0.707836990595611,0.991569144923636,0.8537,71.0935143288084,NA,NA,71.3855402035653,1.06733333333333,0.528,38.6573333333333,0.0136197455806765,5.14407334300159,73.4430641499799,0.00964055972450393
"435",21,"2365","md","MiddleEarth","LL","blue oak",2.97266666666667,0.770127504553734,0.971485092473096,0.3961,73.280977312391,NA,NA,79.273218963477,0.716333333333333,0.356,NA,NA,NA,NA,NA
"436",21,"2365","pd","MiddleEarth","LL","blue oak",1.87766666666667,0.847133757961783,0.971485092473096,0.3961,166.305890702626,NA,NA,87.1998720850411,0.716333333333333,0.356,NA,NA,NA,NA,NA
"437",21,"2367","md","MiddleEarth","LL","blue oak",2.96033333333333,0.728358208955224,0.964622726117697,0.3621,74.944,NA,NA,75.5070546478453,0.746666666666667,0.328,21.54,0.0152293049162157,4.94348164444719,65.691540349138,0.0110923892524078
"438",21,"2367","pd","MiddleEarth","LL","blue oak",2.01425,0.814159292035398,0.964622726117697,0.3621,108.585209003215,NA,NA,84.4018360745173,0.746666666666667,0.328,21.54,0.0152293049162157,4.94348164444719,65.691540349138,0.0123990801087774
"439",21,"2369","pd","MiddleEarth","LL","blue oak",1.898,0.835518474374255,0.889238236358177,0.597733333333333,136.871633752244,NA,NA,93.9589010247773,0.620333333333333,0.341666666666667,NA,NA,NA,NA,NA
"440",21,"2370","pd","Weathertop","LL","blue oak",1.92933333333333,0.690821256038647,1.11726572323184,0.2998,99.2350691379818,NA,NA,61.8314194800815,0.526,0.261333333333333,16.9866666666667,0.0153980844721982,6.16213518514132,64.9490565870345,0.0106373240556731
"441",21,"2370","md","Weathertop","LL","blue oak",3.2,NA,1.11726572323184,0.2998,82.535046728972,NA,NA,NA,0.526,0.261333333333333,16.9866666666667,0.0153980844721982,6.16213518514132,64.9490565870345,NA
"442",21,"2371","md","Weathertop","LL","blue oak",2.55666666666667,NA,0.895770322347498,0.4201,77.0657672849916,NA,NA,NA,0.746666666666667,0.330333333333333,24.7693333333333,0.0132979939546231,5.3206440434747,75.2355979428809,NA
"443",21,"2371","pd","Weathertop","LL","blue oak",1.5165,0.864904552129222,0.895770322347498,0.4201,131.180312201338,NA,NA,96.554276308531,0.746666666666667,0.330333333333333,24.7693333333333,0.0132979939546231,5.3206440434747,75.2355979428809,0.0115014955055404
"444",21,"2372","pd","Weathertop","LL","blue oak",1.78833333333333,0.883656509695291,0.87079969359467,0.49965,88.3221669908508,NA,NA,101.476437830099,1.003,0.494333333333333,33.3433333333333,0.0147981468539721,5.34371782577778,67.5963675999702,0.0130764787989393
"445",21,"2372","md","Weathertop","LL","blue oak",2.18,NA,0.87079969359467,0.49965,70.4167221408601,NA,NA,NA,1.003,0.494333333333333,33.3433333333333,0.0147981468539721,5.34371782577778,67.5963675999702,NA
"446",21,"2375","pd","Hobbiton","LL","blue oak",1.69933333333333,0.851851851851852,1.0692774463686,0.478666666666667,98.7134360966137,NA,NA,79.6661198405376,0.825333333333333,0.389,24.9263333333333,0.015567602085558,3.92955606688017,64.2540569883176,0.0132612906654753
"447",21,"2375","md","Hobbiton","LL","blue oak",3.442,0.763187588152327,1.0692774463686,0.478666666666667,74.6327319587629,NA,NA,71.3741406165636,0.825333333333333,0.389,24.9263333333333,0.015567602085558,3.92955606688017,64.2540569883176,0.0118810006889921
"448",21,"2376","md","MiddleEarth","LL","live oak",2.35,0.58600129617628,NA,NA,NA,61.2740899357602,NA,NA,NA,NA,NA,NA,NA,NA,NA
"449",21,"2376","pd","MiddleEarth","LL","live oak",1.2044,0.659090909090909,NA,NA,NA,33.879474806419,NA,NA,NA,NA,NA,NA,NA,NA,NA
"450",21,"2377","md","MiddleEarth","LL","live oak",1.61575,0.56870026525199,1.25901639344262,0.0768,72.2413793103448,55.8978873239437,NA,45.1702033598587,NA,NA,NA,NA,NA,NA,NA
"451",21,"2377","pd","MiddleEarth","LL","live oak",0.905666666666667,0.547619047619048,1.25901639344262,0.0768,NA,29.8003237992445,NA,43.4957837301589,NA,NA,NA,NA,NA,NA,NA
"452",21,"2377","md","MiddleEarth","LL","live oak",1.61575,0.56870026525199,1.25901639344262,0.0768,72.2413793103448,48.6038011695906,NA,45.1702033598587,NA,NA,NA,NA,NA,NA,NA
"453",21,"2378","pd","MiddleEarth","LL","blue oak",1.70233333333333,0.856899488926746,1.03678588637324,0.512533333333333,123.947647683056,NA,NA,82.6496097399865,1.06063333333333,0.497666666666667,37.2696666666667,0.0131273103184667,3.69856162681067,76.411635170984,0.0112487855028769
"454",21,"2378","md","MiddleEarth","LL","blue oak",3.192,0.760397830018083,1.03678588637324,0.512533333333333,75.4483695652174,NA,NA,73.3418384656077,1.06063333333333,0.497666666666667,37.2696666666667,0.0131273103184667,3.69856162681067,76.411635170984,0.00998197828013609
"455",21,"2379","pd","MiddleEarth","LL","blue oak",2.286,0.880687563195147,1.03565286002976,0.596266666666667,170.981459431876,NA,NA,85.0369459868863,0.667,0.309666666666667,22.2376666666667,0.0138722259176587,3.74461581305717,72.1382246376812,0.0122170968395154
"456",21,"2379","md","MiddleEarth","LL","blue oak",3.3255,0.698007033997655,1.03565286002976,0.596266666666667,69.6957123098202,NA,NA,67.3977797905757,0.667,0.309666666666667,22.2376666666667,0.0138722259176587,3.74461581305717,72.1382246376812,0.00968291126773032
"457",21,"2380","md","MiddleEarth","LL","live oak",3.78,0.567164179104478,0.86862093520057,0.0221,NA,54.987732631201,NA,65.294785805907,NA,NA,NA,NA,NA,NA,NA
"458",21,"2380","pd","MiddleEarth","LL","live oak",0.850333333333333,0.621621621621622,0.86862093520057,0.0221,84.2567707256564,173.551769331586,NA,71.5641998057629,NA,NA,NA,NA,NA,NA,NA
"459",21,"2381","md","Weathertop","LL","blue oak",2.6365,0.747482571649884,1.00039344627889,0.55885,75.039603960396,NA,NA,74.718859307831,0.905333333333333,0.439,26.5586666666667,0.0165341920048962,4.62284762696577,60.4963262178243,0.0123590203599727
"460",21,"2382","pd","Weathertop","LL","blue oak",1.366,0.758664955070603,6.85522648150996,0.602066666666667,98.2996528086887,NA,NA,11.0669568265452,0.930333333333333,0.459333333333333,29.2296666666667,0.0156960769791314,4.423424245074,63.9542579661655,0.0119080635361575
"461",21,"2382","md","Weathertop","LL","blue oak",3.88833333333333,0.630057388809182,6.85522648150996,0.602066666666667,65.3261600537996,NA,NA,9.19090551579271,0.930333333333333,0.459333333333333,29.2296666666667,0.0156960769791314,4.423424245074,63.9542579661655,0.00988942927601946
"462",21,"2383","pd","Weathertop","LL","blue oak",1.53225,0.649484536082474,NA,NA,24.5155855096883,NA,NA,NA,0.604333333333333,0.313333333333333,NA,NA,NA,NA,NA
"463",21,"2383","md","Weathertop","LL","blue oak",3.34333333333333,NA,NA,NA,71.5020723167072,NA,NA,NA,0.604333333333333,0.313333333333333,NA,NA,NA,NA,NA
"464",21,"2384","pd","Weathertop","LL","blue oak",1.2535,0.764705882352941,0.856492966968664,0.381033333333333,105.163043478261,NA,NA,89.283381398848,0.458333333333333,0.227,14.3456666666667,0.0158384428302646,3.13255245975887,63.1860675633499,0.0121117503996141
"465",21,"2384","md","Weathertop","LL","blue oak",3.01666666666667,NA,0.856492966968664,0.381033333333333,73.2066217044758,NA,NA,NA,0.458333333333333,0.227,14.3456666666667,0.0158384428302646,3.13255245975887,63.1860675633499,NA
"466",21,"2387","pd",NA,NA,NA,NA,NA,NA,NA,108.886686488272,NA,NA,NA,NA,NA,NA,NA,NA,NA,NA
"467",21,"30","md",NA,NA,NA,NA,NA,NA,NA,277.676311030741,NA,NA,NA,NA,NA,NA,NA,NA,NA,NA
"468",21,"30","md",NA,NA,NA,NA,NA,NA,NA,278.635642517187,NA,NA,NA,NA,NA,NA,NA,NA,NA,NA
"469",21,"30","md",NA,NA,NA,NA,NA,NA,NA,-72.2455396996709,NA,NA,NA,NA,NA,NA,NA,NA,NA,NA
"470",21,"30","md",NA,NA,NA,NA,NA,NA,NA,353.251533742331,NA,NA,NA,NA,NA,NA,NA,NA,NA,NA
"471",21,"40","md",NA,NA,NA,NA,NA,NA,NA,231.428571428571,NA,NA,NA,NA,NA,NA,NA,NA,NA,NA
"472",21,"40","md",NA,NA,NA,NA,NA,NA,NA,269.062253743105,NA,NA,NA,NA,NA,NA,NA,NA,NA,NA
"473",21,"40","md",NA,NA,NA,NA,NA,NA,NA,235.679012345679,NA,NA,NA,NA,NA,NA,NA,NA,NA,NA
"474",22,"11","md",NA,NA,NA,NA,NA,NA,NA,156.811499509964,NA,NA,NA,NA,NA,NA,NA,NA,NA,NA
"475",22,"11","md",NA,NA,NA,NA,NA,NA,NA,119.91341991342,NA,NA,NA,NA,NA,NA,NA,NA,NA,NA
"476",22,"11","md",NA,NA,NA,NA,NA,NA,NA,278.609127600124,NA,NA,NA,NA,NA,NA,NA,NA,NA,NA
"477",22,"30","md",NA,NA,NA,NA,NA,NA,NA,267.025733093956,NA,NA,NA,NA,NA,NA,NA,NA,NA,NA
"478",22,"30","md",NA,NA,NA,NA,NA,NA,NA,331.467698719857,NA,NA,NA,NA,NA,NA,NA,NA,NA,NA
"479",22,"30","md",NA,NA,NA,NA,NA,NA,NA,302.758406942507,NA,NA,NA,NA,NA,NA,NA,NA,NA,NA
"480",22,"30","md",NA,NA,NA,NA,NA,NA,NA,321.068433585257,NA,NA,NA,NA,NA,NA,NA,NA,NA,NA
"481",22,"40","md",NA,NA,NA,NA,NA,NA,NA,131.265367883488,NA,NA,NA,NA,NA,NA,NA,NA,NA,NA
"482",22,"40","md",NA,NA,NA,NA,NA,NA,NA,224.214402618658,NA,NA,NA,NA,NA,NA,NA,NA,NA,NA
