"","tag","date","new_leaves_0_10","new_pheno","tree"
"1","2352.0",2022-02-18,NA,NA,2352
"2","2353.0",2022-02-18,NA,NA,2353
"3","2354.0",2022-02-18,NA,NA,2354
"4","2355.0",2022-02-18,"1","1",2355
"5","ot",2022-02-18,NA,NA,NA
"6","2356.0",2022-02-18,"0","0",2356
"7","2357.0",2022-02-18,"3","3",2357
"8","ot",2022-02-18,NA,NA,NA
"9","2358.0",2022-02-18,"2","2",2358
"10","2359.0",2022-02-18,"2","2",2359
"11","ot",2022-02-18,NA,NA,NA
"12","2360.0",2022-02-18,"5","5",2360
"13","2361.0",2022-02-18,"0","0",2361
"14","ot",2022-02-18,NA,NA,NA
"15","2362.0",2022-02-18,"44687","44687",2362
"16","2363.0",2022-02-18,"0","0",2363
"17","2364.0",2022-02-18,"0","0",2364
"18","2365.0",2022-02-18,"1","1",2365
"19","2366.0",2022-02-18,"0","0",2366
"20","ot",2022-02-18,NA,NA,NA
"21","2367.0",2022-02-18,"0","0",2367
"22","ot",2022-02-18,NA,NA,NA
"23","ot",2022-02-18,NA,NA,NA
"24","2369.0",2022-02-18,"0","0",2369
"25","2376.0",2022-02-18,NA,NA,2376
"26","2377.0",2022-02-18,NA,NA,2377
"27","2378.0",2022-02-18,NA,NA,2378
"28","2379.0",2022-02-18,NA,NA,2379
"29","2380.0",2022-02-18,NA,NA,2380
"30","2337.0",2022-02-18,"0","0",2337
"31","2338.0",2022-02-18,"0","0",2338
"32","2339.0",2022-02-18,"0","0",2339
"33","2340.0",2022-02-18,"0","0",2340
"34","2341.0",2022-02-18,"0","0",2341
"35","2342.0",2022-02-18,"0","0",2342
"36","2343.0",2022-02-18,"0","0",2343
"37","missing",2022-02-18,NA,NA,NA
"38","2344.0",2022-02-18,NA,NA,2344
"39","missing",2022-02-18,NA,NA,NA
"40","2345.0",2022-02-18,NA,NA,2345
"41","2346.0",2022-02-18,"0","0",2346
"42","2347.0",2022-02-18,"0","0",2347
"43","2348.0",2022-02-18,"0","0",2348
"44","2349.0",2022-02-18,"0","0",2349
"45","2350.0",2022-02-18,"0","0",2350
"46","2351.0",2022-02-18,"0","0",2351
"47","2375.0",2022-02-18,NA,NA,2375
"48","2310.0",2022-02-18,"0","0",2310
"49","2311.0",2022-02-18,"0","0",2311
"50","2312.0",2022-02-18,"1","1",2312
"51","2313.0",2022-02-18,"0","0",2313
"52","2314.0",2022-02-18,"0","0",2314
"53","2315.0",2022-02-18,NA,NA,2315
"54","2316.0",2022-02-18,NA,NA,2316
"55","2317.0",2022-02-18,"0","0",2317
"56","2318.0",2022-02-18,"0","0",2318
"57","2319.0",2022-02-18,"0","0",2319
"58","2320.0",2022-02-18,NA,NA,2320
"59","2321.0",2022-02-18,"0","0",2321
"60","2322.0",2022-02-18,NA,NA,2322
"61","2323.0",2022-02-18,NA,NA,2323
"62","2324.0",2022-02-18,"0","0",2324
"63","2325.0",2022-02-18,"0","0",2325
"64","2327.0",2022-02-18,"1","1",2327
"65","2326.0",2022-02-18,"1","1",2326
"66","2328.0",2022-02-18,NA,NA,2328
"67","2329.0",2022-02-18,"0","0",2329
"68","2330.0",2022-02-18,"0","0",2330
"69","2331.0",2022-02-18,NA,NA,2331
"70","2332.0",2022-02-18,"0","0",2332
"71","2333.0",2022-02-18,"0","0",2333
"72","2334.0",2022-02-18,"0","0",2334
"73","2336.0",2022-02-18,"0","0",2336
"74","2335.0",2022-02-18,"0","0",2335
"75","2374.0",2022-02-18,NA,NA,2374
"76","2301.0",2022-02-18,NA,NA,2301
"77","2302.0",2022-02-18,"0","0",2302
"78","2303.0",2022-02-18,"0","0",2303
"79","2304.0",2022-02-18,"0","0",2304
"80","2305.0",2022-02-18,"1","1",2305
"81","2306.0",2022-02-18,"0","0",2306
"82","2307.0",2022-02-18,"0","0",2307
"83","2308.0",2022-02-18,"0","0",2308
"84","2309.0",2022-02-18,"0","0",2309
"85","2370.0",2022-02-18,NA,NA,2370
"86","2371.0",2022-02-18,NA,NA,2371
"87","2372.0",2022-02-18,NA,NA,2372
"88","2373.0",2022-02-18,NA,NA,2373
"89","2381.0",2022-02-18,NA,NA,2381
"90","2382.0",2022-02-18,NA,NA,2382
"91","2383.0",2022-02-18,NA,NA,2383
"92","2384.0",2022-02-18,NA,NA,2384
"93","2004.0",2022-02-18,NA,NA,2004
"94","2005.0",2022-02-18,NA,NA,2005
"95","2006.0",2022-02-18,NA,NA,2006
"96","2007.0",2022-02-18,NA,NA,2007
"97","LL-LEU",2022-02-18,NA,NA,NA
"98","Chamise-LEU",2022-02-18,NA,NA,NA
"99","Cucu-LEU",2022-02-18,NA,NA,NA
"100","LL-ARCA",2022-02-18,NA,NA,NA
"101","Chamise-ARCA",2022-02-18,NA,NA,NA
"102","Cucu-ARCA",2022-02-18,NA,NA,NA
"103","2093.0",2022-02-18,NA,NA,2093
"104","2092.0",2022-02-18,NA,NA,2092
"105","2091.0",2022-02-18,NA,NA,2091
"106","2090.0",2022-02-18,NA,NA,2090
"107","2089.0",2022-02-18,NA,NA,2089
"108","2088.0",2022-02-18,NA,NA,2088
"109","2087.0",2022-02-18,NA,NA,2087
"110","2086.0",2022-02-18,NA,NA,2086
"111","2085.0",2022-02-18,NA,NA,2085
"112","2020.0",2022-02-18,NA,NA,2020
"113","2021.0",2022-02-18,NA,NA,2021
"114","2022.0",2022-02-18,NA,NA,2022
"115","2023.0",2022-02-18,NA,NA,2023
"116","2024.0",2022-02-18,NA,NA,2024
"117","2025.0",2022-02-18,NA,NA,2025
"118","2026.0",2022-02-18,NA,NA,2026
"119","2027.0",2022-02-18,NA,NA,2027
"120","2028.0",2022-02-18,NA,NA,2028
"121","2029.0",2022-02-18,NA,NA,2029
"122","2030.0",2022-02-18,NA,NA,2030
"123","2031.0",2022-02-18,NA,NA,2031
"124","2012.0",2022-02-18,NA,NA,2012
"125","2013.0",2022-02-18,NA,NA,2013
"126","2014.0",2022-02-18,NA,NA,2014
"127","2015.0",2022-02-18,NA,NA,2015
"128","1478.0",2022-02-18,NA,NA,1478
"129","2011.0",2022-02-18,NA,NA,2011
"130","2010.0",2022-02-18,NA,NA,2010
"131","2009.0",2022-02-18,NA,NA,2009
"132","2008.0",2022-02-18,NA,NA,2008
"133","2352.0",2022-02-28,NA,NA,2352
"134","2353.0",2022-02-28,NA,NA,2353
"135","2354.0",2022-02-28,NA,NA,2354
"136","2355.0",2022-02-28,"2","2",2355
"137","ot",2022-02-28,NA,NA,NA
"138","2356.0",2022-02-28,"2","2",2356
"139","2357.0",2022-02-28,"4","4",2357
"140","ot",2022-02-28,NA,NA,NA
"141","2358.0",2022-02-28,"3","3",2358
"142","2359.0",2022-02-28,"3","3",2359
"143","ot",2022-02-28,NA,NA,NA
"144","2360.0",2022-02-28,"5","5",2360
"145","2361.0",2022-02-28,"2","2",2361
"146","ot",2022-02-28,NA,NA,NA
"147","2362.0",2022-02-28,"6","6",2362
"148","2363.0",2022-02-28,"2","2",2363
"149","2364.0",2022-02-28,"1","1",2364
"150","2365.0",2022-02-28,"3","3",2365
"151","2366.0",2022-02-28,"2","2",2366
"152","ot",2022-02-28,NA,NA,NA
"153","2367.0",2022-02-28,"1","1",2367
"154","ot",2022-02-28,NA,NA,NA
"155","ot",2022-02-28,NA,NA,NA
"156","2369.0",2022-02-28,"0","0",2369
"157","2376.0",2022-02-28,NA,NA,2376
"158","2377.0",2022-02-28,NA,NA,2377
"159","2378.0",2022-02-28,"6","6",2378
"160","2379.0",2022-02-28,"7","7",2379
"161","2380.0",2022-02-28,NA,NA,2380
"162","2337.0",2022-02-28,NA,NA,2337
"163","2338.0",2022-02-28,NA,NA,2338
"164","2339.0",2022-02-28,NA,NA,2339
"165","2340.0",2022-02-28,NA,NA,2340
"166","2341.0",2022-02-28,NA,NA,2341
"167","2342.0",2022-02-28,NA,NA,2342
"168","2343.0",2022-02-28,"2","2",2343
"169","missing",2022-02-28,NA,NA,NA
"170","2344.0",2022-02-28,NA,NA,2344
"171","missing",2022-02-28,NA,NA,NA
"172","2345.0",2022-02-28,NA,NA,2345
"173","2346.0",2022-02-28,"0","0",2346
"174","2347.0",2022-02-28,"0","0",2347
"175","2348.0",2022-02-28,"0","0",2348
"176","2349.0",2022-02-28,"0","0",2349
"177","2350.0",2022-02-28,"0","0",2350
"178","2351.0",2022-02-28,"0","0",2351
"179","2375.0",2022-02-28,"0","0",2375
"180","2310.0",2022-02-28,NA,NA,2310
"181","2311.0",2022-02-28,NA,NA,2311
"182","2312.0",2022-02-28,NA,NA,2312
"183","2313.0",2022-02-28,NA,NA,2313
"184","2314.0",2022-02-28,NA,NA,2314
"185","2315.0",2022-02-28,NA,NA,2315
"186","2316.0",2022-02-28,NA,NA,2316
"187","2317.0",2022-02-28,NA,NA,2317
"188","2318.0",2022-02-28,NA,NA,2318
"189","2319.0",2022-02-28,NA,NA,2319
"190","2320.0",2022-02-28,NA,NA,2320
"191","2321.0",2022-02-28,NA,NA,2321
"192","2322.0",2022-02-28,NA,NA,2322
"193","2323.0",2022-02-28,NA,NA,2323
"194","2324.0",2022-02-28,NA,NA,2324
"195","2325.0",2022-02-28,NA,NA,2325
"196","2327.0",2022-02-28,NA,NA,2327
"197","2326.0",2022-02-28,NA,NA,2326
"198","2328.0",2022-02-28,NA,NA,2328
"199","2329.0",2022-02-28,NA,NA,2329
"200","2330.0",2022-02-28,NA,NA,2330
"201","2331.0",2022-02-28,NA,NA,2331
"202","2332.0",2022-02-28,"1","1",2332
"203","2333.0",2022-02-28,"0","0",2333
"204","2334.0",2022-02-28,"0","0",2334
"205","2336.0",2022-02-28,"0","0",2336
"206","2335.0",2022-02-28,"0","0",2335
"207","2374.0",2022-02-28,"2","2",2374
"208","2301.0",2022-02-28,NA,NA,2301
"209","2302.0",2022-02-28,"1","1",2302
"210","2303.0",2022-02-28,"0","0",2303
"211","2304.0",2022-02-28,"0","0",2304
"212","2305.0",2022-02-28,"1","1",2305
"213","2306.0",2022-02-28,"0","0",2306
"214","2307.0",2022-02-28,"0","0",2307
"215","2308.0",2022-02-28,"0","0",2308
"216","2309.0",2022-02-28,"0","0",2309
"217","2370.0",2022-02-28,"0","0",2370
"218","2371.0",2022-02-28,"0","0",2371
"219","2372.0",2022-02-28,"0","0",2372
"220","2373.0",2022-02-28,"1","1",2373
"221","2381.0",2022-02-28,"3","3",2381
"222","2382.0",2022-02-28,"6","6",2382
"223","2383.0",2022-02-28,"7","7",2383
"224","2384.0",2022-02-28,NA,NA,2384
"225","2352.0",2022-03-15,NA,NA,2352
"226","2353.0",2022-03-15,NA,NA,2353
"227","2354.0",2022-03-15,NA,NA,2354
"228","2355.0",2022-03-15,NA,NA,2355
"229","ot",2022-03-15,NA,NA,NA
"230","2356.0",2022-03-15,NA,NA,2356
"231","2357.0",2022-03-15,NA,NA,2357
"232","ot",2022-03-15,NA,NA,NA
"233","2358.0",2022-03-15,NA,NA,2358
"234","2359.0",2022-03-15,NA,NA,2359
"235","ot",2022-03-15,NA,NA,NA
"236","2360.0",2022-03-15,NA,NA,2360
"237","2361.0",2022-03-15,NA,NA,2361
"238","ot",2022-03-15,NA,NA,NA
"239","2362.0",2022-03-15,NA,NA,2362
"240","2363.0",2022-03-15,NA,NA,2363
"241","2364.0",2022-03-15,NA,NA,2364
"242","2365.0",2022-03-15,"2","2",2365
"243","2366.0",2022-03-15,"2","2",2366
"244","ot",2022-03-15,NA,NA,NA
"245","2367.0",2022-03-15,"2","2",2367
"246","ot",2022-03-15,NA,NA,NA
"247","ot",2022-03-15,NA,NA,NA
"248","2369.0",2022-03-15,"3","3",2369
"249","2376.0",2022-03-15,NA,NA,2376
"250","2377.0",2022-03-15,NA,NA,2377
"251","2378.0",2022-03-15,"7","7",2378
"252","2379.0",2022-03-15,"7","7",2379
"253","2380.0",2022-03-15,NA,NA,2380
"254","2337.0",2022-03-15,NA,NA,2337
"255","2338.0",2022-03-15,NA,NA,2338
"256","2339.0",2022-03-15,NA,NA,2339
"257","2340.0",2022-03-15,NA,NA,2340
"258","2341.0",2022-03-15,NA,NA,2341
"259","2342.0",2022-03-15,NA,NA,2342
"260","2343.0",2022-03-15,"3","3",2343
"261","missing",2022-03-15,NA,NA,NA
"262","2344.0",2022-03-15,NA,NA,2344
"263","missing",2022-03-15,NA,NA,NA
"264","2345.0",2022-03-15,NA,NA,2345
"265","2346.0",2022-03-15,NA,NA,2346
"266","2347.0",2022-03-15,"1","1",2347
"267","2348.0",2022-03-15,NA,NA,2348
"268","2349.0",2022-03-15,"2","2",2349
"269","2350.0",2022-03-15,NA,NA,2350
"270","2351.0",2022-03-15,NA,NA,2351
"271","2375.0",2022-03-15,NA,NA,2375
"272","2310.0",2022-03-15,NA,NA,2310
"273","2311.0",2022-03-15,NA,NA,2311
"274","2312.0",2022-03-15,NA,NA,2312
"275","2313.0",2022-03-15,NA,NA,2313
"276","2314.0",2022-03-15,NA,NA,2314
"277","2315.0",2022-03-15,NA,NA,2315
"278","2316.0",2022-03-15,NA,NA,2316
"279","2317.0",2022-03-15,NA,NA,2317
"280","2318.0",2022-03-15,NA,NA,2318
"281","2319.0",2022-03-15,NA,NA,2319
"282","2320.0",2022-03-15,NA,NA,2320
"283","2321.0",2022-03-15,NA,NA,2321
"284","2322.0",2022-03-15,NA,NA,2322
"285","2323.0",2022-03-15,NA,NA,2323
"286","2324.0",2022-03-15,NA,NA,2324
"287","2325.0",2022-03-15,NA,NA,2325
"288","2327.0",2022-03-15,NA,NA,2327
"289","2326.0",2022-03-15,NA,NA,2326
"290","2328.0",2022-03-15,NA,NA,2328
"291","2329.0",2022-03-15,NA,NA,2329
"292","2330.0",2022-03-15,NA,NA,2330
"293","2331.0",2022-03-15,NA,NA,2331
"294","2332.0",2022-03-15,NA,NA,2332
"295","2333.0",2022-03-15,NA,NA,2333
"296","2334.0",2022-03-15,NA,NA,2334
"297","2336.0",2022-03-15,NA,NA,2336
"298","2335.0",2022-03-15,NA,NA,2335
"299","2374.0",2022-03-15,NA,NA,2374
"300","2301.0",2022-03-15,NA,NA,2301
"301","2302.0",2022-03-15,NA,NA,2302
"302","2303.0",2022-03-15,NA,NA,2303
"303","2304.0",2022-03-15,NA,NA,2304
"304","2305.0",2022-03-15,NA,NA,2305
"305","2306.0",2022-03-15,NA,NA,2306
"306","2307.0",2022-03-15,NA,NA,2307
"307","2308.0",2022-03-15,NA,NA,2308
"308","2309.0",2022-03-15,NA,NA,2309
"309","2370.0",2022-03-15,NA,NA,2370
"310","2371.0",2022-03-15,"1","1",2371
"311","2372.0",2022-03-15,"2","2",2372
"312","2373.0",2022-03-15,"2","2",2373
"313","2381.0",2022-03-15,"8","8",2381
"314","2382.0",2022-03-15,"8","8",2382
"315","2383.0",2022-03-15,NA,NA,2383
"316","2384.0",2022-03-15,"7","7",2384
"317","2004.0",2022-03-15,"8","8",2004
"318","2005.0",2022-03-15,"9","9",2005
"319","2006.0",2022-03-15,"8","8",2006
"320","2007.0",2022-03-15,"7","7",2007
"321","Cucu-LEU",2022-03-15,NA,NA,NA
"322","Chamise-ARCA",2022-03-15,NA,NA,NA
"323","Cucu-ARCA",2022-03-15,NA,NA,NA
"324","2093.0",2022-03-15,NA,NA,2093
"325","2092.0",2022-03-15,NA,NA,2092
"326","2091.0",2022-03-15,NA,NA,2091
"327","2090.0",2022-03-15,"4","4",2090
"328","2089.0",2022-03-15,NA,NA,2089
"329","2088.0",2022-03-15,"4","4",2088
"330","2087.0",2022-03-15,"3","3",2087
"331","2086.0",2022-03-15,"2","2",2086
"332","2085.0",2022-03-15,"1","1",2085
"333","2020.0",2022-03-15,"7","7",2020
"334","2021.0",2022-03-15,"6","6",2021
"335","2022.0",2022-03-15,NA,NA,2022
"336","2023.0",2022-03-15,NA,NA,2023
"337","2024.0",2022-03-15,"8","8",2024
"338","2025.0",2022-03-15,"7","7",2025
"339","2026.0",2022-03-15,"6","6",2026
"340","2027.0",2022-03-15,"7","7",2027
"341","2028.0",2022-03-15,NA,NA,2028
"342","2029.0",2022-03-15,NA,NA,2029
"343","2030.0",2022-03-15,NA,NA,2030
"344","2031.0",2022-03-15,NA,NA,2031
"345","2012.0",2022-03-15,NA,NA,2012
"346","2013.0",2022-03-15,NA,NA,2013
"347","2014.0",2022-03-15,NA,NA,2014
"348","2015.0",2022-03-15,NA,NA,2015
"349","1478.0",2022-03-15,NA,NA,1478
"350","2352.0",2022-03-25,"7","7",2352
"351","2353.0",2022-03-25,"9","9",2353
"352","2354.0",2022-03-25,"2","2",2354
"353","2355.0",2022-03-25,"7","7",2355
"354","ot",2022-03-25,NA,NA,NA
"355","2356.0",2022-03-25,"8","8",2356
"356","2357.0",2022-03-25,"10","10",2357
"357","ot",2022-03-25,NA,NA,NA
"358","2358.0",2022-03-25,"7","7",2358
"359","2359.0",2022-03-25,"9","9",2359
"360","ot",2022-03-25,NA,NA,NA
"361","2360.0",2022-03-25,"10","10",2360
"362","2361.0",2022-03-25,"10","10",2361
"363","ot",2022-03-25,NA,NA,NA
"364","2362.0",2022-03-25,"10","10",2362
"365","2363.0",2022-03-25,"10","10",2363
"366","2364.0",2022-03-25,"9","9",2364
"367","2365.0",2022-03-25,"9","9",2365
"368","2366.0",2022-03-25,"8","8",2366
"369","ot",2022-03-25,NA,NA,NA
"370","2367.0",2022-03-25,"9","9",2367
"371","ot",2022-03-25,NA,NA,NA
"372","ot",2022-03-25,NA,NA,NA
"373","2369.0",2022-03-25,"9","9",2369
"374","2376.0",2022-03-25,"1","1",2376
"375","2377.0",2022-03-25,"5","5",2377
"376","2378.0",2022-03-25,"9","9",2378
"377","2379.0",2022-03-25,"10","10",2379
"378","2380.0",2022-03-25,"3","3",2380
"379","2337.0",2022-03-25,"6","6",2337
"380","2338.0",2022-03-25,"6","6",2338
"381","2339.0",2022-03-25,"5","5",2339
"382","2340.0",2022-03-25,"4","4",2340
"383","2341.0",2022-03-25,"5","5",2341
"384","2342.0",2022-03-25,"5","5",2342
"385","2343.0",2022-03-25,"7","7",2343
"386","missing",2022-03-25,NA,NA,NA
"387","2344.0",2022-03-25,"5","5",2344
"388","missing",2022-03-25,NA,NA,NA
"389","2345.0",2022-03-25,"0","0",2345
"390","2346.0",2022-03-25,"4","4",2346
"391","2347.0",2022-03-25,"6","6",2347
"392","2348.0",2022-03-25,"6","6",2348
"393","2349.0",2022-03-25,"6","6",2349
"394","2350.0",2022-03-25,"4","4",2350
"395","2351.0",2022-03-25,NA,NA,2351
"396","2375.0",2022-03-25,"5","5",2375
"397","2310.0",2022-03-25,"7","7",2310
"398","2311.0",2022-03-25,"8","8",2311
"399","2312.0",2022-03-25,"5","5",2312
"400","2313.0",2022-03-25,"5","5",2313
"401","2314.0",2022-03-25,"5","5",2314
"402","2315.0",2022-03-25,"0","0",2315
"403","2316.0",2022-03-25,"7","7",2316
"404","2317.0",2022-03-25,"6","6",2317
"405","2318.0",2022-03-25,"7","7",2318
"406","2319.0",2022-03-25,"6","6",2319
"407","2320.0",2022-03-25,"4","4",2320
"408","2321.0",2022-03-25,"7","7",2321
"409","2322.0",2022-03-25,"5","5",2322
"410","2323.0",2022-03-25,"0","0",2323
"411","2324.0",2022-03-25,"5","5",2324
"412","2325.0",2022-03-25,"7","7",2325
"413","2327.0",2022-03-25,"7","7",2327
"414","2326.0",2022-03-25,"6","6",2326
"415","2328.0",2022-03-25,"2","2",2328
"416","2329.0",2022-03-25,"7","7",2329
"417","2330.0",2022-03-25,"7","7",2330
"418","2331.0",2022-03-25,"6","6",2331
"419","2332.0",2022-03-25,"7","7",2332
"420","2333.0",2022-03-25,"4","4",2333
"421","2334.0",2022-03-25,"4","4",2334
"422","2336.0",2022-03-25,"4","4",2336
"423","2335.0",2022-03-25,"5","5",2335
"424","2374.0",2022-03-25,NA,NA,2374
"425","2301.0",2022-03-25,"0","0",2301
"426","2302.0",2022-03-25,"4","4",2302
"427","2303.0",2022-03-25,"3","3",2303
"428","2304.0",2022-03-25,"2","2",2304
"429","2305.0",2022-03-25,"4","4",2305
"430","2306.0",2022-03-25,"6","6",2306
"431","2307.0",2022-03-25,"7","7",2307
"432","2308.0",2022-03-25,"3","3",2308
"433","2309.0",2022-03-25,"4","4",2309
"434","2370.0",2022-03-25,"3","3",2370
"435","2371.0",2022-03-25,"5","5",2371
"436","2372.0",2022-03-25,"7","7",2372
"437","2373.0",2022-03-25,"5","5",2373
"438","2381.0",2022-03-25,"10","10",2381
"439","2382.0",2022-03-25,"10","10",2382
"440","2383.0",2022-03-25,"10","10",2383
"441","2384.0",2022-03-25,"10","10",2384
"442","2004.0",2022-03-25,NA,NA,2004
"443","2005.0",2022-03-25,NA,NA,2005
"444","2006.0",2022-03-25,NA,NA,2006
"445","2007.0",2022-03-25,NA,NA,2007
"446","Cucu-LEU",2022-03-25,NA,NA,NA
"447","Chamise-ARCA",2022-03-25,NA,NA,NA
"448","Cucu-ARCA",2022-03-25,NA,NA,NA
"449","2093.0",2022-03-25,NA,NA,2093
"450","2092.0",2022-03-25,NA,NA,2092
"451","2091.0",2022-03-25,NA,NA,2091
"452","2090.0",2022-03-25,NA,NA,2090
"453","2089.0",2022-03-25,NA,NA,2089
"454","2088.0",2022-03-25,NA,NA,2088
"455","2087.0",2022-03-25,NA,NA,2087
"456","2086.0",2022-03-25,NA,NA,2086
"457","2085.0",2022-03-25,NA,NA,2085
"458","2020.0",2022-03-25,NA,NA,2020
"459","2021.0",2022-03-25,NA,NA,2021
"460","2022.0",2022-03-25,NA,NA,2022
"461","2023.0",2022-03-25,NA,NA,2023
"462","2024.0",2022-03-25,NA,NA,2024
"463","2025.0",2022-03-25,NA,NA,2025
"464","2026.0",2022-03-25,NA,NA,2026
"465","2027.0",2022-03-25,NA,NA,2027
"466","2028.0",2022-03-25,NA,NA,2028
"467","2029.0",2022-03-25,NA,NA,2029
"468","2030.0",2022-03-25,NA,NA,2030
"469","2031.0",2022-03-25,NA,NA,2031
"470","2012.0",2022-03-25,NA,NA,2012
"471","2013.0",2022-03-25,NA,NA,2013
"472","2014.0",2022-03-25,NA,NA,2014
"473","2015.0",2022-03-25,NA,NA,2015
"474","1478.0",2022-03-25,NA,NA,1478
"475","2009.0",2022-03-25,"8","8",2009
"476","2010.0",2022-03-25,"10","10",2010
"477","2352.0",2022-04-13,NA,NA,2352
"478","2353.0",2022-04-13,NA,NA,2353
"479","2354.0",2022-04-13,NA,NA,2354
"480","2355.0",2022-04-13,NA,NA,2355
"481","ot",2022-04-13,NA,NA,NA
"482","2356.0",2022-04-13,NA,NA,2356
"483","2357.0",2022-04-13,NA,NA,2357
"484","ot",2022-04-13,NA,NA,NA
"485","2358.0",2022-04-13,NA,NA,2358
"486","2359.0",2022-04-13,NA,NA,2359
"487","ot",2022-04-13,NA,NA,NA
"488","2360.0",2022-04-13,NA,NA,2360
"489","2361.0",2022-04-13,NA,NA,2361
"490","ot",2022-04-13,NA,NA,NA
"491","2362.0",2022-04-13,NA,NA,2362
"492","2363.0",2022-04-13,NA,NA,2363
"493","2364.0",2022-04-13,NA,NA,2364
"494","2365.0",2022-04-13,"10","10",2365
"495","2366.0",2022-04-13,NA,NA,2366
"496","ot",2022-04-13,NA,NA,NA
"497","2367.0",2022-04-13,"10","10",2367
"498","ot",2022-04-13,NA,NA,NA
"499","ot",2022-04-13,NA,NA,NA
"500","2369.0",2022-04-13,"10","10",2369
"501","2376.0",2022-04-13,NA,NA,2376
"502","2377.0",2022-04-13,NA,NA,2377
"503","2378.0",2022-04-13,NA,NA,2378
"504","2379.0",2022-04-13,NA,NA,2379
"505","2380.0",2022-04-13,NA,NA,2380
"506","2337.0",2022-04-13,NA,NA,2337
"507","2338.0",2022-04-13,NA,NA,2338
"508","2339.0",2022-04-13,NA,NA,2339
"509","2340.0",2022-04-13,NA,NA,2340
"510","2341.0",2022-04-13,NA,NA,2341
"511","2342.0",2022-04-13,NA,NA,2342
"512","2343.0",2022-04-13,"10","10",2343
"513","missing",2022-04-13,NA,NA,NA
"514","2344.0",2022-04-13,NA,NA,2344
"515","missing",2022-04-13,NA,NA,NA
"516","2345.0",2022-04-13,NA,NA,2345
"517","2346.0",2022-04-13,"10","10",2346
"518","2347.0",2022-04-13,"10","10",2347
"519","2348.0",2022-04-13,NA,NA,2348
"520","2349.0",2022-04-13,NA,NA,2349
"521","2350.0",2022-04-13,NA,NA,2350
"522","2351.0",2022-04-13,NA,NA,2351
"523","2375.0",2022-04-13,NA,NA,2375
"524","2310.0",2022-04-13,NA,NA,2310
"525","2311.0",2022-04-13,NA,NA,2311
"526","2312.0",2022-04-13,NA,NA,2312
"527","2313.0",2022-04-13,NA,NA,2313
"528","2314.0",2022-04-13,NA,NA,2314
"529","2315.0",2022-04-13,NA,NA,2315
"530","2316.0",2022-04-13,NA,NA,2316
"531","2317.0",2022-04-13,NA,NA,2317
"532","2318.0",2022-04-13,NA,NA,2318
"533","2319.0",2022-04-13,NA,NA,2319
"534","2320.0",2022-04-13,NA,NA,2320
"535","2321.0",2022-04-13,NA,NA,2321
"536","2322.0",2022-04-13,NA,NA,2322
"537","2323.0",2022-04-13,NA,NA,2323
"538","2324.0",2022-04-13,NA,NA,2324
"539","2325.0",2022-04-13,NA,NA,2325
"540","2327.0",2022-04-13,NA,NA,2327
"541","2326.0",2022-04-13,NA,NA,2326
"542","2328.0",2022-04-13,NA,NA,2328
"543","2329.0",2022-04-13,NA,NA,2329
"544","2330.0",2022-04-13,NA,NA,2330
"545","2331.0",2022-04-13,NA,NA,2331
"546","2332.0",2022-04-13,NA,NA,2332
"547","2333.0",2022-04-13,NA,NA,2333
"548","2334.0",2022-04-13,NA,NA,2334
"549","2336.0",2022-04-13,NA,NA,2336
"550","2335.0",2022-04-13,NA,NA,2335
"551","2374.0",2022-04-13,NA,NA,2374
"552","2301.0",2022-04-13,NA,NA,2301
"553","2302.0",2022-04-13,NA,NA,2302
"554","2303.0",2022-04-13,NA,NA,2303
"555","2304.0",2022-04-13,NA,NA,2304
"556","2305.0",2022-04-13,NA,NA,2305
"557","2306.0",2022-04-13,NA,NA,2306
"558","2307.0",2022-04-13,NA,NA,2307
"559","2308.0",2022-04-13,NA,NA,2308
"560","2309.0",2022-04-13,NA,NA,2309
"561","2370.0",2022-04-13,NA,NA,2370
"562","2371.0",2022-04-13,NA,NA,2371
"563","2372.0",2022-04-13,NA,NA,2372
"564","2373.0",2022-04-13,NA,NA,2373
"565","2381.0",2022-04-13,NA,NA,2381
"566","2382.0",2022-04-13,NA,NA,2382
"567","2383.0",2022-04-13,NA,NA,2383
"568","2384.0",2022-04-13,NA,NA,2384
"569","2004.0",2022-04-13,NA,NA,2004
"570","2005.0",2022-04-13,NA,NA,2005
"571","2006.0",2022-04-13,NA,NA,2006
"572","2007.0",2022-04-13,NA,NA,2007
"573","LL-LEU",2022-04-13,NA,NA,NA
"574","Chamise-LEU",2022-04-13,NA,NA,NA
"575","Cucu-LEU",2022-04-13,NA,NA,NA
"576","LL-ARCA",2022-04-13,NA,NA,NA
"577","Chamise-ARCA",2022-04-13,NA,NA,NA
"578","Cucu-ARCA",2022-04-13,NA,NA,NA
"579","2093.0",2022-04-13,NA,NA,2093
"580","2092.0",2022-04-13,NA,NA,2092
"581","2091.0",2022-04-13,NA,NA,2091
"582","2090.0",2022-04-13,NA,NA,2090
"583","2089.0",2022-04-13,NA,NA,2089
"584","2088.0",2022-04-13,NA,NA,2088
"585","2087.0",2022-04-13,NA,NA,2087
"586","2086.0",2022-04-13,NA,NA,2086
"587","2085.0",2022-04-13,NA,NA,2085
"588","2020.0",2022-04-13,NA,NA,2020
"589","2021.0",2022-04-13,NA,NA,2021
"590","2022.0",2022-04-13,NA,NA,2022
"591","2023.0",2022-04-13,NA,NA,2023
"592","2024.0",2022-04-13,NA,NA,2024
"593","2025.0",2022-04-13,NA,NA,2025
"594","2026.0",2022-04-13,NA,NA,2026
"595","2027.0",2022-04-13,NA,NA,2027
"596","2028.0",2022-04-13,NA,NA,2028
"597","2029.0",2022-04-13,NA,NA,2029
"598","2030.0",2022-04-13,NA,NA,2030
"599","2031.0",2022-04-13,NA,NA,2031
"600","2012.0",2022-04-13,NA,NA,2012
"601","2013.0",2022-04-13,NA,NA,2013
"602","2014.0",2022-04-13,NA,NA,2014
"603","2015.0",2022-04-13,NA,NA,2015
"604","1478.0",2022-04-13,NA,NA,1478
"605","2011.0",2022-04-13,NA,NA,2011
"606","2010.0",2022-04-13,NA,NA,2010
"607","2009.0",2022-04-13,NA,NA,2009
"608","2008.0",2022-04-13,NA,NA,2008
"609","2352.0",2022-04-06,NA,NA,2352
"610","2353.0",2022-04-06,NA,NA,2353
"611","2354.0",2022-04-06,"44625.0","44625.0",2354
"612","2355.0",2022-04-06,"9.0","9.0",2355
"613","ot",2022-04-06,NA,NA,NA
"614","2356.0",2022-04-06,NA,NA,2356
"615","2357.0",2022-04-06,"10.0","10.0",2357
"616","ot",2022-04-06,NA,NA,NA
"617","2358.0",2022-04-06,NA,NA,2358
"618","2359.0",2022-04-06,"9.0","9.0",2359
"619","ot",2022-04-06,NA,NA,NA
"620","2360.0",2022-04-06,"10.0","10.0",2360
"621","2361.0",2022-04-06,"10.0","10.0",2361
"622","ot",2022-04-06,NA,NA,NA
"623","2362.0",2022-04-06,"10.0","10.0",2362
"624","2363.0",2022-04-06,"10.0","10.0",2363
"625","2364.0",2022-04-06,"10.0","10.0",2364
"626","2365.0",2022-04-06,"9.0","9.0",2365
"627","2366.0",2022-04-06,"9.0","9.0",2366
"628","ot",2022-04-06,NA,NA,NA
"629","2367.0",2022-04-06,"9.0","9.0",2367
"630","ot",2022-04-06,NA,NA,NA
"631","ot",2022-04-06,NA,NA,NA
"632","2369.0",2022-04-06,"9.0","9.0",2369
"633","2376.0",2022-04-06,NA,NA,2376
"634","2377.0",2022-04-06,NA,NA,2377
"635","2378.0",2022-04-06,NA,NA,2378
"636","2379.0",2022-04-06,"5.0","5.0",2379
"637","2380.0",2022-04-06,NA,NA,2380
"638","2337.0",2022-04-06,"6.0","6.0",2337
"639","2338.0",2022-04-06,"6.0","6.0",2338
"640","2339.0",2022-04-06,"6.0","6.0",2339
"641","2340.0",2022-04-06,"4.0","4.0",2340
"642","2341.0",2022-04-06,"5.0","5.0",2341
"643","2342.0",2022-04-06,"6.0","6.0",2342
"644","2343.0",2022-04-06,"7.0","7.0",2343
"645","missing",2022-04-06,NA,NA,NA
"646","2344.0",2022-04-06,"7.0","7.0",2344
"647","missing",2022-04-06,NA,NA,NA
"648","2345.0",2022-04-06,"5.0","5.0",2345
"649","2346.0",2022-04-06,"5.0","5.0",2346
"650","2347.0",2022-04-06,"7.0","7.0",2347
"651","2348.0",2022-04-06,"7.0","7.0",2348
"652","2349.0",2022-04-06,"6.0","6.0",2349
"653","2350.0",2022-04-06,"?","?",2350
"654","2351.0",2022-04-06,"?","?",2351
"655","2375.0",2022-04-06,"6 / 7","6 / 7",2375
"656","2310.0",2022-04-06,"7.0","7.0",2310
"657","2311.0",2022-04-06,NA,NA,2311
"658","2312.0",2022-04-06,"6.0","6.0",2312
"659","2313.0",2022-04-06,"7.0","7.0",2313
"660","2314.0",2022-04-06,"5.0","5.0",2314
"661","2315.0",2022-04-06,"8.0","8.0",2315
"662","2316.0",2022-04-06,"7.0","7.0",2316
"663","2317.0",2022-04-06,"6 (5?)","6 (5?)",2317
"664","2318.0",2022-04-06,"6 (5?)","6 (5?)",2318
"665","2319.0",2022-04-06,"6 (5?)","6 (5?)",2319
"666","2320.0",2022-04-06,"5.0","5.0",2320
"667","2321.0",2022-04-06,"8.0","8.0",2321
"668","2322.0",2022-04-06,"6.0","6.0",2322
"669","2323.0",2022-04-06,"8.0","8.0",2323
"670","2324.0",2022-04-06,"6.0","6.0",2324
"671","2325.0",2022-04-06,"7.0","7.0",2325
"672","2327.0",2022-04-06,"7.0","7.0",2327
"673","2326.0",2022-04-06,"6 (5?)","6 (5?)",2326
"674","2328.0",2022-04-06,"7.0","7.0",2328
"675","2329.0",2022-04-06,NA,NA,2329
"676","2330.0",2022-04-06,NA,NA,2330
"677","2331.0",2022-04-06,"5 / 6","5 / 6",2331
"678","2332.0",2022-04-06,"7.0","7.0",2332
"679","2333.0",2022-04-06,"5.0","5.0",2333
"680","2334.0",2022-04-06,"5.0","5.0",2334
"681","2336.0",2022-04-06,"6.0","6.0",2336
"682","2335.0",2022-04-06,"6.0","6.0",2335
"683","2374.0",2022-04-06,NA,NA,2374
"684","2301.0",2022-04-06,"8.0","8.0",2301
"685","2302.0",2022-04-06,"5.0","5.0",2302
"686","2303.0",2022-04-06,"4.0","4.0",2303
"687","2304.0",2022-04-06,"4.0","4.0",2304
"688","2305.0",2022-04-06,"6.0","6.0",2305
"689","2306.0",2022-04-06,"6.0","6.0",2306
"690","2307.0",2022-04-06,"8.0","8.0",2307
"691","2308.0",2022-04-06,"4.0","4.0",2308
"692","2309.0",2022-04-06,"6.0","6.0",2309
"693","2370.0",2022-04-06,"4.0","4.0",2370
"694","2371.0",2022-04-06,"6.0","6.0",2371
"695","2372.0",2022-04-06,"5.0","5.0",2372
"696","2373.0",2022-04-06,"5.0","5.0",2373
"697","2381.0",2022-04-06,NA,NA,2381
"698","2382.0",2022-04-06,NA,NA,2382
"699","2383.0",2022-04-06,NA,NA,2383
"700","2384.0",2022-04-06,NA,NA,2384
"701","2004.0",2022-04-06,NA,NA,2004
"702","2005.0",2022-04-06,NA,NA,2005
"703","2006.0",2022-04-06,NA,NA,2006
"704","2007.0",2022-04-06,NA,NA,2007
"705","LL-LEU",2022-04-06,NA,NA,NA
"706","Chamise-LEU",2022-04-06,NA,NA,NA
"707","Cucu-LEU",2022-04-06,NA,NA,NA
"708","LL-ARCA",2022-04-06,NA,NA,NA
"709","Chamise-ARCA",2022-04-06,NA,NA,NA
"710","Cucu-ARCA",2022-04-06,NA,NA,NA
"711","2093.0",2022-04-06,"4.0","4.0",2093
"712","2092.0",2022-04-06,"10.0","10.0",2092
"713","2091.0",2022-04-06,"6.0","6.0",2091
"714","2090.0",2022-04-06,"7.0","7.0",2090
"715","2089.0",2022-04-06,"3.0","3.0",2089
"716","2088.0",2022-04-06,"5.0","5.0",2088
"717","2087.0",2022-04-06,NA,NA,2087
"718","2086.0",2022-04-06,"44750.0","44750.0",2086
"719","2085.0",2022-04-06,"5.0","5.0",2085
"720","2084.0",2022-04-06,"10.0","10.0",2084
"721","2083.0",2022-04-06,"10.0","10.0",2083
"722","2042.0",2022-04-06,"10.0","10.0",2042
"723","2081.0",2022-04-06,"10.0","10.0",2081
"724","2080.0",2022-04-06,"5.0","5.0",2080
"725","2079.0",2022-04-06,"10.0","10.0",2079
"726","2078.0",2022-04-06,"10.0","10.0",2078
"727","2077.0",2022-04-06,"6.0","6.0",2077
"728","2076.0",2022-04-06,"8.0","8.0",2076
"729","2053.0",2022-04-06,"9.0","9.0",2053
"730","2052.0",2022-04-06,"7.0","7.0",2052
"731","2020.0",2022-04-06,"8.0","8.0",2020
"732","2021.0",2022-04-06,"6.0","6.0",2021
"733","2022.0",2022-04-06,NA,NA,2022
"734","2023.0",2022-04-06,"8.0","8.0",2023
"735","2024.0",2022-04-06,"7.0","7.0",2024
"736","2025.0",2022-04-06,"7.0","7.0",2025
"737","2026.0",2022-04-06,"8.0","8.0",2026
"738","2027.0",2022-04-06,"8.0","8.0",2027
"739","2028.0",2022-04-06,"8.0","8.0",2028
"740","2029.0",2022-04-06,NA,NA,2029
"741","2030.0",2022-04-06,"6.0","6.0",2030
"742","2031.0",2022-04-06,"7.0","7.0",2031
"743","2012.0",2022-04-06,NA,NA,2012
"744","2013.0",2022-04-06,NA,NA,2013
"745","2014.0",2022-04-06,NA,NA,2014
"746","2015.0",2022-04-06,NA,NA,2015
"747","1478.0",2022-04-06,NA,NA,1478
"748","2011.0",2022-04-06,"10.0","10.0",2011
"749","2010.0",2022-04-06,"10.0","10.0",2010
"750","2009.0",2022-04-06,"9.0","9.0",2009
"751","2008.0",2022-04-06,NA,NA,2008
"752","2127.0",2022-04-06,"6.0","6.0",2127
"753","2352.0",2022-04-25,NA,NA,2352
"754","2353.0",2022-04-25,NA,NA,2353
"755","2354.0",2022-04-25,NA,NA,2354
"756","2355.0",2022-04-25,NA,NA,2355
"757","ot",2022-04-25,NA,NA,NA
"758","2356.0",2022-04-25,NA,NA,2356
"759","2357.0",2022-04-25,NA,NA,2357
"760","ot",2022-04-25,NA,NA,NA
"761","2358.0",2022-04-25,NA,NA,2358
"762","2359.0",2022-04-25,NA,NA,2359
"763","ot",2022-04-25,NA,NA,NA
"764","2360.0",2022-04-25,NA,NA,2360
"765","2361.0",2022-04-25,NA,NA,2361
"766","ot",2022-04-25,NA,NA,NA
"767","2362.0",2022-04-25,NA,NA,2362
"768","2363.0",2022-04-25,NA,NA,2363
"769","2364.0",2022-04-25,NA,NA,2364
"770","2365.0",2022-04-25,"10","10",2365
"771","2366.0",2022-04-25,NA,NA,2366
"772","ot",2022-04-25,NA,NA,NA
"773","2367.0",2022-04-25,"10","10",2367
"774","ot",2022-04-25,NA,NA,NA
"775","ot",2022-04-25,NA,NA,NA
"776","2369.0",2022-04-25,"10","10",2369
"777","2376.0",2022-04-25,NA,NA,2376
"778","2377.0",2022-04-25,NA,NA,2377
"779","2378.0",2022-04-25,NA,NA,2378
"780","2379.0",2022-04-25,NA,NA,2379
"781","2380.0",2022-04-25,NA,NA,2380
"782","2337.0",2022-04-25,NA,NA,2337
"783","2338.0",2022-04-25,NA,NA,2338
"784","2339.0",2022-04-25,NA,NA,2339
"785","2340.0",2022-04-25,NA,NA,2340
"786","2341.0",2022-04-25,NA,NA,2341
"787","2342.0",2022-04-25,NA,NA,2342
"788","2343.0",2022-04-25,"10","10",2343
"789","missing",2022-04-25,NA,NA,NA
"790","2344.0",2022-04-25,NA,NA,2344
"791","missing",2022-04-25,NA,NA,NA
"792","2345.0",2022-04-25,NA,NA,2345
"793","2346.0",2022-04-25,"10","10",2346
"794","2347.0",2022-04-25,"10","10",2347
"795","2348.0",2022-04-25,NA,NA,2348
"796","2349.0",2022-04-25,NA,NA,2349
"797","2350.0",2022-04-25,NA,NA,2350
"798","2351.0",2022-04-25,NA,NA,2351
"799","2375.0",2022-04-25,NA,NA,2375
"800","2310.0",2022-04-25,NA,NA,2310
"801","2311.0",2022-04-25,NA,NA,2311
"802","2312.0",2022-04-25,NA,NA,2312
"803","2313.0",2022-04-25,NA,NA,2313
"804","2314.0",2022-04-25,NA,NA,2314
"805","2315.0",2022-04-25,NA,NA,2315
"806","2316.0",2022-04-25,NA,NA,2316
"807","2317.0",2022-04-25,NA,NA,2317
"808","2318.0",2022-04-25,NA,NA,2318
"809","2319.0",2022-04-25,NA,NA,2319
"810","2320.0",2022-04-25,NA,NA,2320
"811","2321.0",2022-04-25,NA,NA,2321
"812","2322.0",2022-04-25,NA,NA,2322
"813","2323.0",2022-04-25,NA,NA,2323
"814","2324.0",2022-04-25,NA,NA,2324
"815","2325.0",2022-04-25,NA,NA,2325
"816","2327.0",2022-04-25,NA,NA,2327
"817","2326.0",2022-04-25,NA,NA,2326
"818","2328.0",2022-04-25,NA,NA,2328
"819","2329.0",2022-04-25,NA,NA,2329
"820","2330.0",2022-04-25,NA,NA,2330
"821","2331.0",2022-04-25,NA,NA,2331
"822","2332.0",2022-04-25,NA,NA,2332
"823","2333.0",2022-04-25,NA,NA,2333
"824","2334.0",2022-04-25,NA,NA,2334
"825","2336.0",2022-04-25,NA,NA,2336
"826","2335.0",2022-04-25,NA,NA,2335
"827","2374.0",2022-04-25,NA,NA,2374
"828","2301.0",2022-04-25,NA,NA,2301
"829","2302.0",2022-04-25,NA,NA,2302
"830","2303.0",2022-04-25,NA,NA,2303
"831","2304.0",2022-04-25,NA,NA,2304
"832","2305.0",2022-04-25,NA,NA,2305
"833","2306.0",2022-04-25,NA,NA,2306
"834","2307.0",2022-04-25,NA,NA,2307
"835","2308.0",2022-04-25,NA,NA,2308
"836","2309.0",2022-04-25,NA,NA,2309
"837","2370.0",2022-04-25,NA,NA,2370
"838","2371.0",2022-04-25,NA,NA,2371
"839","2372.0",2022-04-25,NA,NA,2372
"840","2373.0",2022-04-25,NA,NA,2373
"841","2381.0",2022-04-25,NA,NA,2381
"842","2382.0",2022-04-25,NA,NA,2382
"843","2383.0",2022-04-25,NA,NA,2383
"844","2384.0",2022-04-25,NA,NA,2384
"845","2004.0",2022-04-25,NA,NA,2004
"846","2005.0",2022-04-25,NA,NA,2005
"847","2006.0",2022-04-25,NA,NA,2006
"848","2007.0",2022-04-25,NA,NA,2007
"849","LL-LEU",2022-04-25,NA,NA,NA
"850","Chamise-LEU",2022-04-25,NA,NA,NA
"851","Cucu-LEU",2022-04-25,NA,NA,NA
"852","LL-ARCA",2022-04-25,NA,NA,NA
"853","Chamise-ARCA",2022-04-25,NA,NA,NA
"854","Cucu-ARCA",2022-04-25,NA,NA,NA
"855","2093.0",2022-04-25,NA,NA,2093
"856","2092.0",2022-04-25,NA,NA,2092
"857","2091.0",2022-04-25,NA,NA,2091
"858","2090.0",2022-04-25,NA,NA,2090
"859","2089.0",2022-04-25,NA,NA,2089
"860","2088.0",2022-04-25,NA,NA,2088
"861","2087.0",2022-04-25,NA,NA,2087
"862","2086.0",2022-04-25,NA,NA,2086
"863","2085.0",2022-04-25,NA,NA,2085
"864","2020.0",2022-04-25,NA,NA,2020
"865","2021.0",2022-04-25,NA,NA,2021
"866","2022.0",2022-04-25,NA,NA,2022
"867","2023.0",2022-04-25,NA,NA,2023
"868","2024.0",2022-04-25,NA,NA,2024
"869","2025.0",2022-04-25,NA,NA,2025
"870","2026.0",2022-04-25,NA,NA,2026
"871","2027.0",2022-04-25,NA,NA,2027
"872","2028.0",2022-04-25,NA,NA,2028
"873","2029.0",2022-04-25,NA,NA,2029
"874","2030.0",2022-04-25,NA,NA,2030
"875","2031.0",2022-04-25,NA,NA,2031
"876","2012.0",2022-04-25,NA,NA,2012
"877","2013.0",2022-04-25,NA,NA,2013
"878","2014.0",2022-04-25,NA,NA,2014
"879","2015.0",2022-04-25,NA,NA,2015
"880","1478.0",2022-04-25,NA,NA,1478
"881","2011.0",2022-04-25,NA,NA,2011
"882","2010.0",2022-04-25,NA,NA,2010
"883","2009.0",2022-04-25,NA,NA,2009
"884","2008.0",2022-04-25,NA,NA,2008
"885","2127.0",2022-04-25,NA,NA,2127
"886","2352.0",2022-05-04,NA,NA,2352
"887","2353.0",2022-05-04,NA,NA,2353
"888","2354.0",2022-05-04,NA,NA,2354
"889","2355.0",2022-05-04,NA,NA,2355
"890","ot",2022-05-04,NA,NA,NA
"891","2356.0",2022-05-04,NA,NA,2356
"892","2357.0",2022-05-04,NA,NA,2357
"893","ot",2022-05-04,NA,NA,NA
"894","2358.0",2022-05-04,NA,NA,2358
"895","2359.0",2022-05-04,NA,NA,2359
"896","ot",2022-05-04,NA,NA,NA
"897","2360.0",2022-05-04,NA,NA,2360
"898","2361.0",2022-05-04,NA,NA,2361
"899","ot",2022-05-04,NA,NA,NA
"900","2362.0",2022-05-04,NA,NA,2362
"901","2363.0",2022-05-04,NA,NA,2363
"902","2364.0",2022-05-04,NA,NA,2364
"903","2365.0",2022-05-04,NA,NA,2365
"904","2366.0",2022-05-04,NA,NA,2366
"905","ot",2022-05-04,NA,NA,NA
"906","2367.0",2022-05-04,NA,NA,2367
"907","ot",2022-05-04,NA,NA,NA
"908","ot",2022-05-04,NA,NA,NA
"909","2369.0",2022-05-04,NA,NA,2369
"910","2376.0",2022-05-04,NA,NA,2376
"911","2377.0",2022-05-04,NA,NA,2377
"912","2378.0",2022-05-04,NA,NA,2378
"913","2379.0",2022-05-04,NA,NA,2379
"914","2380.0",2022-05-04,NA,NA,2380
"915","2337.0",2022-05-04,NA,NA,2337
"916","2338.0",2022-05-04,NA,NA,2338
"917","2339.0",2022-05-04,NA,NA,2339
"918","2340.0",2022-05-04,NA,NA,2340
"919","2341.0",2022-05-04,NA,NA,2341
"920","2342.0",2022-05-04,NA,NA,2342
"921","2343.0",2022-05-04,NA,NA,2343
"922","missing",2022-05-04,NA,NA,NA
"923","2344.0",2022-05-04,NA,NA,2344
"924","missing",2022-05-04,NA,NA,NA
"925","2345.0",2022-05-04,NA,NA,2345
"926","2346.0",2022-05-04,NA,NA,2346
"927","2347.0",2022-05-04,NA,NA,2347
"928","2348.0",2022-05-04,NA,NA,2348
"929","2349.0",2022-05-04,NA,NA,2349
"930","2350.0",2022-05-04,NA,NA,2350
"931","2351.0",2022-05-04,NA,NA,2351
"932","2375.0",2022-05-04,NA,NA,2375
"933","2310.0",2022-05-04,NA,NA,2310
"934","2311.0",2022-05-04,NA,NA,2311
"935","2312.0",2022-05-04,NA,NA,2312
"936","2313.0",2022-05-04,NA,NA,2313
"937","2314.0",2022-05-04,NA,NA,2314
"938","2315.0",2022-05-04,NA,NA,2315
"939","2316.0",2022-05-04,NA,NA,2316
"940","2317.0",2022-05-04,NA,NA,2317
"941","2318.0",2022-05-04,NA,NA,2318
"942","2319.0",2022-05-04,NA,NA,2319
"943","2320.0",2022-05-04,NA,NA,2320
"944","2321.0",2022-05-04,NA,NA,2321
"945","2322.0",2022-05-04,NA,NA,2322
"946","2323.0",2022-05-04,NA,NA,2323
"947","2324.0",2022-05-04,NA,NA,2324
"948","2325.0",2022-05-04,NA,NA,2325
"949","2327.0",2022-05-04,NA,NA,2327
"950","2326.0",2022-05-04,NA,NA,2326
"951","2328.0",2022-05-04,NA,NA,2328
"952","2329.0",2022-05-04,NA,NA,2329
"953","2330.0",2022-05-04,NA,NA,2330
"954","2331.0",2022-05-04,NA,NA,2331
"955","2332.0",2022-05-04,NA,NA,2332
"956","2333.0",2022-05-04,NA,NA,2333
"957","2334.0",2022-05-04,NA,NA,2334
"958","2336.0",2022-05-04,NA,NA,2336
"959","2335.0",2022-05-04,NA,NA,2335
"960","2374.0",2022-05-04,NA,NA,2374
"961","2301.0",2022-05-04,NA,NA,2301
"962","2302.0",2022-05-04,NA,NA,2302
"963","2303.0",2022-05-04,NA,NA,2303
"964","2304.0",2022-05-04,NA,NA,2304
"965","2305.0",2022-05-04,NA,NA,2305
"966","2306.0",2022-05-04,NA,NA,2306
"967","2307.0",2022-05-04,NA,NA,2307
"968","2308.0",2022-05-04,NA,NA,2308
"969","2309.0",2022-05-04,NA,NA,2309
"970","2370.0",2022-05-04,NA,NA,2370
"971","2371.0",2022-05-04,NA,NA,2371
"972","2372.0",2022-05-04,NA,NA,2372
"973","2373.0",2022-05-04,NA,NA,2373
"974","2381.0",2022-05-04,NA,NA,2381
"975","2382.0",2022-05-04,NA,NA,2382
"976","2383.0",2022-05-04,NA,NA,2383
"977","2384.0",2022-05-04,NA,NA,2384
"978","2004.0",2022-05-04,NA,NA,2004
"979","2005.0",2022-05-04,NA,NA,2005
"980","2006.0",2022-05-04,NA,NA,2006
"981","2007.0",2022-05-04,NA,NA,2007
"982","2093.0",2022-05-04,NA,NA,2093
"983","2092.0",2022-05-04,NA,NA,2092
"984","2091.0",2022-05-04,NA,NA,2091
"985","2090.0",2022-05-04,NA,NA,2090
"986","2089.0",2022-05-04,NA,NA,2089
"987","2088.0",2022-05-04,NA,NA,2088
"988","2087.0",2022-05-04,NA,NA,2087
"989","2086.0",2022-05-04,NA,NA,2086
"990","2085.0",2022-05-04,NA,NA,2085
"991","2020.0",2022-05-04,NA,NA,2020
"992","2021.0",2022-05-04,NA,NA,2021
"993","2022.0",2022-05-04,NA,NA,2022
"994","2023.0",2022-05-04,NA,NA,2023
"995","2024.0",2022-05-04,NA,NA,2024
"996","2025.0",2022-05-04,NA,NA,2025
"997","2026.0",2022-05-04,NA,NA,2026
"998","2027.0",2022-05-04,NA,NA,2027
"999","2028.0",2022-05-04,NA,NA,2028
"1000","2029.0",2022-05-04,NA,NA,2029
"1001","2030.0",2022-05-04,NA,NA,2030
"1002","2031.0",2022-05-04,NA,NA,2031
"1003","2012.0",2022-05-04,NA,NA,2012
"1004","2013.0",2022-05-04,NA,NA,2013
"1005","2014.0",2022-05-04,NA,NA,2014
"1006","2015.0",2022-05-04,NA,NA,2015
"1007","1478.0",2022-05-04,NA,NA,1478
"1008","2011.0",2022-05-04,NA,NA,2011
"1009","2010.0",2022-05-04,NA,NA,2010
"1010","2009.0",2022-05-04,NA,NA,2009
"1011","2008.0",2022-05-04,NA,NA,2008
"1012","2352.0",2022-05-25,NA,NA,2352
"1013","2353.0",2022-05-25,NA,NA,2353
"1014","2354.0",2022-05-25,NA,NA,2354
"1015","2355.0",2022-05-25,NA,NA,2355
"1016","ot",2022-05-25,NA,NA,NA
"1017","2356.0",2022-05-25,NA,NA,2356
"1018","2357.0",2022-05-25,NA,NA,2357
"1019","ot",2022-05-25,NA,NA,NA
"1020","2358.0",2022-05-25,NA,NA,2358
"1021","2359.0",2022-05-25,NA,NA,2359
"1022","ot",2022-05-25,NA,NA,NA
"1023","2360.0",2022-05-25,NA,NA,2360
"1024","2361.0",2022-05-25,NA,NA,2361
"1025","ot",2022-05-25,NA,NA,NA
"1026","2362.0",2022-05-25,NA,NA,2362
"1027","2363.0",2022-05-25,NA,NA,2363
"1028","2364.0",2022-05-25,NA,NA,2364
"1029","2365.0",2022-05-25,"10","10",2365
"1030","2366.0",2022-05-25,NA,NA,2366
"1031","ot",2022-05-25,NA,NA,NA
"1032","2367.0",2022-05-25,"10","10",2367
"1033","ot",2022-05-25,NA,NA,NA
"1034","ot",2022-05-25,NA,NA,NA
"1035","2369.0",2022-05-25,"10","10",2369
"1036","2376.0",2022-05-25,NA,NA,2376
"1037","2377.0",2022-05-25,NA,NA,2377
"1038","2378.0",2022-05-25,NA,NA,2378
"1039","2379.0",2022-05-25,NA,NA,2379
"1040","2380.0",2022-05-25,NA,NA,2380
"1041","2337.0",2022-05-25,NA,NA,2337
"1042","2338.0",2022-05-25,NA,NA,2338
"1043","2339.0",2022-05-25,NA,NA,2339
"1044","2340.0",2022-05-25,NA,NA,2340
"1045","2341.0",2022-05-25,NA,NA,2341
"1046","2342.0",2022-05-25,NA,NA,2342
"1047","2343.0",2022-05-25,"10","10",2343
"1048","missing",2022-05-25,NA,NA,NA
"1049","2344.0",2022-05-25,NA,NA,2344
"1050","missing",2022-05-25,NA,NA,NA
"1051","2345.0",2022-05-25,NA,NA,2345
"1052","2346.0",2022-05-25,"10","10",2346
"1053","2347.0",2022-05-25,"10","10",2347
"1054","2348.0",2022-05-25,NA,NA,2348
"1055","2349.0",2022-05-25,NA,NA,2349
"1056","2350.0",2022-05-25,NA,NA,2350
"1057","2351.0",2022-05-25,NA,NA,2351
"1058","2375.0",2022-05-25,NA,NA,2375
"1059","2310.0",2022-05-25,NA,NA,2310
"1060","2311.0",2022-05-25,NA,NA,2311
"1061","2312.0",2022-05-25,NA,NA,2312
"1062","2313.0",2022-05-25,NA,NA,2313
"1063","2314.0",2022-05-25,NA,NA,2314
"1064","2315.0",2022-05-25,NA,NA,2315
"1065","2316.0",2022-05-25,NA,NA,2316
"1066","2317.0",2022-05-25,NA,NA,2317
"1067","2318.0",2022-05-25,NA,NA,2318
"1068","2319.0",2022-05-25,NA,NA,2319
"1069","2320.0",2022-05-25,NA,NA,2320
"1070","2321.0",2022-05-25,NA,NA,2321
"1071","2322.0",2022-05-25,NA,NA,2322
"1072","2323.0",2022-05-25,NA,NA,2323
"1073","2324.0",2022-05-25,NA,NA,2324
"1074","2325.0",2022-05-25,NA,NA,2325
"1075","2327.0",2022-05-25,NA,NA,2327
"1076","2326.0",2022-05-25,NA,NA,2326
"1077","2328.0",2022-05-25,NA,NA,2328
"1078","2329.0",2022-05-25,NA,NA,2329
"1079","2330.0",2022-05-25,NA,NA,2330
"1080","2331.0",2022-05-25,NA,NA,2331
"1081","2332.0",2022-05-25,NA,NA,2332
"1082","2333.0",2022-05-25,NA,NA,2333
"1083","2334.0",2022-05-25,NA,NA,2334
"1084","2336.0",2022-05-25,NA,NA,2336
"1085","2335.0",2022-05-25,NA,NA,2335
"1086","2374.0",2022-05-25,NA,NA,2374
"1087","2301.0",2022-05-25,NA,NA,2301
"1088","2302.0",2022-05-25,NA,NA,2302
"1089","2303.0",2022-05-25,NA,NA,2303
"1090","2304.0",2022-05-25,NA,NA,2304
"1091","2305.0",2022-05-25,NA,NA,2305
"1092","2306.0",2022-05-25,NA,NA,2306
"1093","2307.0",2022-05-25,NA,NA,2307
"1094","2308.0",2022-05-25,NA,NA,2308
"1095","2309.0",2022-05-25,NA,NA,2309
"1096","2370.0",2022-05-25,NA,NA,2370
"1097","2371.0",2022-05-25,NA,NA,2371
"1098","2372.0",2022-05-25,NA,NA,2372
"1099","2373.0",2022-05-25,NA,NA,2373
"1100","2381.0",2022-05-25,NA,NA,2381
"1101","2382.0",2022-05-25,NA,NA,2382
"1102","2383.0",2022-05-25,NA,NA,2383
"1103","2384.0",2022-05-25,NA,NA,2384
"1104","2004.0",2022-05-25,NA,NA,2004
"1105","2005.0",2022-05-25,NA,NA,2005
"1106","2006.0",2022-05-25,NA,NA,2006
"1107","2007.0",2022-05-25,NA,NA,2007
"1108","LL-LEU",2022-05-25,NA,NA,NA
"1109","Chamise-LEU",2022-05-25,NA,NA,NA
"1110","Cucu-LEU",2022-05-25,NA,NA,NA
"1111","LL-ARCA",2022-05-25,NA,NA,NA
"1112","Chamise-ARCA",2022-05-25,NA,NA,NA
"1113","Cucu-ARCA",2022-05-25,NA,NA,NA
"1114","2093.0",2022-05-25,NA,NA,2093
"1115","2092.0",2022-05-25,NA,NA,2092
"1116","2091.0",2022-05-25,NA,NA,2091
"1117","2090.0",2022-05-25,NA,NA,2090
"1118","2089.0",2022-05-25,NA,NA,2089
"1119","2088.0",2022-05-25,NA,NA,2088
"1120","2087.0",2022-05-25,NA,NA,2087
"1121","2086.0",2022-05-25,NA,NA,2086
"1122","2085.0",2022-05-25,NA,NA,2085
"1123","2020.0",2022-05-25,NA,NA,2020
"1124","2021.0",2022-05-25,NA,NA,2021
"1125","2022.0",2022-05-25,NA,NA,2022
"1126","2023.0",2022-05-25,NA,NA,2023
"1127","2024.0",2022-05-25,NA,NA,2024
"1128","2025.0",2022-05-25,NA,NA,2025
"1129","2026.0",2022-05-25,NA,NA,2026
"1130","2027.0",2022-05-25,NA,NA,2027
"1131","2028.0",2022-05-25,NA,NA,2028
"1132","2029.0",2022-05-25,NA,NA,2029
"1133","2030.0",2022-05-25,NA,NA,2030
"1134","2031.0",2022-05-25,NA,NA,2031
"1135","2012.0",2022-05-25,NA,NA,2012
"1136","2013.0",2022-05-25,NA,NA,2013
"1137","2014.0",2022-05-25,NA,NA,2014
"1138","2015.0",2022-05-25,NA,NA,2015
"1139","1478.0",2022-05-25,NA,NA,1478
"1140","2011.0",2022-05-25,NA,NA,2011
"1141","2010.0",2022-05-25,NA,NA,2010
"1142","2009.0",2022-05-25,NA,NA,2009
"1143","2008.0",2022-05-25,NA,NA,2008
