"","tree","week","date_lfm","time","type_lfm","plot","site","species","mpa_mean","lfm_percent","ilfm"
"1","1478",14,"2022-04-04","md","leaf","Low","Cucu Mesa","blue oak",NA,173.412347426145,0.576660206059371
"2","1478",14,"2022-04-04","pd","leaf","Low","Cucu Mesa","blue oak",0.5714,175.311648402621,0.570412753009657
"3","1478",17,"2022-04-27","pd","leaf","Low","Cucu Mesa","blue oak",0.903,99.3451211525868,1.00659195781147
"4","1478",21,"2022-05-25","md","leaf","Low","Cucu Mesa","blue oak",3.9875,72.9859719438878,1.37012630422845
"5","1478",21,"2022-05-25","pd","leaf","Low","Cucu Mesa","blue oak",1.55266666666667,73.1793960923624,1.36650485436893
"6","1478",37,"2022-09-16","md","leaf","Low","Cucu Mesa","blue oak",4.073,67.7816816672282,1.47532485975999
"7","1478",37,"2022-09-16","pd","leaf","Low","Cucu Mesa","blue oak",1.695,71.3964856652134,1.40062916358253
"8","2004",10,"2022-03-08","md","leaf","High","Cucu Mesa","blue oak",1.65333333333333,175.405358241543,0.570108011536881
"9","2004",10,"2022-03-08","pd","leaf","High","Cucu Mesa","blue oak",0.3335,229.321081409478,0.436069808259098
"10","2004",14,"2022-04-04","pd","leaf","High","Cucu Mesa","blue oak",0.38925,118.124654304096,0.84656332405057
"11","2004",15,"2022-04-12","md","leaf","High","Cucu Mesa","blue oak",2.2,99.4408431886783,1.00562300955414
"12","2004",17,"2022-04-27","md","leaf","High","Cucu Mesa","blue oak",2.62066666666667,80.8619901035386,1.23667498007354
"13","2004",17,"2022-04-27","pd","leaf","High","Cucu Mesa","blue oak",0.9345,81.010180109632,1.23441275978734
"14","2004",21,"2022-05-25","md","leaf","High","Cucu Mesa","blue oak",2.6858,78.8674292143259,1.26795054683785
"15","2004",21,"2022-05-25","pd","leaf","High","Cucu Mesa","blue oak",1.81766666666667,77.990852482504,1.28220165335971
"16","2004",37,"2022-09-15","md","leaf","High","Cucu Mesa","blue oak",3.59033333333333,60.3137458831687,1.65799683862624
"17","2004",37,"2022-09-12","pd","leaf","High","Cucu Mesa","blue oak",1.6205,66.02656425028,1.51454192922928
"18","2005",10,"2022-03-08","pd","leaf","High","Cucu Mesa","blue oak",1.045,216.456239493544,0.461987144533122
"19","2005",14,"2022-04-04","md","leaf","High","Cucu Mesa","blue oak",2.125,108.362634786685,0.922827321399603
"20","2005",14,"2022-04-04","pd","leaf","High","Cucu Mesa","blue oak",0.4295,131.804212092783,0.758701094693434
"21","2005",17,"2022-04-27","md","leaf","High","Cucu Mesa","blue oak",2.733,78.4051184295421,1.27542693644247
"22","2005",17,"2022-04-27","pd","leaf","High","Cucu Mesa","blue oak",0.917666666666667,101.789781223401,0.982416887020585
"23","2005",21,"2022-05-25","md","leaf","High","Cucu Mesa","blue oak",3,106.703935205564,0.937172558887833
"24","2005",21,"2022-05-23","md","leaf","High","Cucu Mesa","blue oak",3,74.9499521281225,1.33422366740216
"25","2005",21,"2022-05-25","pd","leaf","High","Cucu Mesa","blue oak",1.72933333333333,85.743884264476,1.16626393658061
"26","2005",29,"2022-07-19","md","leaf","High","Cucu Mesa","blue oak",4.3,64.0625,1.5609756097561
"27","2005",29,"2022-07-19","pd","leaf","High","Cucu Mesa","blue oak",NA,67.5611413043478,1.48014077425842
"28","2005",37,"2022-09-15","md","leaf","High","Cucu Mesa","blue oak",3.5775,63.1027638929727,1.58471664045664
"29","2005",37,"2022-09-16","pd","leaf","High","Cucu Mesa","blue oak",1.687,71.4519618735746,1.39954169735658
"30","2005",37,"2022-09-12","pd","leaf","High","Cucu Mesa","blue oak",1.687,88.5314583409232,1.12954199415662
"31","2006",10,"2022-03-08","md","leaf","High","Cucu Mesa","blue oak",1.40666666666667,160.109994776784,0.624570628082364
"32","2006",14,"2022-04-04","pd","leaf","High","Cucu Mesa","blue oak",0.540666666666667,106.285509774974,0.940862025423018
"33","2006",15,"2022-04-12","md","leaf","High","Cucu Mesa","blue oak",1.727,101.309504200297,0.987074221607994
"34","2006",17,"2022-04-27","md","leaf","High","Cucu Mesa","blue oak",2.717,79.3058580601364,1.26094089952563
"35","2006",17,"2022-04-27","pd","leaf","High","Cucu Mesa","blue oak",0.991333333333333,115.962397617275,0.862348503090134
"36","2006",21,"2022-05-25","md","leaf","High","Cucu Mesa","blue oak",3.19933333333333,87.3489630297566,1.14483328171777
"37","2006",21,"2022-05-25","pd","leaf","High","Cucu Mesa","blue oak",1.767,84.0819730727987,1.18931557318974
"38","2006",29,"2022-07-19","md","leaf","High","Cucu Mesa","blue oak",4.46666666666667,63.816054860831,1.56700379266751
"39","2006",37,"2022-09-15","md","leaf","High","Cucu Mesa","blue oak",2.566,58.031939877877,1.7231889923108
"40","2006",37,"2022-09-12","pd","leaf","High","Cucu Mesa","blue oak",1.90766666666667,89.9223724169206,1.11207030366542
"41","2006",37,"2022-09-16","pd","leaf","High","Cucu Mesa","blue oak",1.90766666666667,85.4016006171054,1.17093824093937
"42","2007",10,"2022-03-08","md","leaf","High","Cucu Mesa","blue oak",1.77,135.32197656088,0.738978269024995
"43","2007",10,"2022-03-08","pd","leaf","High","Cucu Mesa","blue oak",0.815,181.348536615486,0.551424355918738
"44","2007",14,"2022-04-04","md","leaf","High","Cucu Mesa","blue oak",2.1,93.7573356807512,1.06658320945153
"45","2007",14,"2022-04-04","pd","leaf","High","Cucu Mesa","blue oak",0.36675,94.5303620018599,1.05786117689925
"46","2007",17,"2022-04-27","md","leaf","High","Cucu Mesa","blue oak",2.42633333333333,78.9125471742068,1.26722560075574
"47","2007",17,"2022-04-27","pd","leaf","High","Cucu Mesa","blue oak",0.989,86.0114404576183,1.16263603385732
"48","2007",21,"2022-05-25","md","leaf","High","Cucu Mesa","blue oak",3.4,82.8391226583827,1.20715909090909
"49","2007",21,"2022-05-25","pd","leaf","High","Cucu Mesa","blue oak",1.67233333333333,87.8685762426285,1.13806327900288
"50","2007",37,"2022-09-15","md","leaf","High","Cucu Mesa","blue oak",3.4215,50.1430292080699,1.99429515087824
"51","2007",37,"2022-09-16","md","leaf","High","Cucu Mesa","blue oak",3.4215,58.3933213357328,1.71252461261878
"52","2007",37,"2022-09-16","pd","leaf","High","Cucu Mesa","blue oak",1.29416666666667,70.3349796006012,1.42176766905816
"53","2007",37,"2022-09-12","pd","leaf","High","Cucu Mesa","blue oak",1.29416666666667,72.8373702422145,1.3729216152019
"54","2008",14,"2022-04-04","md","leaf","High","Cucu Mesa","blue oak",1.88333333333333,103.546052631579,0.965753859838617
"55","2008",14,"2022-04-04","pd","leaf","High","Cucu Mesa","blue oak",0.6765,127.854226284008,0.782140746586398
"56","2008",21,"2022-05-25","md","leaf","High","Cucu Mesa","blue oak",3.3,70.1880437833286,1.4247440818938
"57","2008",21,"2022-05-25","pd","leaf","High","Cucu Mesa","blue oak",1.736,80.1554012239566,1.24757656343828
"58","2009",13,"2022-03-30","pd","leaf","Hobbiton","LL","blue oak",NA,152.939657954179,0.653852645792893
"59","2009",14,"2022-04-04","pd","leaf","Hobbiton","LL","blue oak",1.12333333333333,104.901616303584,0.953274158432423
"60","2009",17,"2022-04-25","md","leaf","Hobbiton","LL","blue oak",3.03333333333333,91.171686578047,1.09683174407874
"61","2009",17,"2022-04-25","pd","leaf","Hobbiton","LL","blue oak",1.276,116.770968080271,0.856377245508984
"62","2009",21,"2022-05-23","md","leaf","Hobbiton","LL","blue oak",3.276,61.4859437751004,1.6263879817113
"63","2009",29,"2022-07-19","md","leaf","Hobbiton","LL","blue oak",3.95,60.2637614678899,1.65937202664129
"64","2009",29,"2022-07-19","pd","leaf","Hobbiton","LL","blue oak",NA,59.9818511796733,1.66717095310136
"65","2009",33,"2022-08-18","md","leaf","Hobbiton","LL","blue oak",4.0635,60.2371633857118,1.66010473235066
"66","2009",33,"2022-08-18","pd","leaf","Hobbiton","LL","blue oak",2.851,55.0387596899225,1.8169014084507
"67","2009",37,"2022-09-15","md","leaf","Hobbiton","LL","blue oak",NA,49.7013034033309,2.01201966854853
"68","2009",37,"2022-09-16","pd","leaf","Hobbiton","LL","blue oak",1.60833333333333,60.6903526576387,1.64770833618502
"69","2009",37,"2022-09-12","pd","leaf","Hobbiton","LL","blue oak",1.60833333333333,86.4146598867888,1.15721105806595
"70","2010",13,"2022-03-30","pd","leaf","Weathertop","LL","blue oak",NA,142.831938289841,0.700123524173393
"71","2010",17,"2022-04-25","md","leaf","Weathertop","LL","blue oak",2.62666666666667,128.309768637532,0.779363886801904
"72","2010",17,"2022-04-25","pd","leaf","Weathertop","LL","blue oak",1.171,98.0646617389832,1.01973532796318
"73","2010",21,"2022-05-23","md","leaf","Weathertop","LL","blue oak",3.56833333333333,89.495026778883,1.11738052492092
"74","2010",29,"2022-07-19","pd","leaf","Weathertop","LL","blue oak",3.45,66.7702936096719,1.49767201241593
"75","2010",33,"2022-08-18","md","leaf","Weathertop","LL","blue oak",4.2655,64.3712330998534,1.55348896058708
"76","2010",37,"2022-09-15","md","leaf","Weathertop","LL","blue oak",NA,52.1442495126706,1.91775700934579
"77","2010",37,"2022-09-12","pd","leaf","Weathertop","LL","blue oak",1.91666666666667,57.0414893811961,1.75310990447184
"78","2011",14,"2022-04-04","pd","leaf","Weathertop","LL","blue oak",0.856333333333333,142.023782813552,0.704107424960504
"79","2011",17,"2022-04-25","md","leaf","Weathertop","LL","blue oak",1.695,93.6826783114993,1.06743318831572
"80","2011",17,"2022-04-25","pd","leaf","Weathertop","LL","blue oak",1.253,99.1880547718984,1.0081859174471
"81","2011",21,"2022-05-23","md","leaf","Weathertop","LL","blue oak",2.22,71.8262886971652,1.39224790552135
"82","2011",29,"2022-07-19","md","leaf","Weathertop","LL","blue oak",4.875,56.6019417475728,1.76672384219554
"83","2011",29,"2022-07-19","pd","leaf","Weathertop","LL","blue oak",4.15,64.5306122448979,1.54965211891208
"84","2011",33,"2022-08-18","md","leaf","Weathertop","LL","blue oak",4.2785,59.3693460842595,1.68437091858946
"85","2011",33,"2022-08-18","pd","leaf","Weathertop","LL","blue oak",3.60766666666667,44.01977076143,2.27170651437421
"86","2011",37,"2022-09-15","md","leaf","Weathertop","LL","blue oak",3.836,56.9183673469388,1.75690211545357
"87","2011",37,"2022-09-12","pd","leaf","Weathertop","LL","blue oak",1.57,71.9415100414262,1.3900180847249
"88","2012",14,"2022-04-04","md","leaf","Low","Cucu Mesa","blue oak",NA,158.381231671554,0.631387942527034
"89","2012",14,"2022-04-04","pd","leaf","Low","Cucu Mesa","blue oak",0.505,185.393258426966,0.53939393939394
"90","2012",17,"2022-04-27","md","leaf","Low","Cucu Mesa","blue oak",2.50333333333333,82.860852629301,1.20684251762862
"91","2012",17,"2022-04-27","pd","leaf","Low","Cucu Mesa","blue oak",1.2195,124.268100592037,0.804711744394425
"92","2012",21,"2022-05-25","md","leaf","Low","Cucu Mesa","blue oak",2.97216666666667,86.7345013041923,1.15294373630262
"93","2012",21,"2022-05-25","pd","leaf","Low","Cucu Mesa","blue oak",2.607,74.3375174337518,1.34521575984991
"94","2012",37,"2022-09-15","md","leaf","Low","Cucu Mesa","blue oak",4.1735,63.12952410288,1.58404488899732
"95","2012",37,"2022-09-16","pd","leaf","Low","Cucu Mesa","blue oak",2.4035,70.1974784219802,1.42455259430926
"96","2013",14,"2022-04-04","md","leaf","Low","Cucu Mesa","blue oak",1.6,188.848894967965,0.529523882133191
"97","2013",14,"2022-04-04","pd","leaf","Low","Cucu Mesa","blue oak",0.7244,197.452989752263,0.506449662400485
"98","2013",17,"2022-04-27","md","leaf","Low","Cucu Mesa","blue oak",2.29,97.7027497389488,1.02351264695404
"99","2013",17,"2022-04-27","pd","leaf","Low","Cucu Mesa","blue oak",1.198,124.364032104476,0.804091008532047
"100","2013",21,"2022-05-25","pd","leaf","Low","Cucu Mesa","blue oak",2.104,86.2260830068699,1.15974188450649
"101","2013",29,"2022-07-19","md","leaf","Low","Cucu Mesa","blue oak",3.96666666666667,63.3348687240903,1.57890909090909
"102","2013",37,"2022-09-16","pd","leaf","Low","Cucu Mesa","blue oak",2.0305,68.4466724789305,1.46099140218661
"103","2014",14,"2022-04-04","md","leaf","Low","Cucu Mesa","blue oak",2.46666666666667,185.153922542205,0.540091177259318
"104","2014",14,"2022-04-04","pd","leaf","Low","Cucu Mesa","blue oak",0.787,161.284393449928,0.62002279241634
"105","2014",21,"2022-05-23","md","leaf","Low","Cucu Mesa","blue oak",NA,70.9291628334867,1.40985732814527
"106","2014",37,"2022-09-15","md","leaf","Low","Cucu Mesa","blue oak",3.63933333333333,57.375862568161,1.74289318755256
"107","2015",14,"2022-04-04","md","leaf","Low","Cucu Mesa","blue oak",NA,116.773895542578,0.856355776565988
"108","2015",14,"2022-04-04","pd","leaf","Low","Cucu Mesa","blue oak",0.617666666666667,124.13432751511,0.805578940183389
"109","2015",17,"2022-04-27","md","leaf","Low","Cucu Mesa","blue oak",2.731,83.6149187121454,1.19595882577202
"110","2015",17,"2022-04-27","pd","leaf","Low","Cucu Mesa","blue oak",1.326,87.4926943308007,1.14295257181029
"111","2015",21,"2022-05-25","md","leaf","Low","Cucu Mesa","blue oak",3.1685,87.4920270442658,1.14296128891157
"112","2015",21,"2022-05-25","pd","leaf","Low","Cucu Mesa","blue oak",1.982,81.8181818181818,1.22222222222222
"113","2015",29,"2022-07-19","md","leaf","Low","Cucu Mesa","blue oak",4.75,65.1905252317199,1.53396524486572
"114","2015",37,"2022-09-13","md","leaf","Low","Cucu Mesa","blue oak",4.4435,59.2994161801501,1.68635724331927
"115","2015",37,"2022-09-16","pd","leaf","Low","Cucu Mesa","blue oak",1.84675,73.4324458820602,1.36179584921643
"116","2020",10,"2022-03-08","md","leaf","Chamise","Chamise","blue oak",2.17333333333333,130.653336595938,0.765384203767124
"117","2020",11,"2022-03-15","pd","leaf","Chamise","Chamise","blue oak",NA,137.315906917437,0.728247748166032
"118","2020",14,"2022-04-04","md","leaf","Chamise","Chamise","blue oak",2.43333333333333,106.37868574311,0.940037934304682
"119","2020",14,"2022-04-04","pd","leaf","Chamise","Chamise","blue oak",0.68625,131.675311737831,0.759443806741104
"120","2020",17,"2022-04-27","md","leaf","Chamise","Chamise","blue oak",1.781,82.6173391731121,1.21039966913562
"121","2020",21,"2022-05-23","md","leaf","Chamise","Chamise","blue oak",2.9805,79.9793377195367,1.25032293153851
"122","2020",21,"2022-05-25","pd","leaf","Chamise","Chamise","blue oak",1.775,80.5617476593847,1.24128389596016
"123","2020",29,"2022-07-19","md","leaf","Chamise","Chamise","blue oak",3.86666666666667,63.4358288770053,1.57639620653319
"124","2020",37,"2022-09-16","md","leaf","Chamise","Chamise","blue oak",2.643,64.5137814973165,1.55005640157924
"125","2020",37,"2022-09-12","pd","leaf","Chamise","Chamise","blue oak",2.10666666666667,73.1469517208975,1.36711096836358
"126","2021",10,"2022-03-08","md","leaf","Chamise","Chamise","blue oak",1.87333333333333,122.167042889391,0.818551367331852
"127","2021",11,"2022-03-15","pd","leaf","Chamise","Chamise","blue oak",NA,155.68946887208,0.642304201590947
"128","2021",14,"2022-04-04","md","leaf","Chamise","Chamise","blue oak",2.875,127.213027229044,0.786083015066943
"129","2021",14,"2022-04-04","pd","leaf","Chamise","Chamise","blue oak",0.18325,109.053288558733,0.916982892690511
"130","2021",17,"2022-04-27","md","leaf","Chamise","Chamise","blue oak",2.14233333333333,81.8946724289594,1.22108065194041
"131","2021",17,"2022-04-27","pd","leaf","Chamise","Chamise","blue oak",0.881333333333333,101.518316195373,0.985043918651576
"132","2021",21,"2022-05-23","md","leaf","Chamise","Chamise","blue oak",3.7402,72.7192205491585,1.37515225334957
"133","2021",21,"2022-05-25","pd","leaf","Chamise","Chamise","blue oak",1.65,82.7899518973811,1.20787604906391
"134","2021",29,"2022-07-19","md","leaf","Chamise","Chamise","blue oak",4.175,63.6,1.57232704402516
"135","2021",37,"2022-09-15","md","leaf","Chamise","Chamise","blue oak",NA,55.702717971251,1.79524453459545
"136","2021",37,"2022-09-12","pd","leaf","Chamise","Chamise","blue oak",1.96833333333333,80.7627731328277,1.23819423381529
"137","2022",11,"2022-03-15","pd","leaf","Chamise","Chamise","live oak",NA,100.669906570301,0.993345513141677
"138","2022",14,"2022-04-04","md","leaf","Chamise","Chamise","live oak",NA,86.2861185456962,1.15893496758741
"139","2022",14,"2022-04-04","pd","leaf","Chamise","Chamise","live oak",0.18775,112.027356764764,0.892639109659446
"140","2022",17,"2022-04-27","md","leaf","Chamise","Chamise","live oak",1.94266666666667,72.7723222565605,1.37414880959065
"141","2022",17,"2022-04-27","pd","leaf","Chamise","Chamise","live oak",0.887333333333333,83.0443147100746,1.20417635269941
"142","2022",21,"2022-05-23","md","leaf","Chamise","Chamise","live oak",2.65083333333333,66.4019296729577,1.50598033057954
"143","2022",21,"2022-05-25","pd","leaf","Chamise","Chamise","live oak",1.455,62.7463001754117,1.59371946585604
"144","2022",37,"2022-09-12","md","leaf","Chamise","Chamise","live oak",NA,62.0371617072842,1.6119370591427
"145","2022",37,"2022-09-15","md","leaf","Chamise","Chamise","live oak",NA,54.2002478071984,1.84501001463537
"146","2022",37,"2022-09-12","pd","leaf","Chamise","Chamise","live oak",1.44,83.9745748442499,1.19083663341521
"147","2023",10,"2022-03-08","md","leaf","Chamise","Chamise","live oak",1.656,105.864408295992,0.944604533380142
"148","2023",11,"2022-03-15","pd","leaf","Chamise","Chamise","live oak",NA,126.627658310562,0.789716885980344
"149","2023",14,"2022-04-04","pd","leaf","Chamise","Chamise","live oak",0.323,106.155151808331,0.942017399028878
"150","2023",17,"2022-04-27","md","leaf","Chamise","Chamise","live oak",2.42766666666667,75.3170098339163,1.32772132378214
"151","2023",17,"2022-04-27","pd","leaf","Chamise","Chamise","live oak",0.773,93.9386844010537,1.06452416954307
"152","2023",21,"2022-05-25","md","leaf","Chamise","Chamise","live oak",2.149,68.7765048420786,1.45398490704951
"153","2023",21,"2022-05-25","pd","leaf","Chamise","Chamise","live oak",1.312,67.0478739154436,1.49147160320271
"154","2023",29,"2022-07-19","md","leaf","Chamise","Chamise","live oak",3.46666666666667,59.1294902803906,1.69120348451851
"155","2023",37,"2022-09-15","md","leaf","Chamise","Chamise","live oak",NA,52.6615561780417,1.89891843799513
"156","2023",37,"2022-09-12","pd","leaf","Chamise","Chamise","live oak",1.5495,67.8792368783396,1.47320454087058
"157","2024",10,"2022-03-08","md","leaf","Chamise","Chamise","blue oak",1.685,171.107445410574,0.584428104575163
"158","2024",11,"2022-03-15","pd","leaf","Chamise","Chamise","blue oak",NA,149.875930521092,0.667218543046357
"159","2024",14,"2022-04-04","md","leaf","Chamise","Chamise","blue oak",2.25,116.238159675237,0.860302677532013
"160","2024",14,"2022-04-04","pd","leaf","Chamise","Chamise","blue oak",0.413,135.644021449625,0.737223793067339
"161","2024",17,"2022-04-27","md","leaf","Chamise","Chamise","blue oak",1.871,86.5596790371113,1.15527230590962
"162","2024",17,"2022-04-27","pd","leaf","Chamise","Chamise","blue oak",1.017,105.661677448991,0.94641692630969
"163","2024",21,"2022-05-23","md","leaf","Chamise","Chamise","blue oak",2.692,77.2057451967916,1.29524039623097
"164","2024",21,"2022-05-25","pd","leaf","Chamise","Chamise","blue oak",1.7,85.4582137037325,1.17016253518569
"165","2024",29,"2022-07-19","md","leaf","Chamise","Chamise","blue oak",4.1,62.8688152519292,1.59061371841155
"166","2024",37,"2022-09-15","md","leaf","Chamise","Chamise","blue oak",3.92866666666667,51.3475017804266,1.94751441711074
"167","2024",37,"2022-09-12","pd","leaf","Chamise","Chamise","blue oak",2.03666666666667,69.799327892724,1.4326785517719
"168","2025",10,"2022-03-08","md","leaf","Chamise","Chamise","blue oak",1.8025,123.072844040301,0.812526928907683
"169","2025",11,"2022-03-15","pd","leaf","Chamise","Chamise","blue oak",NA,140.216154721274,0.7131845841785
"170","2025",14,"2022-04-04","md","leaf","Chamise","Chamise","blue oak",NA,105.552692604999,0.947394116929083
"171","2025",14,"2022-04-04","pd","leaf","Chamise","Chamise","blue oak",0.1056,121.677410506103,0.821845234740464
"172","2025",17,"2022-04-27","md","leaf","Chamise","Chamise","blue oak",1.428,87.6361744333518,1.14108130171806
"173","2025",17,"2022-04-27","pd","leaf","Chamise","Chamise","blue oak",1.0305,104.870894144063,0.953553422197662
"174","2025",21,"2022-05-23","md","leaf","Chamise","Chamise","blue oak",3.0585,77.1422473588731,1.29630654309033
"175","2025",21,"2022-05-25","pd","leaf","Chamise","Chamise","blue oak",1.5,79.2963464140731,1.26109215017065
"176","2025",29,"2022-07-19","md","leaf","Chamise","Chamise","blue oak",4.1,59.5717066839715,1.67864923747277
"177","2025",37,"2022-09-15","md","leaf","Chamise","Chamise","blue oak",3.658,61.7318253138075,1.61990998146677
"178","2025",37,"2022-09-12","pd","leaf","Chamise","Chamise","blue oak",NA,74.899574012948,1.33512107802793
"179","2026",14,"2022-04-04","md","leaf","Shedd","Chamise","blue oak",2.6,97.7123578888992,1.02341200397295
"180","2026",14,"2022-04-04","pd","leaf","Shedd","Chamise","blue oak",0.4384,115.583839616324,0.86517285056411
"181","2026",17,"2022-04-27","md","leaf","Shedd","Chamise","blue oak",2.98233333333333,79.8013245033112,1.25311203319502
"182","2026",17,"2022-04-27","pd","leaf","Shedd","Chamise","blue oak",1.209,95.0504856850716,1.05207247789693
"183","2026",21,"2022-05-25","md","leaf","Shedd","Chamise","blue oak",3.367,72.7073107724102,1.3753775093267
"184","2026",21,"2022-05-25","pd","leaf","Shedd","Chamise","blue oak",2.05333333333333,82.1047102083698,1.21795692045212
"185","2026",29,"2022-07-19","md","leaf","Shedd","Chamise","blue oak",4.53333333333333,60.0141043723554,1.6662749706228
"186","2026",37,"2022-09-15","md","leaf","Shedd","Chamise","blue oak",4.189,57.7552356020942,1.7314447592068
"187","2026",37,"2022-09-12","pd","leaf","Shedd","Chamise","blue oak",1.806,67.2545732818308,1.48688773298656
"188","2027",10,"2022-03-08","md","leaf","Shedd","Chamise","blue oak",NA,93.3569313263357,1.07115774457542
"189","2027",11,"2022-03-15","pd","leaf","Shedd","Chamise","blue oak",NA,126.032018465363,0.793449166471
"190","2027",14,"2022-04-04","md","leaf","Shedd","Chamise","blue oak",NA,114.683095993507,0.871968088528598
"191","2027",14,"2022-04-04","pd","leaf","Shedd","Chamise","blue oak",0.572666666666667,110.638216948121,0.903846814947232
"192","2027",17,"2022-04-27","md","leaf","Shedd","Chamise","blue oak",2.66533333333333,79.5442775763853,1.25716145833333
"193","2027",17,"2022-04-27","pd","leaf","Shedd","Chamise","blue oak",1.28133333333333,100.714567317169,0.992905025199397
"194","2027",21,"2022-05-23","md","leaf","Shedd","Chamise","blue oak",3.34425,73.5964095181641,1.35876193763664
"195","2027",21,"2022-05-25","pd","leaf","Shedd","Chamise","blue oak",1.985,71.6937354988399,1.39482200647249
"196","2027",37,"2022-09-12","pd","leaf","Shedd","Chamise","blue oak",2.87366666666667,64.8002770722697,1.5432032781044
"197","2028",14,"2022-04-04","md","leaf","Shedd","Chamise","blue oak",NA,78.2271975217376,1.27832778327783
"198","2028",14,"2022-04-04","pd","leaf","Shedd","Chamise","blue oak",0.53675,106.288942866195,0.940831635948134
"199","2028",17,"2022-04-27","md","leaf","Shedd","Chamise","blue oak",2.0795,73.318667504714,1.3639091298757
"200","2028",17,"2022-04-27","pd","leaf","Shedd","Chamise","blue oak",1.216,72.2559551611397,1.38396897220427
"201","2028",21,"2022-05-23","md","leaf","Shedd","Chamise","blue oak",3.2125,69.6586074504514,1.43557276925369
"202","2028",21,"2022-05-25","pd","leaf","Shedd","Chamise","blue oak",1.775,80.5054151624549,1.24215246636771
"203","2028",29,"2022-07-19","md","leaf","Shedd","Chamise","blue oak",5,57.787610619469,1.73047473200613
"204","2028",37,"2022-09-15","md","leaf","Shedd","Chamise","blue oak",3.787,52.635909119676,1.89984369363953
"205","2028",37,"2022-09-12","pd","leaf","Shedd","Chamise","blue oak",2.359,57.0907341325528,1.75159772455931
"206","2029",14,"2022-04-04","md","leaf","Shedd","Chamise","live oak",NA,87.6856866024979,1.14043698435443
"207","2029",14,"2022-04-04","pd","leaf","Shedd","Chamise","live oak",0.2346,109.3458659693,0.914529315887225
"208","2029",17,"2022-04-27","md","leaf","Shedd","Chamise","live oak",1.98666666666667,73.2757294808861,1.36470835170716
"209","2029",17,"2022-04-27","pd","leaf","Shedd","Chamise","live oak",NA,67.9693050430254,1.47125235334831
"210","2029",21,"2022-05-23","md","leaf","Shedd","Chamise","live oak",2.5555,61.3691603983243,1.62948294144709
"211","2029",21,"2022-05-25","pd","leaf","Shedd","Chamise","live oak",1.44,62.43049847225,1.60178121987043
"212","2029",29,"2022-07-19","md","leaf","Shedd","Chamise","live oak",3.3,58.8915121566496,1.6980375666701
"213","2029",37,"2022-09-15","md","leaf","Shedd","Chamise","live oak",3.1065,51.3289246661086,1.94821926721617
"214","2029",37,"2022-09-12","pd","leaf","Shedd","Chamise","live oak",1.329,71.3534793282711,1.40147335408743
"215","2030",14,"2022-04-04","md","leaf","Shedd","Chamise","live oak",NA,67.1081202203813,1.49013263479297
"216","2030",14,"2022-04-04","pd","leaf","Shedd","Chamise","live oak",0.1886,91.1091278146492,1.09758486771422
"217","2030",17,"2022-04-27","md","leaf","Shedd","Chamise","live oak",2.97033333333333,73.5379042366292,1.3598429413792
"218","2030",17,"2022-04-27","pd","leaf","Shedd","Chamise","live oak",0.758,177.349394880367,0.563858704268238
"219","2030",21,"2022-05-23","md","leaf","Shedd","Chamise","live oak",2.02375,66.9160088277736,1.49441070607449
"220","2030",21,"2022-05-25","pd","leaf","Shedd","Chamise","live oak",1.37625,68.574651394135,1.45826479562028
"221","2030",29,"2022-07-19","md","leaf","Shedd","Chamise","live oak",3.4625,59.1722824110926,1.68998044228312
"222","2030",37,"2022-09-15","md","leaf","Shedd","Chamise","live oak",NA,54.4547530031997,1.83638699075771
"223","2030",37,"2022-09-12","pd","leaf","Shedd","Chamise","live oak",2,59.7702075289244,1.67307433141515
"224","2031",14,"2022-04-04","pd","leaf","Shedd","Chamise","blue oak",0.244,122.034925453359,0.819437547312795
"225","2031",14,"2022-04-04",NA,"leaf","Shedd","Chamise","blue oak",NA,104.202223349785,0.959672421425414
"226","2031",21,"2022-05-23","md","leaf","Shedd","Chamise","blue oak",2.971,70.4772727272727,1.41889712995808
"227","2031",21,"2022-05-25","pd","leaf","Shedd","Chamise","blue oak",1.9125,82.1908449100433,1.21668052091992
"228","2031",37,"2022-09-12","pd","leaf","Shedd","Chamise","blue oak",2.89666666666667,54.4293774126497,1.83724313511548
"229","2032",17,"2022-04-27","md","leaf",NA,NA,"blue oak",1.873,80.955749935683,1.2352427107333
"230","2032",17,"2022-04-27","pd","leaf",NA,NA,"blue oak",0.899,82.5568181818182,1.21128699242946
"231","2085",14,"2022-04-04","pd","leaf","Low","PineNeedle","blue oak",0.518,166.972829503388,0.598899834766056
"232","2085",21,"2022-05-25","md","leaf","Low","PineNeedle","blue oak",3.21666666666667,127.549852893102,0.784007176267062
"233","2085",21,"2022-05-25","pd","leaf","Low","PineNeedle","blue oak",1.52,90.9009812667261,1.10009813542689
"234","2085",29,"2022-07-19","md","leaf","Low","PineNeedle","blue oak",4.1,60.0883800341468,1.66421527661708
"235","2085",37,"2022-09-15","md","leaf","Low","PineNeedle","blue oak",3.556,64.247656302691,1.55647701028763
"236","2085",37,"2022-09-16","pd","leaf","Low","PineNeedle","blue oak",1.48244444444444,63.5322899350751,1.57400276461295
"237","2085",37,"2022-09-12","pd","leaf","Low","PineNeedle","blue oak",1.48244444444444,93.6710712370179,1.06756545729009
"238","2086",14,"2022-04-04","md","leaf","Low","PineNeedle","blue oak",0.8625,188.58940397351,0.530252484461144
"239","2086",14,"2022-04-04","pd","leaf","Low","PineNeedle","blue oak",0.756333333333333,239.16011181174,0.418129926610492
"240","2086",17,"2022-04-27","md","leaf","Low","PineNeedle","blue oak",1.99433333333333,127.06149245523,0.78702050532922
"241","2086",17,"2022-04-27","pd","leaf","Low","PineNeedle","blue oak",0.852666666666667,111.54038098709,0.896536295779497
"242","2086",21,"2022-05-25","md","leaf","Low","PineNeedle","blue oak",3.252,91.8885601577909,1.08827475181111
"243","2086",21,"2022-05-25","pd","leaf","Low","PineNeedle","blue oak",1.55366666666667,91.0688140556369,1.09807073954984
"244","2086",29,"2022-07-19","md","leaf","Low","PineNeedle","blue oak",4.1,62.0322691383454,1.61206419479801
"245","2086",37,"2022-09-15","md","leaf","Low","PineNeedle","blue oak",4.3785,63.1753711873251,1.58289532962907
"246","2086",37,"2022-09-12","pd","leaf","Low","PineNeedle","blue oak",1.8648,89.7003477680911,1.11482287960062
"247","2086",37,"2022-09-16","pd","leaf","Low","PineNeedle","blue oak",1.8648,68.5065657689739,1.45971410006498
"248","2087",14,"2022-04-04","md","leaf","Low","PineNeedle","blue oak",NA,156.094948369682,0.640635722324393
"249","2087",14,"2022-04-04","pd","leaf","Low","PineNeedle","blue oak",0.617,214.544143671757,0.466104542816119
"250","2087",17,"2022-04-27","md","leaf","Low","PineNeedle","blue oak",2.32733333333333,96.6947876586287,1.03418190805734
"251","2087",21,"2022-05-25","md","leaf","Low","PineNeedle","blue oak",NA,87.5989740158358,1.14156588160407
"252","2087",21,"2022-05-25","pd","leaf","Low","PineNeedle","blue oak",1.65,91.6484886257401,1.09112546752805
"253","2087",29,"2022-07-19","md","leaf","Low","PineNeedle","blue oak",3.63333333333333,64.5807259073842,1.5484496124031
"254","2087",37,"2022-09-15","md","leaf","Low","PineNeedle","blue oak",3.72733333333333,64.0068672090767,1.56233236151603
"255","2087",37,"2022-09-12","pd","leaf","Low","PineNeedle","blue oak",1.76057142857143,90.1860465116279,1.10881897885508
"256","2087",37,"2022-09-15","pd","leaf","Low","PineNeedle","blue oak",1.76057142857143,65.9543358452368,1.51620054570259
"257","2088",14,"2022-04-04","md","leaf","Low","PineNeedle","blue oak",NA,134.343067731308,0.744362933560549
"258","2088",14,"2022-04-04","pd","leaf","Low","PineNeedle","blue oak",0.201,169.590382902939,0.589656077710684
"259","2088",17,"2022-04-27","md","leaf","Low","PineNeedle","blue oak",2.08566666666667,95.7553562674817,1.04432800313187
"260","2088",17,"2022-04-27","pd","leaf","Low","PineNeedle","blue oak",0.842333333333333,98.5981308411215,1.01421800947867
"261","2088",21,"2022-05-25","md","leaf","Low","PineNeedle","blue oak",2.8935,93.7802907915993,1.06632213608958
"262","2088",21,"2022-05-25","pd","leaf","Low","PineNeedle","blue oak",1.36766666666667,93.671963677639,1.06755528627689
"263","2088",37,"2022-09-15","md","leaf","Low","PineNeedle","blue oak",NA,58.6283023781406,1.70566084883407
"264","2088",37,"2022-09-16","pd","leaf","Low","PineNeedle","blue oak",1.79571428571429,63.4721266345492,1.57549471401464
"265","2089",11,"2022-03-15","pd","leaf","Low","PineNeedle","live oak",NA,61.9850131769087,1.61329319580193
"266","2089",14,"2022-04-04","pd","leaf","Low","PineNeedle","live oak",0.2202,91.004701252032,1.09884433028417
"267","2089",17,"2022-04-27","md","leaf","Low","PineNeedle","live oak",1.4525,150.29937461648,0.66533876308648
"268","2089",17,"2022-04-27","pd","leaf","Low","PineNeedle","live oak",0.838,341.55375296352,0.292779684404992
"269","2089",21,"2022-05-25","md","leaf","Low","PineNeedle","live oak",1.9712,78.222501351839,1.27840452902685
"270","2089",21,"2022-05-25","pd","leaf","Low","PineNeedle","live oak",1.04466666666667,72.5333756980758,1.37867566534137
"271","2089",29,"2022-07-19","md","leaf","Low","PineNeedle","live oak",2.45,59.4663293683454,1.68162388804228
"272","2089",37,"2022-09-15","md","leaf","Low","PineNeedle","live oak",3.42933333333333,60.313804045143,1.65799523978214
"273","2089",37,"2022-09-12","pd","leaf","Low","PineNeedle","live oak",1.548,69.0697358076207,1.4478121109154
"274","2089",37,"2022-09-16","pd","leaf","Low","PineNeedle","live oak",1.548,55.0772283162474,1.81563239576638
"275","2090",14,"2022-04-04","pd","leaf","Low","PineNeedle","blue oak",0.874666666666667,168.440326052215,0.593682061438189
"276","2090",17,"2022-04-27","pd","leaf","Low","PineNeedle","blue oak",1.1926,121.576047637598,0.822530440355214
"277","2090",21,"2022-05-25","md","leaf","Low","PineNeedle","blue oak",2.665,112.120567375887,0.891897020684416
"278","2090",21,"2022-05-25","pd","leaf","Low","PineNeedle","blue oak",1.97875,81.4714971398514,1.2274231296909
"279","2090",29,"2022-07-19","md","leaf","Low","PineNeedle","blue oak",4,65.2358490566038,1.53289949385394
"280","2090",37,"2022-09-15","md","leaf","Low","PineNeedle","blue oak",NA,64.0584467150193,1.56107438016529
"281","2090",37,"2022-09-12","pd","leaf","Low","PineNeedle","blue oak",1.83357142857143,84.4242289771467,1.18449408672799
"282","2090",37,"2022-09-16","pd","leaf","Low","PineNeedle","blue oak",1.83357142857143,70.8843333083027,1.41074896712454
"283","2091",11,"2022-03-15","pd","leaf","Low","PineNeedle","live oak",NA,86.6063029195188,1.15465037334439
"284","2091",14,"2022-04-04","pd","leaf","Low","PineNeedle","live oak",0.129,79.1362087544049,1.26364405844036
"285","2091",14,"2022-04-04",NA,"leaf","Low","PineNeedle","live oak",NA,62.4469881778946,1.6013582547028
"286","2091",17,"2022-04-27","md","leaf","Low","PineNeedle","live oak",2.02066666666667,105.532916832011,0.947571648750894
"287","2091",17,"2022-04-27","pd","leaf","Low","PineNeedle","live oak",0.5792,160.905227269541,0.621483849200775
"288","2091",21,"2022-05-25","md","leaf","Low","PineNeedle","live oak",2.122,69.8620896417329,1.43139148160069
"289","2091",21,"2022-05-25","pd","leaf","Low","PineNeedle","live oak",0.583666666666667,71.1245381773399,1.40598452464693
"290","2091",37,"2022-09-15","md","leaf","Low","PineNeedle","live oak",2.94475,63.8190148231776,1.56693111413689
"291","2091",37,"2022-09-16","pd","leaf","Low","PineNeedle","live oak",0.6045,67.0603374237789,1.49119440554054
"292","2091",37,"2022-09-12","pd","leaf","Low","PineNeedle","live oak",0.6045,83.6484727857307,1.19547908849639
"293","2092",11,"2022-03-15","pd","leaf","Low","PineNeedle","live oak",NA,208.677111056151,0.47920924098423
"294","2092",14,"2022-04-04","md","leaf","Low","PineNeedle","live oak",NA,73.4577219422839,1.36132726901837
"295","2092",14,"2022-04-04","pd","leaf","Low","PineNeedle","live oak",0.109333333333333,77.8103044496487,1.28517682468021
"296","2092",17,"2022-04-27","md","leaf","Low","PineNeedle","live oak",2.1235,122.069818296078,0.819203316559804
"297","2092",17,"2022-04-27","pd","leaf","Low","PineNeedle","live oak",1.261,105.995593620411,0.943435444666859
"298","2092",21,"2022-05-25","md","leaf","Low","PineNeedle","live oak",2.2205,72.5170535582309,1.37898597768731
"299","2092",21,"2022-05-25","pd","leaf","Low","PineNeedle","live oak",1.09083333333333,70.7788647617529,1.41285114329832
"300","2092",29,"2022-07-19","md","leaf","Low","PineNeedle","live oak",3.2,57.3107568565655,1.74487313525234
"301","2092",37,"2022-09-15","md","leaf","Low","PineNeedle","live oak",3.0824,65.4486282191864,1.52791590474749
"302","2093",10,"2022-03-08","md","leaf","Low","PineNeedle","live oak",2.064,71.3036519854702,1.40245271056211
"303","2093",11,"2022-03-15","pd","leaf","Low","PineNeedle","live oak",NA,62.6082222678023,1.59723429891136
"304","2093",14,"2022-04-04","md","leaf","Low","PineNeedle","live oak",NA,80.367419343716,1.24428531880959
"305","2093",14,"2022-04-04","pd","leaf","Low","PineNeedle","live oak",0.15425,173.322296191603,0.576959815311081
"306","2093",17,"2022-04-27","md","leaf","Low","PineNeedle","live oak",1.87566666666667,125.863016573847,0.794514566090411
"307","2093",17,"2022-04-27","pd","leaf","Low","PineNeedle","live oak",0.7785,156.875221005611,0.637449301164162
"308","2093",21,"2022-05-25","md","leaf","Low","PineNeedle","live oak",2.7215,67.8436966030383,1.47397628677447
"309","2093",21,"2022-05-25","pd","leaf","Low","PineNeedle","live oak",0.820833333333333,65.0729138067086,1.53673770160405
"310","2093",37,"2022-09-15","md","leaf","Low","PineNeedle","live oak",2.20625,60.2488759988132,1.65978200160896
"311","2093",37,"2022-09-16","pd","leaf","Low","PineNeedle","live oak",1.22122222222222,56.2879223350578,1.77658005219562
"312","2093",37,"2022-09-12","pd","leaf","Low","PineNeedle","live oak",1.22122222222222,72.8144013144082,1.37335469625309
"313","2301",10,"2022-03-08","pd","leaf","Hobbiton","LL","live oak",1.0105,79.6445903716824,1.25557805663038
"314","2301",13,"2022-03-30","pd","leaf","Hobbiton","LL","live oak",NA,77.9575908869186,1.28274872096875
"315","2301",14,"2022-04-04","pd","leaf","Hobbiton","LL","live oak",1.22885714285714,61.023398723706,1.63871567450327
"316","2301",17,"2022-04-25","md","leaf","Hobbiton","LL","live oak",3.4964,72.4340261560019,1.38056663845565
"317","2301",21,"2022-05-23","md","leaf","Hobbiton","LL","live oak",2.87666666666667,58.4203018244613,1.71173371032001
"318","2301",21,"2022-05-23","pd","leaf","Hobbiton","LL","live oak",1.5725,69.6151249155975,1.4364694471387
"319","2301",29,"2022-07-19","md","leaf","Hobbiton","LL","live oak",4.38333333333333,51.8326693227092,1.92928516525749
"320","2301",33,"2022-08-18","md","leaf","Hobbiton","LL","live oak",3.7614,53.9980871978535,1.85191745095695
"321","2301",33,"2022-08-18","pd","leaf","Hobbiton","LL","live oak",2.7855,60.2857356269905,1.6587671853046
"322","2301",37,"2022-09-15","md","leaf","Hobbiton","LL","live oak",4.946,49.5772657457843,2.01705355258531
"323","2301",37,"2022-09-12","pd","leaf","Hobbiton","LL","live oak",1.33125,61.7808668552918,1.61862409982411
"324","2330",33,"2022-08-18","pd","leaf","Ridge","LL","blue oak",2.85233333333333,54.2536673118719,1.84319337207492
"325","2331",10,"2022-03-08","md","leaf","Ridge","LL","live oak",2.22933333333333,131.237069207754,0.761979832403114
"326","2331",10,"2022-03-08","pd","leaf","Ridge","LL","live oak",0.9335,56.7161200734645,1.76316715372049
"327","2331",13,"2022-03-30","pd","leaf","Ridge","LL","live oak",NA,92.1690081166644,1.08496339543356
"328","2331",14,"2022-04-04","pd","leaf","Ridge","LL","live oak",0.391666666666667,80.3023796743603,1.24529310844233
"329","2331",17,"2022-04-25","md","leaf","Ridge","LL","live oak",2.99033333333333,45.1005025125628,2.21727019498607
"330","2331",21,"2022-05-23","md","leaf","Ridge","LL","live oak",2.64,54.1440743609605,1.84692417739628
"331","2331",21,"2022-05-23","pd","leaf","Ridge","LL","live oak",1.898,89.9640406749462,1.1115552308429
"332","2331",33,"2022-08-18","md","leaf","Ridge","LL","live oak",3.86975,54.7922596928315,1.82507530371271
"333","2331",37,"2022-09-15","md","leaf","Ridge","LL","live oak",4.2825,53.884287749096,1.85582855740127
"334","2331",37,"2022-09-12","pd","leaf","Ridge","LL","live oak",1.834,56.5159975774374,1.76941050828982
"335","2343",13,"2022-03-30","pd","leaf","Hobbiton","LL","blue oak",NA,157.191985121241,0.636164750530192
"336","2343",14,"2022-04-04","pd","leaf","Hobbiton","LL","blue oak",0.906666666666667,111.012590409858,0.900798725899472
"337","2343",17,"2022-04-25","md","leaf","Hobbiton","LL","blue oak",2.6195,102.001912655403,0.980373773360838
"338","2343",17,"2022-04-25","pd","leaf","Hobbiton","LL","blue oak",1.15466666666667,105.282634142658,0.949824259378807
"339","2343",21,"2022-05-23","pd","leaf","Hobbiton","LL","blue oak",1.9245,62.2636519899511,1.60607347632194
"340","2343",29,"2022-07-19","md","leaf","Hobbiton","LL","blue oak",3.2,64.9001331557923,1.54082888797702
"341","2343",33,"2022-08-18","md","leaf","Hobbiton","LL","blue oak",4.00233333333333,61.590174531351,1.62363560033585
"342","2343",33,"2022-08-18","pd","leaf","Hobbiton","LL","blue oak",3.085,63.4744418689765,1.57543724774169
"343","2343",37,"2022-09-12","pd","leaf","Hobbiton","LL","blue oak",2.38916666666667,80.7062072242732,1.23906206770579
"344","2345",10,"2022-03-08","md","leaf","Hobbiton","LL","live oak",1.35233333333333,77.5506143361687,1.28948043617704
"345","2345",10,"2022-03-08","pd","leaf","Hobbiton","LL","live oak",0.301666666666667,85.5346648704582,1.16911664003652
"346","2345",13,"2022-03-30","pd","leaf","Hobbiton","LL","live oak",NA,107.365256804844,0.931399998248669
"347","2345",17,"2022-04-25","md","leaf","Hobbiton","LL","live oak",2.211,64.3932952751124,1.55295671036499
"348","2345",17,"2022-04-25","pd","leaf","Hobbiton","LL","live oak",0.7015,87.1857092737691,1.14697696254317
"349","2345",21,"2022-05-23","md","leaf","Hobbiton","LL","live oak",2.16975,59.9590163934426,1.66780587833219
"350","2345",21,"2022-05-23","pd","leaf","Hobbiton","LL","live oak",0.716,85.803372490079,1.16545535563375
"351","2345",29,"2022-07-19","md","leaf","Hobbiton","LL","live oak",3.45,51.032565528197,1.95953307392996
"352","2345",33,"2022-08-18","md","leaf","Hobbiton","LL","live oak",2.44433333333333,59.5696708275948,1.67870660708228
"353","2345",33,"2022-08-18","pd","leaf","Hobbiton","LL","live oak",2.93983333333333,57.7490765284754,1.73162942182619
"354","2345",37,"2022-09-15","md","leaf","Hobbiton","LL","live oak",3.51366666666667,51.2337985581698,1.95183653787572
"355","2345",37,"2022-09-12","pd","leaf","Hobbiton","LL","live oak",0.321,69.5122076047673,1.43859623288877
"356","2346",13,"2022-03-30","pd","leaf","Hobbiton","LL","blue oak",NA,154.778568152509,0.646084281523178
"357","2346",17,"2022-04-25","md","leaf","Hobbiton","LL","blue oak",2.211,101.466177940686,0.98555008210181
"358","2346",17,"2022-04-25","pd","leaf","Hobbiton","LL","blue oak",2.00033333333333,96.5495725962438,1.0357373659041
"359","2346",21,"2022-05-23","md","leaf","Hobbiton","LL","blue oak",3.3165,63.8433228180862,1.5663345137116
"360","2346",21,"2022-05-23","pd","leaf","Hobbiton","LL","blue oak",2.0605,91.4587458745875,1.09338914549654
"361","2346",33,"2022-08-18","md","leaf","Hobbiton","LL","blue oak",5.112,59.2234962784148,1.68851902173913
"362","2346",37,"2022-09-15","md","leaf","Hobbiton","LL","blue oak",NA,49.2526740808954,2.03034661297282
"363","2346",37,"2022-09-12","pd","leaf","Hobbiton","LL","blue oak",3.06666666666667,69.3595342066958,1.44176285414481
"364","2347",13,"2022-03-30","pd","leaf","Hobbiton","LL","blue oak",NA,158.682223747426,0.630190311418686
"365","2347",14,"2022-04-04","pd","leaf","Hobbiton","LL","blue oak",1.23233333333333,113.750506277845,0.879116966352147
"366","2347",17,"2022-04-25","md","leaf","Hobbiton","LL","blue oak",2.35985714285714,134.142561983471,0.74547554871005
"367","2347",17,"2022-04-25","pd","leaf","Hobbiton","LL","blue oak",1.36066666666667,115.473036492607,0.866003034452137
"368","2347",21,"2022-05-23","md","leaf","Hobbiton","LL","blue oak",2.86,84.7755367599219,1.17958557175748
"369","2347",21,"2022-05-23","pd","leaf","Hobbiton","LL","blue oak",1.934,110.489236790607,0.905065533120791
"370","2347",29,"2022-07-19","md","leaf","Hobbiton","LL","blue oak",4.2,63.09963099631,1.58479532163743
"371","2347",33,"2022-08-18","md","leaf","Hobbiton","LL","blue oak",4.4565,63.3377425044092,1.57883745214062
"372","2347",33,"2022-08-18","pd","leaf","Hobbiton","LL","blue oak",3.991,58.0807141528734,1.72174191482549
"373","2347",37,"2022-09-12","pd","leaf","Hobbiton","LL","blue oak",2.62333333333333,74.888857019934,1.33531214094217
"374","2352",10,"2022-03-08","md","leaf","MiddleEarth","LL","live oak",2.44166666666667,42.7924590433852,2.3368603308965
"375","2352",11,"2022-03-15","pd","leaf","MiddleEarth","LL","live oak",NA,155.637871088526,0.64251714123692
"376","2352",13,"2022-03-30","pd","leaf","MiddleEarth","LL","live oak",NA,311.359733382743,0.321171909140459
"377","2352",14,"2022-04-04","pd","leaf","MiddleEarth","LL","live oak",0.78975,76.0445078090568,1.31501936012386
"378","2352",17,"2022-04-25","md","leaf","MiddleEarth","LL","live oak",2.734,97.3939500544093,1.02675782165252
"379","2352",17,"2022-04-25","pd","leaf","MiddleEarth","LL","live oak",1.64725,54.9519105796725,1.8197729422895
"380","2352",21,"2022-05-23","md","leaf","MiddleEarth","LL","live oak",4.1634,46.3587684069612,2.1570892289922
"381","2352",21,"2022-05-23","pd","leaf","MiddleEarth","LL","live oak",1.412,84.0474150242788,1.18980458793543
"382","2352",33,"2022-08-18","md","leaf","MiddleEarth","LL","live oak",4.201,49.9104920626713,2.00358673832413
"383","2352",33,"2022-08-18","pd","leaf","MiddleEarth","LL","live oak",3.25825,42.1342602343123,2.3733655093003
"384","2352",37,"2022-09-15","md","leaf","MiddleEarth","LL","live oak",5.033,57.600341588386,1.73610081541883
"385","2352",37,"2022-09-12","pd","leaf","MiddleEarth","LL","live oak",1.002,55.4593466173366,1.80312257715528
"386","2354",10,"2022-03-08","pd","leaf","MiddleEarth","LL","live oak",2.47975,213.362617673229,0.468685663358109
"387","2354",13,"2022-03-30","pd","leaf","MiddleEarth","LL","live oak",NA,154.98289892676,0.645232478502398
"388","2354",14,"2022-04-04","pd","leaf","MiddleEarth","LL","live oak",0.8164,89.1167556713686,1.12212343511208
"389","2354",17,"2022-04-25","md","leaf","MiddleEarth","LL","live oak",NA,86.019759398237,1.16252359573619
"390","2354",17,"2022-04-25","pd","leaf","MiddleEarth","LL","live oak",1.4596,150.722851166748,0.663469402455556
"391","2354",21,"2022-05-23","md","leaf","MiddleEarth","LL","live oak",3.67633333333333,56.1852449472166,1.77982671596333
"392","2354",29,"2022-07-19","md","leaf","MiddleEarth","LL","live oak",4.1,55.4474724503902,1.80350871880538
"393","2354",29,"2022-07-19","pd","leaf","MiddleEarth","LL","live oak",2.65,60.2909196760329,1.65862455801536
"394","2354",33,"2022-08-18","md","leaf","MiddleEarth","LL","live oak",3.49833333333333,62.3348246754652,1.60423969299074
"395","2354",33,"2022-08-18","pd","leaf","MiddleEarth","LL","live oak",2.42166666666667,58.3639415442263,1.71338667941443
"396","2354",37,"2022-09-15","md","leaf","MiddleEarth","LL","live oak",4.433,46.1636793864063,2.16620514935486
"397","2354",37,"2022-09-12","pd","leaf","MiddleEarth","LL","live oak",1.74375,65.2482951121879,1.53260709460776
"398","2360",13,"2022-03-30","pd","leaf","MiddleEarth","LL","blue oak",NA,115.55137372977,0.86541593381539
"399","2360",14,"2022-04-04","pd","leaf","MiddleEarth","LL","blue oak",1.08133333333333,85.9569110240627,1.16337358809935
"400","2360",17,"2022-04-25","md","leaf","MiddleEarth","LL","blue oak",2.75833333333333,72.272826641405,1.38364589635007
"401","2360",17,"2022-04-25","pd","leaf","MiddleEarth","LL","blue oak",1.485,101.058758593005,0.989523336643497
"402","2360",21,"2022-05-23","md","leaf","MiddleEarth","LL","blue oak",3.27725,71.0935143288084,1.4065980693752
"403","2360",29,"2022-07-19","md","leaf","MiddleEarth","LL","blue oak",4.55,58.8100686498856,1.70038910505837
"404","2360",29,"2022-07-19","pd","leaf","MiddleEarth","LL","blue oak",3.83333333333333,64.6067415730337,1.54782608695652
"405","2360",33,"2022-08-18","md","leaf","MiddleEarth","LL","blue oak",4.88075,64.8404867122707,1.54224628886192
"406","2360",33,"2022-08-18","pd","leaf","MiddleEarth","LL","blue oak",3.8955,62.945983655571,1.58866371120963
"407","2365",13,"2022-03-30","pd","leaf","MiddleEarth","LL","blue oak",NA,129.786132256227,0.770498344172685
"408","2365",14,"2022-04-04","pd","leaf","MiddleEarth","LL","blue oak",1.10333333333333,99.1851851851852,1.00821508588499
"409","2365",17,"2022-04-25","md","leaf","MiddleEarth","LL","blue oak",3.18333333333333,115.845575062702,0.863218124178455
"410","2365",17,"2022-04-25","pd","leaf","MiddleEarth","LL","blue oak",1.402,108.061481807629,0.925399118420567
"411","2365",21,"2022-05-23","md","leaf","MiddleEarth","LL","blue oak",2.97266666666667,73.280977312391,1.36461062157656
"412","2365",21,"2022-05-23","pd","leaf","MiddleEarth","LL","blue oak",1.87766666666667,166.305890702626,0.601301611010349
"413","2365",29,"2022-07-19","md","leaf","MiddleEarth","LL","blue oak",3.85,62.7757352941176,1.59297218155198
"414","2365",33,"2022-08-18","md","leaf","MiddleEarth","LL","blue oak",5.1675,56.7483116621308,1.76216696269982
"415","2365",33,"2022-08-18","pd","leaf","MiddleEarth","LL","blue oak",3.82,54.8451548451549,1.82331511839708
"416","2365",37,"2022-09-12","pd","leaf","MiddleEarth","LL","blue oak",2.48333333333333,65.2312978987213,1.533006443552
"417","2366",10,"2022-03-08","pd","leaf","MiddleEarth","LL","blue oak",1.508,164.427237531314,0.608171745152355
"418","2367",13,"2022-03-30","pd","leaf","MiddleEarth","LL","blue oak",NA,137.388747001006,0.727861649391618
"419","2367",14,"2022-04-04","pd","leaf","MiddleEarth","LL","blue oak",1.11,95.2129963898917,1.05027678774551
"420","2367",17,"2022-04-25","md","leaf","MiddleEarth","LL","blue oak",2.71266666666667,92.3592788038698,1.08272824663731
"421","2367",17,"2022-04-25","pd","leaf","MiddleEarth","LL","blue oak",1.546,119.34391222709,0.837914545735001
"422","2367",21,"2022-05-23","md","leaf","MiddleEarth","LL","blue oak",2.96033333333333,74.944,1.33432963279248
"423","2367",21,"2022-05-23","pd","leaf","MiddleEarth","LL","blue oak",2.01425,108.585209003215,0.920935741782651
"424","2367",29,"2022-07-19","md","leaf","MiddleEarth","LL","blue oak",3.88333333333333,58.252427184466,1.71666666666667
"425","2367",29,"2022-07-19","pd","leaf","MiddleEarth","LL","blue oak",3.3,60.7665505226481,1.64564220183486
"426","2367",33,"2022-08-18","md","leaf","MiddleEarth","LL","blue oak",5.2685,58.0503443362622,1.72264266721211
"427","2367",33,"2022-08-18","pd","leaf","MiddleEarth","LL","blue oak",3.507,55.1806461881267,1.81222959330834
"428","2367",37,"2022-09-12","pd","leaf","MiddleEarth","LL","blue oak",3.48366666666667,70.0413223140496,1.42772861356932
"429","2369",13,"2022-03-30","pd","leaf","MiddleEarth","LL","blue oak",NA,134.294831685646,0.744630293994318
"430","2369",14,"2022-04-04","pd","leaf","MiddleEarth","LL","blue oak",1.045,97.5563636363637,1.02504845683614
"431","2369",17,"2022-04-25","md","leaf","MiddleEarth","LL","blue oak",3.36,98.011390159649,1.02028957896742
"432","2369",17,"2022-04-25","pd","leaf","MiddleEarth","LL","blue oak",1.50533333333333,87.5994326940865,1.1415599042658
"433","2369",21,"2022-05-23","pd","leaf","MiddleEarth","LL","blue oak",1.898,136.871633752244,0.730611575668143
"434","2369",29,"2022-07-19","pd","leaf","MiddleEarth","LL","blue oak",4.63,54.1705716963449,1.84602076124567
"435","2369",33,"2022-08-18","md","leaf","MiddleEarth","LL","blue oak",4.926,56.0326497016256,1.78467376667891
"436","2369",33,"2022-08-18","pd","leaf","MiddleEarth","LL","blue oak",3.314,50.5836229172236,1.97692443191827
"437","2369",37,"2022-09-12","pd","leaf","MiddleEarth","LL","blue oak",2.21,62.9335260115607,1.58897818599311
"438","2370",13,"2022-03-30","pd","leaf","Weathertop","LL","blue oak",NA,133.548073416798,0.748794029307365
"439","2370",14,"2022-04-04","pd","leaf","Weathertop","LL","blue oak",1.16133333333333,122.830319888734,0.81413123478458
"440","2370",17,"2022-04-25","md","leaf","Weathertop","LL","blue oak",2.28725,79.5868544600939,1.25648890986314
"441","2370",17,"2022-04-25","pd","leaf","Weathertop","LL","blue oak",1.3795,106.969334926324,0.934847356664186
"442","2370",21,"2022-05-23","md","leaf","Weathertop","LL","blue oak",3.2,82.535046728972,1.21160651096957
"443","2370",21,"2022-05-23","pd","leaf","Weathertop","LL","blue oak",1.92933333333333,99.2350691379818,1.00770827156834
"444","2370",29,"2022-07-19","md","leaf","Weathertop","LL","blue oak",4.43333333333333,56.6191979778254,1.76618538537343
"445","2370",29,"2022-07-19","pd","leaf","Weathertop","LL","blue oak",3.53333333333333,60.6308411214953,1.64932562620424
"446","2370",33,"2022-08-18","md","leaf","Weathertop","LL","blue oak",4.79925,57.8995854444956,1.72712808273668
"447","2370",33,"2022-08-18","pd","leaf","Weathertop","LL","blue oak",3.744,54.1105867272621,1.84806719069667
"448","2370",37,"2022-09-15","md","leaf","Weathertop","LL","blue oak",4.005,55.9142475809142,1.7884529315232
"449","2370",37,"2022-09-12","pd","leaf","Weathertop","LL","blue oak",2.4,68.62100456621,1.45727974447698
"450","2371",13,"2022-03-30","pd","leaf","Weathertop","LL","blue oak",NA,231.286018788979,0.432365088575623
"451","2371",14,"2022-04-04","pd","leaf","Weathertop","LL","blue oak",0.945,154.645892351275,0.646638578494229
"452","2371",17,"2022-04-25","md","leaf","Weathertop","LL","blue oak",2.696,122.377025874325,0.817146840148697
"453","2371",17,"2022-04-25","pd","leaf","Weathertop","LL","blue oak",0.952333333333333,96.3638524151863,1.03773352241199
"454","2371",21,"2022-05-23","md","leaf","Weathertop","LL","blue oak",2.55666666666667,77.0657672849916,1.29759299781182
"455","2371",21,"2022-05-23","pd","leaf","Weathertop","LL","blue oak",1.5165,131.180312201338,0.762309513690729
"456","2371",29,"2022-07-19","pd","leaf","Weathertop","LL","blue oak",3.1,67.5039872408293,1.48139397519197
"457","2371",33,"2022-08-18","md","leaf","Weathertop","LL","blue oak",4.72,61.6343616343616,1.62247157832571
"458","2371",33,"2022-08-18","pd","leaf","Weathertop","LL","blue oak",2.98575,65.0418361863821,1.53747196978638
"459","2371",37,"2022-09-15","md","leaf","Weathertop","LL","blue oak",3.87375,56.3885183113138,1.77341066931237
"460","2371",37,"2022-09-12","pd","leaf","Weathertop","LL","blue oak",2.015,79.8028496405664,1.25308808457846
"461","2372",13,"2022-03-30","pd","leaf","Weathertop","LL","blue oak",NA,167.29633617174,0.597741721596006
"462","2372",14,"2022-04-04","pd","leaf","Weathertop","LL","blue oak",1.28333333333333,116.161309884779,0.860871835030016
"463","2372",17,"2022-04-25","md","leaf","Weathertop","LL","blue oak",1.9765,97.768231349539,1.02282713535527
"464","2372",17,"2022-04-25","pd","leaf","Weathertop","LL","blue oak",1.307,85.7259873927134,1.1665074155623
"465","2372",21,"2022-05-23","md","leaf","Weathertop","LL","blue oak",2.18,70.4167221408601,1.42011722442806
"466","2372",21,"2022-05-23","pd","leaf","Weathertop","LL","blue oak",1.78833333333333,88.3221669908508,1.13221859706362
"467","2372",29,"2022-07-19","md","leaf","Weathertop","LL","blue oak",3.92,59.5424836601307,1.6794731064764
"468","2372",29,"2022-07-19","pd","leaf","Weathertop","LL","blue oak",2.8,59.7139055222888,1.67465181058496
"469","2372",33,"2022-08-18","pd","leaf","Weathertop","LL","blue oak",3.6175,57.6292559899117,1.73522975929978
"470","2372",37,"2022-09-15","md","leaf","Weathertop","LL","blue oak",3.533,54.0240308320109,1.85102811582039
"471","2372",37,"2022-09-12","pd","leaf","Weathertop","LL","blue oak",2.04166666666667,70.2060110060675,1.42437945935082
"472","2375",13,"2022-03-30","pd","leaf","Hobbiton","LL","blue oak",NA,165.946712018141,0.60260308133775
"473","2375",17,"2022-04-25","md","leaf","Hobbiton","LL","blue oak",NA,122.741203178207,0.814722337818465
"474","2375",17,"2022-04-25","pd","leaf","Hobbiton","LL","blue oak",1.3405,90.9631067961165,1.09934679588439
"475","2375",21,"2022-05-23","md","leaf","Hobbiton","LL","blue oak",3.442,74.6327319587629,1.33989467322801
"476","2375",21,"2022-05-23","pd","leaf","Hobbiton","LL","blue oak",1.69933333333333,98.7134360966137,1.01303332103775
"477","2375",29,"2022-07-19","md","leaf","Hobbiton","LL","blue oak",4.5,62.1310295176386,1.60950173812283
"478","2375",29,"2022-07-19","pd","leaf","Hobbiton","LL","blue oak",2.19,67.8056426332288,1.47480351363847
"479","2375",33,"2022-08-18","md","leaf","Hobbiton","LL","blue oak",4.1515,59.6007604562738,1.67783094098884
"480","2375",33,"2022-08-18","pd","leaf","Hobbiton","LL","blue oak",3.11366666666667,65.3906843550932,1.52926981857181
"481","2375",37,"2022-09-15","md","leaf","Hobbiton","LL","blue oak",3.98766666666667,55.9904855473396,1.78601773180643
"482","2375",37,"2022-09-12","pd","leaf","Hobbiton","LL","blue oak",1.19775,87.9476348137154,1.13704024231934
"483","2376",10,"2022-03-08","md","leaf","MiddleEarth","LL","live oak",2.683,73.5319484487815,1.35995308310992
"484","2376",13,"2022-03-30","pd","leaf","MiddleEarth","LL","live oak",NA,86.3164774119762,1.1585273518834
"485","2376",17,"2022-04-25","md","leaf","MiddleEarth","LL","live oak",2.48825,73.178096899745,1.36652911508482
"486","2376",17,"2022-04-25","pd","leaf","MiddleEarth","LL","live oak",0.969333333333333,93.2332274521128,1.07257897997109
"487","2376",21,"2022-05-23","md","leaf","MiddleEarth","LL","live oak",2.35,61.2740899357602,1.63201118294601
"488","2376",29,"2022-07-19","md","leaf","MiddleEarth","LL","live oak",4.95,56.9121447028424,1.75709421112372
"489","2376",29,"2022-07-19","pd","leaf","MiddleEarth","LL","live oak",2.05,52.799640206881,1.89395229982964
"490","2376",33,"2022-08-18","md","leaf","MiddleEarth","LL","live oak",3.76166666666667,52.040111605293,1.92159464911349
"491","2376",33,"2022-08-18","pd","leaf","MiddleEarth","LL","live oak",2.519,51.8709879442618,1.92785994566858
"492","2376",37,"2022-09-15","md","leaf","MiddleEarth","LL","live oak",3.085,51.3144580054933,1.94876851255634
"493","2376",37,"2022-09-12","pd","leaf","MiddleEarth","LL","live oak",1.77,63.4682227043879,1.5755916226891
"494","2377",10,"2022-03-08","md","leaf","MiddleEarth","LL","live oak",2.21666666666667,174.906010752629,0.571735640014286
"495","2377",10,"2022-03-08","pd","leaf","MiddleEarth","LL","live oak",0.3665,152.341433954337,0.656420235810397
"496","2377",13,"2022-03-30","pd","leaf","MiddleEarth","LL","live oak",NA,53.8614491370397,1.8566154754873
"497","2377",14,"2022-04-04","pd","leaf","MiddleEarth","LL","live oak",0.243333333333333,87.0230877552037,1.1491203378269
"498","2377",17,"2022-04-25","md","leaf","MiddleEarth","LL","live oak",2.96633333333333,156.283192935792,0.639864070611125
"499","2377",17,"2022-04-25","pd","leaf","MiddleEarth","LL","live oak",1.307,61.3072352324362,1.63112884834664
"500","2377",21,"2022-05-23","md","leaf","MiddleEarth","LL","live oak",1.61575,58.9143559346264,1.69737916019932
"501","2377",29,"2022-07-19","pd","leaf","MiddleEarth","LL","live oak",2.35,54.0834321205427,1.84899508184165
"502","2377",33,"2022-08-18","md","leaf","MiddleEarth","LL","live oak",4.0285,50.7449010912438,1.9706413422738
"503","2377",33,"2022-08-18","pd","leaf","MiddleEarth","LL","live oak",1.42,47.9334363218499,2.08622639379635
"504","2377",37,"2022-09-15","md","leaf","MiddleEarth","LL","live oak",2.54766666666667,49.5801081303805,2.01693791665461
"505","2377",37,"2022-09-12","pd","leaf","MiddleEarth","LL","live oak",0.588666666666667,63.3609647864112,1.5782587960442
"506","2378",10,"2022-03-08","md","leaf","MiddleEarth","LL","blue oak",1.7875,155.201121724652,0.644325239977412
"507","2378",10,"2022-03-08","pd","leaf","MiddleEarth","LL","blue oak",1.02433333333333,148.985765124555,0.671205063895856
"508","2378",13,"2022-03-30","pd","leaf","MiddleEarth","LL","blue oak",NA,107.812931749102,0.927532517460114
"509","2378",14,"2022-04-04","pd","leaf","MiddleEarth","LL","blue oak",0.596666666666667,91.9923076923077,1.08704741199097
"510","2378",17,"2022-04-25","md","leaf","MiddleEarth","LL","blue oak",3.0975,119.779126455079,0.834870005814437
"511","2378",17,"2022-04-25","pd","leaf","MiddleEarth","LL","blue oak",1.5095,101.760821716801,0.982696467195387
"512","2378",21,"2022-05-23","md","leaf","MiddleEarth","LL","blue oak",3.192,75.4483695652174,1.32540968845669
"513","2378",21,"2022-05-23","pd","leaf","MiddleEarth","LL","blue oak",1.7095,123.947647683056,0.806792237442924
"514","2378",29,"2022-07-19","pd","leaf","MiddleEarth","LL","blue oak",2.005,65.247410817031,1.5326278659612
"515","2378",33,"2022-08-18","md","leaf","MiddleEarth","LL","blue oak",3.946,66.26288580955,1.50914043024652
"516","2378",33,"2022-08-18","pd","leaf","MiddleEarth","LL","blue oak",3.0715,61.5995617639003,1.62338817252112
"517","2378",37,"2022-09-15","md","leaf","MiddleEarth","LL","blue oak",4.317,59.8611665694014,1.67053209502796
"518","2378",37,"2022-09-12","pd","leaf","MiddleEarth","LL","blue oak",1.93466666666667,81.1137018241668,1.23283733513696
"519","2379",10,"2022-03-08","pd","leaf","MiddleEarth","LL","blue oak",1.23875,131.538021037403,0.760236464037762
"520","2379",10,"2022-03-08","pd","leaf","Hobbiton","LL","blue oak",1.23875,131.538021037403,0.760236464037762
"521","2379",13,"2022-03-30","pd","leaf","MiddleEarth","LL","blue oak",NA,122.87054606789,0.813864699069106
"522","2379",17,"2022-04-25","md","leaf","Hobbiton","LL","blue oak",2.82,63.9444610331443,1.56385710950268
"523","2379",17,"2022-04-25","md","leaf","MiddleEarth","LL","blue oak",2.82,63.9444610331443,1.56385710950268
"524","2379",17,"2022-04-25","pd","leaf","MiddleEarth","LL","blue oak",1.246,83.2974629883258,1.20051675540244
"525","2379",17,"2022-04-25","pd","leaf","Hobbiton","LL","blue oak",1.246,83.2974629883258,1.20051675540244
"526","2379",21,"2022-05-23","md","leaf","MiddleEarth","LL","blue oak",3.3255,69.6957123098202,1.43480849374876
"527","2379",21,"2022-05-23","md","leaf","Hobbiton","LL","blue oak",3.3255,69.6957123098202,1.43480849374876
"528","2379",21,"2022-05-23","pd","leaf","Hobbiton","LL","blue oak",2.286,170.981459431876,0.584858734580184
"529","2379",21,"2022-05-23","pd","leaf","MiddleEarth","LL","blue oak",2.286,170.981459431876,0.584858734580184
"530","2379",29,"2022-07-19","md","leaf","Hobbiton","LL","blue oak",4.65,61.5749525616698,1.62403697996918
"531","2379",29,"2022-07-19","md","leaf","MiddleEarth","LL","blue oak",4.65,61.5749525616698,1.62403697996918
"532","2379",29,"2022-07-19","pd","leaf","MiddleEarth","LL","blue oak",4.1,61.7277200656096,1.62001771479185
"533","2379",29,"2022-07-19","pd","leaf","Hobbiton","LL","blue oak",4.1,61.7277200656096,1.62001771479185
"534","2379",33,"2022-08-18","md","leaf","Hobbiton","LL","blue oak",4.349,61.1705565529623,1.63477342099084
"535","2379",33,"2022-08-18","md","leaf","MiddleEarth","LL","blue oak",4.349,61.1705565529623,1.63477342099084
"536","2379",33,"2022-08-18","pd","leaf","Hobbiton","LL","blue oak",2.982,63.3127935536692,1.57945960661539
"537","2379",33,"2022-08-18","pd","leaf","MiddleEarth","LL","blue oak",2.982,63.3127935536692,1.57945960661539
"538","2379",37,"2022-09-15","md","leaf","MiddleEarth","LL","blue oak",4.87066666666667,57.323382240692,1.74448882970854
"539","2379",37,"2022-09-15","md","leaf","Hobbiton","LL","blue oak",4.87066666666667,57.323382240692,1.74448882970854
"540","2379",37,"2022-09-12","pd","leaf","MiddleEarth","LL","blue oak",1.69666666666667,78.6173998637086,1.27198304921506
"541","2379",37,"2022-09-12","pd","leaf","Hobbiton","LL","blue oak",1.69666666666667,78.6173998637086,1.27198304921506
"542","2380",10,"2022-03-08","pd","leaf","MiddleEarth","LL","live oak",0.785,191.027910403773,0.523483713917153
"543","2380",13,"2022-03-30","pd","leaf","MiddleEarth","LL","live oak",NA,147.430804882529,0.678284298045302
"544","2380",14,"2022-04-04","md","leaf","MiddleEarth","LL","live oak",3.2,125.481403323661,0.796930838763929
"545","2380",17,"2022-04-25","md","leaf","MiddleEarth","LL","live oak",2.5075,49.2335217338267,2.0311364387182
"546","2380",17,"2022-04-25","pd","leaf","MiddleEarth","LL","live oak",0.9764,83.5645127329056,1.19668022620591
"547","2380",21,"2022-05-23","md","leaf","MiddleEarth","LL","live oak",3.78,54.987732631201,1.81858744150615
"548","2380",21,"2022-05-23","pd","leaf","MiddleEarth","LL","live oak",0.850333333333333,119.974770168028,0.833508577344612
"549","2380",29,"2022-07-19","md","leaf","MiddleEarth","LL","live oak",4.1,50.0779022253579,1.99688875843851
"550","2380",33,"2022-08-18","md","leaf","MiddleEarth","LL","live oak",3.1325,50.8077042426909,1.96820544227573
"551","2380",33,"2022-08-18","pd","leaf","MiddleEarth","LL","live oak",1.38366666666667,55.2106430155211,1.81124497991968
"552","2380",37,"2022-09-15","md","leaf","MiddleEarth","LL","live oak",3.496,49.6748958961154,2.01308927167415
"553","2380",37,"2022-09-12","pd","leaf","MiddleEarth","LL","live oak",0.834333333333333,63.1840100635963,1.58267890720053
"554","2381",10,"2022-03-08","md","leaf","Weathertop","LL","blue oak",1.68828571428571,183.09866064858,0.546153640041799
"555","2381",10,"2022-03-08","pd","leaf","Weathertop","LL","blue oak",1.25385714285714,224.401233611916,0.445630348774918
"556","2381",13,"2022-03-30","pd","leaf","Weathertop","LL","blue oak",NA,128.730613544367,0.776815997738836
"557","2381",14,"2022-04-04","pd","leaf","Weathertop","LL","blue oak",0.44,104.039372272263,0.961174580506962
"558","2381",17,"2022-04-25","md","leaf","Weathertop","LL","blue oak",2.001,94.5343883140597,1.0578161215555
"559","2381",17,"2022-04-25","pd","leaf","Weathertop","LL","blue oak",1.26233333333333,101.777236762021,0.982537973926561
"560","2381",21,"2022-05-23","md","leaf","Weathertop","LL","blue oak",2.6365,75.039603960396,1.33262963451643
"561","2381",29,"2022-07-19","md","leaf","Weathertop","LL","blue oak",4.63333333333333,64.0752351097179,1.56066536203522
"562","2381",29,"2022-07-19","pd","leaf","Weathertop","LL","blue oak",3.5,68.3707124010554,1.46261456825856
"563","2381",33,"2022-08-18","md","leaf","Weathertop","LL","blue oak",4.657,62.7759529447712,1.59296665855439
"564","2381",33,"2022-08-18","pd","leaf","Weathertop","LL","blue oak",3.83066666666667,61.6524472384374,1.62199563000728
"565","2381",37,"2022-09-15","md","leaf","Weathertop","LL","blue oak",4.74066666666667,59.8844582217839,1.66988235294118
"566","2381",37,"2022-09-12","pd","leaf","Weathertop","LL","blue oak",1.2325,90.0258028367201,1.1107926488739
"567","2382",10,"2022-03-08","pd","leaf","Weathertop","LL","blue oak",0.7996,203.425757413553,0.491579833701716
"568","2382",11,"2022-03-15","pd","leaf","Weathertop","LL","blue oak",NA,150.588283190164,0.664062288788559
"569","2382",13,"2022-03-30","pd","leaf","Weathertop","LL","blue oak",NA,112.510396451345,0.888806751678676
"570","2382",17,"2022-04-25","md","leaf","Weathertop","LL","blue oak",2.695,87.6240779528276,1.14123882768655
"571","2382",17,"2022-04-25","pd","leaf","Weathertop","LL","blue oak",1.20466666666667,92.7318994666574,1.07837756559657
"572","2382",21,"2022-05-23","md","leaf","Weathertop","LL","blue oak",3.88833333333333,65.3261600537996,1.53078031706815
"573","2382",21,"2022-05-23","pd","leaf","Weathertop","LL","blue oak",1.366,98.2996528086887,1.01729759101612
"574","2382",29,"2022-07-19","pd","leaf","Weathertop","LL","blue oak",2.95,58.6783439490446,1.70420624151967
"575","2382",33,"2022-08-18","md","leaf","Weathertop","LL","blue oak",4.44666666666667,47.8359307195955,2.09047881991007
"576","2382",37,"2022-09-15","md","leaf","Weathertop","LL","blue oak",NA,54.8477384684281,1.8232292304552
"577","2382",37,"2022-09-12","pd","leaf","Weathertop","LL","blue oak",2.31666666666667,76.459715167812,1.30787827002131
"578","2383",10,"2022-03-08","pd","leaf","Weathertop","LL","blue oak",0.96,179.20462119529,0.55802132407637
"579","2383",11,"2022-03-15","pd","leaf","Weathertop","LL","blue oak",NA,147.976705348349,0.675782041265157
"580","2383",13,"2022-03-30","pd","leaf","Weathertop","LL","blue oak",NA,112.292647808741,0.890530252437559
"581","2383",14,"2022-04-04","pd","leaf","Weathertop","LL","blue oak",0.436666666666667,86.1190773067331,1.16118290078546
"582","2383",17,"2022-04-25","md","leaf","Weathertop","LL","blue oak",2.96,84.8654970760234,1.17833517089305
"583","2383",17,"2022-04-25","pd","leaf","Weathertop","LL","blue oak",1.349,84.1878598304547,1.18781971891659
"584","2383",21,"2022-05-23","md","leaf","Weathertop","LL","blue oak",3.34333333333333,71.5020723167072,1.39856086348191
"585","2383",29,"2022-07-19","md","leaf","Weathertop","LL","blue oak",4.2,61.4563106796116,1.62717219589258
"586","2383",29,"2022-07-19","pd","leaf","Weathertop","LL","blue oak",2.358,61.371588523443,1.62941847206385
"587","2383",33,"2022-08-18","md","leaf","Weathertop","LL","blue oak",4.6335,62.7397401526088,1.59388610403484
"588","2383",33,"2022-08-18","pd","leaf","Weathertop","LL","blue oak",3.1875,56.7546278062229,1.76197085357391
"589","2383",37,"2022-09-15","md","leaf","Weathertop","LL","blue oak",4.16766666666667,56.1421116017664,1.7811941365749
"590","2383",37,"2022-09-12","pd","leaf","Weathertop","LL","blue oak",1.558,62.9321581528149,1.58901272314824
"591","2384",10,"2022-03-08","pd","leaf","Weathertop","LL","blue oak",1.4495,201.297047448354,0.496778275029874
"592","2384",11,"2022-03-15","pd","leaf","Weathertop","LL","blue oak",NA,169.394912809755,0.590336500319278
"593","2384",13,"2022-03-30","pd","leaf","Weathertop","LL","blue oak",NA,127.939949958299,0.781616688396347
"594","2384",14,"2022-04-04","pd","leaf","Weathertop","LL","blue oak",0.525,85.6869009584665,1.16703952274422
"595","2384",17,"2022-04-25","md","leaf","Weathertop","LL","blue oak",2.56333333333333,93.3291264761561,1.07147686660871
"596","2384",17,"2022-04-25","pd","leaf","Weathertop","LL","blue oak",1.64,121.384418332684,0.823828967289074
"597","2384",21,"2022-05-23","md","leaf","Weathertop","LL","blue oak",3.01666666666667,73.2066217044758,1.36599664991625
"598","2384",21,"2022-05-23","pd","leaf","Weathertop","LL","blue oak",1.2535,105.163043478261,0.950904392764857
"599","2384",29,"2022-07-19","pd","leaf","Weathertop","LL","blue oak",3.85,61.6942909760589,1.62089552238806
"600","2384",33,"2022-08-18","md","leaf","Weathertop","LL","blue oak",5.094,58.4344766930519,1.71131848284166
"601","2384",33,"2022-08-18",NA,"leaf","Weathertop","LL","blue oak",NA,50.7286883609503,1.97127115308933
"602","2384",37,"2022-09-15","md","leaf","Weathertop","LL","blue oak",NA,59.4499061084723,1.68208844295801
"603","2384",37,"2022-09-12","pd","leaf","Weathertop","LL","blue oak",2.232,76.987117160914,1.29891862025416
