"","tree","tag","plot_number","week","date","species","pd","mean_pd","mpa_pd","md","mpa","mean_md","mpa_md"
"1",2009,"2009.0","Cucu Mesa",12,2022-03-25,"blue oak","pd2",1.26666666666667,1.1,"md3",1.9,2.0625,1.9
"2",2009,"2009.0","Cucu Mesa",12,2022-03-25,"blue oak","pd2",1.26666666666667,1.1,"md4",2.25,2.0625,2.25
"3",2009,"2009.0","Cucu Mesa",12,2022-03-25,"blue oak","pd2",1.26666666666667,1.1,"md1",2.15,2.0625,2.15
"4",2009,"2009.0","Cucu Mesa",12,2022-03-25,"blue oak","pd2",1.26666666666667,1.1,"md2",1.95,2.0625,1.95
"5",2009,"2009.0","Cucu Mesa",12,2022-03-25,"blue oak","pd1",1.26666666666667,1.25,"md3",1.9,2.0625,1.9
"6",2009,"2009.0","Cucu Mesa",12,2022-03-25,"blue oak","pd1",1.26666666666667,1.25,"md4",2.25,2.0625,2.25
"7",2009,"2009.0","Cucu Mesa",12,2022-03-25,"blue oak","pd1",1.26666666666667,1.25,"md1",2.15,2.0625,2.15
"8",2009,"2009.0","Cucu Mesa",12,2022-03-25,"blue oak","pd1",1.26666666666667,1.25,"md2",1.95,2.0625,1.95
"9",2009,"2009.0","Cucu Mesa",12,2022-03-25,"blue oak","pd3",1.26666666666667,1.45,"md3",1.9,2.0625,1.9
"10",2009,"2009.0","Cucu Mesa",12,2022-03-25,"blue oak","pd3",1.26666666666667,1.45,"md4",2.25,2.0625,2.25
"11",2009,"2009.0","Cucu Mesa",12,2022-03-25,"blue oak","pd3",1.26666666666667,1.45,"md1",2.15,2.0625,2.15
"12",2009,"2009.0","Cucu Mesa",12,2022-03-25,"blue oak","pd3",1.26666666666667,1.45,"md2",1.95,2.0625,1.95
"13",2301,"2301.0","AT004",12,2022-03-25,"live oak","pd3",0.875,0.9,"md5",2.4,2.97,2.4
"14",2301,"2301.0","AT004",12,2022-03-25,"live oak","pd3",0.875,0.9,"md1",2.6,2.97,2.6
"15",2301,"2301.0","AT004",12,2022-03-25,"live oak","pd3",0.875,0.9,"md2",2.95,2.97,2.95
"16",2301,"2301.0","AT004",12,2022-03-25,"live oak","pd3",0.875,0.9,"md4",3.2,2.97,3.2
"17",2301,"2301.0","AT004",12,2022-03-25,"live oak","pd3",0.875,0.9,"md3",3.7,2.97,3.7
"18",2301,"2301.0","AT004",12,2022-03-25,"live oak","pd2",0.875,0.775,"md5",2.4,2.97,2.4
"19",2301,"2301.0","AT004",12,2022-03-25,"live oak","pd2",0.875,0.775,"md1",2.6,2.97,2.6
"20",2301,"2301.0","AT004",12,2022-03-25,"live oak","pd2",0.875,0.775,"md2",2.95,2.97,2.95
"21",2301,"2301.0","AT004",12,2022-03-25,"live oak","pd2",0.875,0.775,"md4",3.2,2.97,3.2
"22",2301,"2301.0","AT004",12,2022-03-25,"live oak","pd2",0.875,0.775,"md3",3.7,2.97,3.7
"23",2301,"2301.0","AT004",12,2022-03-25,"live oak","pd1",0.875,0.95,"md5",2.4,2.97,2.4
"24",2301,"2301.0","AT004",12,2022-03-25,"live oak","pd1",0.875,0.95,"md1",2.6,2.97,2.6
"25",2301,"2301.0","AT004",12,2022-03-25,"live oak","pd1",0.875,0.95,"md2",2.95,2.97,2.95
"26",2301,"2301.0","AT004",12,2022-03-25,"live oak","pd1",0.875,0.95,"md4",3.2,2.97,3.2
"27",2301,"2301.0","AT004",12,2022-03-25,"live oak","pd1",0.875,0.95,"md3",3.7,2.97,3.7
"28",2301,"2301.0","AT004",9,2022-02-28,"live oak","pd1",0.975,1.12,"md1",1.7,1.806,1.7
"29",2301,"2301.0","AT004",9,2022-02-28,"live oak","pd1",0.975,1.12,"md2",1.42,1.806,1.42
"30",2301,"2301.0","AT004",9,2022-02-28,"live oak","pd1",0.975,1.12,"md3",1.7,1.806,1.7
"31",2301,"2301.0","AT004",9,2022-02-28,"live oak","pd1",0.975,1.12,"md4",2.25,1.806,2.25
"32",2301,"2301.0","AT004",9,2022-02-28,"live oak","pd1",0.975,1.12,"md5",1.96,1.806,1.96
"33",2301,"2301.0","AT004",9,2022-02-28,"live oak","pd2",0.975,0.74,"md1",1.7,1.806,1.7
"34",2301,"2301.0","AT004",9,2022-02-28,"live oak","pd2",0.975,0.74,"md2",1.42,1.806,1.42
"35",2301,"2301.0","AT004",9,2022-02-28,"live oak","pd2",0.975,0.74,"md3",1.7,1.806,1.7
"36",2301,"2301.0","AT004",9,2022-02-28,"live oak","pd2",0.975,0.74,"md4",2.25,1.806,2.25
"37",2301,"2301.0","AT004",9,2022-02-28,"live oak","pd2",0.975,0.74,"md5",1.96,1.806,1.96
"38",2301,"2301.0","AT004",9,2022-02-28,"live oak","pd3",0.975,1.23,"md1",1.7,1.806,1.7
"39",2301,"2301.0","AT004",9,2022-02-28,"live oak","pd3",0.975,1.23,"md2",1.42,1.806,1.42
"40",2301,"2301.0","AT004",9,2022-02-28,"live oak","pd3",0.975,1.23,"md3",1.7,1.806,1.7
"41",2301,"2301.0","AT004",9,2022-02-28,"live oak","pd3",0.975,1.23,"md4",2.25,1.806,2.25
"42",2301,"2301.0","AT004",9,2022-02-28,"live oak","pd3",0.975,1.23,"md5",1.96,1.806,1.96
"43",2301,"2301.0","AT004",9,2022-02-28,"live oak","pd4",0.975,0.81,"md1",1.7,1.806,1.7
"44",2301,"2301.0","AT004",9,2022-02-28,"live oak","pd4",0.975,0.81,"md2",1.42,1.806,1.42
"45",2301,"2301.0","AT004",9,2022-02-28,"live oak","pd4",0.975,0.81,"md3",1.7,1.806,1.7
"46",2301,"2301.0","AT004",9,2022-02-28,"live oak","pd4",0.975,0.81,"md4",2.25,1.806,2.25
"47",2301,"2301.0","AT004",9,2022-02-28,"live oak","pd4",0.975,0.81,"md5",1.96,1.806,1.96
"48",2331,"2331.0","AT003",12,2022-03-25,"live oak","pd2",1.76666666666667,1.65,"md3",2.1,2.38333333333333,2.1
"49",2331,"2331.0","AT003",12,2022-03-25,"live oak","pd2",1.76666666666667,1.65,"md1",2.75,2.38333333333333,2.75
"50",2331,"2331.0","AT003",12,2022-03-25,"live oak","pd2",1.76666666666667,1.65,"md2",2.3,2.38333333333333,2.3
"51",2331,"2331.0","AT003",12,2022-03-25,"live oak","pd3",1.76666666666667,1.75,"md3",2.1,2.38333333333333,2.1
"52",2331,"2331.0","AT003",12,2022-03-25,"live oak","pd3",1.76666666666667,1.75,"md1",2.75,2.38333333333333,2.75
"53",2331,"2331.0","AT003",12,2022-03-25,"live oak","pd3",1.76666666666667,1.75,"md2",2.3,2.38333333333333,2.3
"54",2331,"2331.0","AT003",12,2022-03-25,"live oak","pd1",1.76666666666667,1.9,"md3",2.1,2.38333333333333,2.1
"55",2331,"2331.0","AT003",12,2022-03-25,"live oak","pd1",1.76666666666667,1.9,"md1",2.75,2.38333333333333,2.75
"56",2331,"2331.0","AT003",12,2022-03-25,"live oak","pd1",1.76666666666667,1.9,"md2",2.3,2.38333333333333,2.3
"57",2331,"2331.0","AT003",9,2022-02-28,"live oak","pd3",0.496666666666667,0.56,"md1",2.51,2.612,2.51
"58",2331,"2331.0","AT003",9,2022-02-28,"live oak","pd3",0.496666666666667,0.56,"md2",2.3,2.612,2.3
"59",2331,"2331.0","AT003",9,2022-02-28,"live oak","pd3",0.496666666666667,0.56,"md3",2.7,2.612,2.7
"60",2331,"2331.0","AT003",9,2022-02-28,"live oak","pd3",0.496666666666667,0.56,"md4",2.83,2.612,2.83
"61",2331,"2331.0","AT003",9,2022-02-28,"live oak","pd3",0.496666666666667,0.56,"md5",2.72,2.612,2.72
"62",2331,"2331.0","AT003",9,2022-02-28,"live oak","pd1",0.496666666666667,0.45,"md1",2.51,2.612,2.51
"63",2331,"2331.0","AT003",9,2022-02-28,"live oak","pd1",0.496666666666667,0.45,"md2",2.3,2.612,2.3
"64",2331,"2331.0","AT003",9,2022-02-28,"live oak","pd1",0.496666666666667,0.45,"md3",2.7,2.612,2.7
"65",2331,"2331.0","AT003",9,2022-02-28,"live oak","pd1",0.496666666666667,0.45,"md4",2.83,2.612,2.83
"66",2331,"2331.0","AT003",9,2022-02-28,"live oak","pd1",0.496666666666667,0.45,"md5",2.72,2.612,2.72
"67",2331,"2331.0","AT003",9,2022-02-28,"live oak","pd2",0.496666666666667,0.48,"md1",2.51,2.612,2.51
"68",2331,"2331.0","AT003",9,2022-02-28,"live oak","pd2",0.496666666666667,0.48,"md2",2.3,2.612,2.3
"69",2331,"2331.0","AT003",9,2022-02-28,"live oak","pd2",0.496666666666667,0.48,"md3",2.7,2.612,2.7
"70",2331,"2331.0","AT003",9,2022-02-28,"live oak","pd2",0.496666666666667,0.48,"md4",2.83,2.612,2.83
"71",2331,"2331.0","AT003",9,2022-02-28,"live oak","pd2",0.496666666666667,0.48,"md5",2.72,2.612,2.72
"72",2343,"2343.0","AT002",12,2022-03-25,"blue oak","pd1",1.25,1.2,"md4",2.257,2.12675,2.257
"73",2343,"2343.0","AT002",12,2022-03-25,"blue oak","pd1",1.25,1.2,"md2",2.1,2.12675,2.1
"74",2343,"2343.0","AT002",12,2022-03-25,"blue oak","pd1",1.25,1.2,"md3",1.8,2.12675,1.8
"75",2343,"2343.0","AT002",12,2022-03-25,"blue oak","pd1",1.25,1.2,"md1",2.35,2.12675,2.35
"76",2343,"2343.0","AT002",12,2022-03-25,"blue oak","pd2",1.25,1.15,"md4",2.257,2.12675,2.257
"77",2343,"2343.0","AT002",12,2022-03-25,"blue oak","pd2",1.25,1.15,"md2",2.1,2.12675,2.1
"78",2343,"2343.0","AT002",12,2022-03-25,"blue oak","pd2",1.25,1.15,"md3",1.8,2.12675,1.8
"79",2343,"2343.0","AT002",12,2022-03-25,"blue oak","pd2",1.25,1.15,"md1",2.35,2.12675,2.35
"80",2343,"2343.0","AT002",12,2022-03-25,"blue oak","pd3",1.25,1.45,"md4",2.257,2.12675,2.257
"81",2343,"2343.0","AT002",12,2022-03-25,"blue oak","pd3",1.25,1.45,"md2",2.1,2.12675,2.1
"82",2343,"2343.0","AT002",12,2022-03-25,"blue oak","pd3",1.25,1.45,"md3",1.8,2.12675,1.8
"83",2343,"2343.0","AT002",12,2022-03-25,"blue oak","pd3",1.25,1.45,"md1",2.35,2.12675,2.35
"84",2343,"2343.0","AT002",12,2022-03-25,"blue oak","pd4",1.25,1.2,"md4",2.257,2.12675,2.257
"85",2343,"2343.0","AT002",12,2022-03-25,"blue oak","pd4",1.25,1.2,"md2",2.1,2.12675,2.1
"86",2343,"2343.0","AT002",12,2022-03-25,"blue oak","pd4",1.25,1.2,"md3",1.8,2.12675,1.8
"87",2343,"2343.0","AT002",12,2022-03-25,"blue oak","pd4",1.25,1.2,"md1",2.35,2.12675,2.35
"88",2343,"2343.0","AT002",17,2022-04-25,"blue oak","pd1",1.15466666666667,1.228,"md2",2.634,2.51766666666667,2.634
"89",2343,"2343.0","AT002",17,2022-04-25,"blue oak","pd1",1.15466666666667,1.228,"md3",2.136,2.51766666666667,2.136
"90",2343,"2343.0","AT002",17,2022-04-25,"blue oak","pd1",1.15466666666667,1.228,"md1",2.783,2.51766666666667,2.783
"91",2343,"2343.0","AT002",17,2022-04-25,"blue oak","pd2",1.15466666666667,1.098,"md2",2.634,2.51766666666667,2.634
"92",2343,"2343.0","AT002",17,2022-04-25,"blue oak","pd2",1.15466666666667,1.098,"md3",2.136,2.51766666666667,2.136
"93",2343,"2343.0","AT002",17,2022-04-25,"blue oak","pd2",1.15466666666667,1.098,"md1",2.783,2.51766666666667,2.783
"94",2343,"2343.0","AT002",17,2022-04-25,"blue oak","pd3",1.15466666666667,1.138,"md2",2.634,2.51766666666667,2.634
"95",2343,"2343.0","AT002",17,2022-04-25,"blue oak","pd3",1.15466666666667,1.138,"md3",2.136,2.51766666666667,2.136
"96",2343,"2343.0","AT002",17,2022-04-25,"blue oak","pd3",1.15466666666667,1.138,"md1",2.783,2.51766666666667,2.783
"97",2343,"2343.0","AT002",18,2022-05-04,"blue oak","pd2",1.51633333333333,1.448,"md2",2.484,2.27533333333333,2.484
"98",2343,"2343.0","AT002",18,2022-05-04,"blue oak","pd2",1.51633333333333,1.448,"md3",2.308,2.27533333333333,2.308
"99",2343,"2343.0","AT002",18,2022-05-04,"blue oak","pd2",1.51633333333333,1.448,"md1",2.034,2.27533333333333,2.034
"100",2343,"2343.0","AT002",18,2022-05-04,"blue oak","pd3",1.51633333333333,1.554,"md2",2.484,2.27533333333333,2.484
"101",2343,"2343.0","AT002",18,2022-05-04,"blue oak","pd3",1.51633333333333,1.554,"md3",2.308,2.27533333333333,2.308
"102",2343,"2343.0","AT002",18,2022-05-04,"blue oak","pd3",1.51633333333333,1.554,"md1",2.034,2.27533333333333,2.034
"103",2343,"2343.0","AT002",18,2022-05-04,"blue oak","pd1",1.51633333333333,1.547,"md2",2.484,2.27533333333333,2.484
"104",2343,"2343.0","AT002",18,2022-05-04,"blue oak","pd1",1.51633333333333,1.547,"md3",2.308,2.27533333333333,2.308
"105",2343,"2343.0","AT002",18,2022-05-04,"blue oak","pd1",1.51633333333333,1.547,"md1",2.034,2.27533333333333,2.034
"106",2343,"2343.0","AT002",21,2022-05-23,"blue oak","pd4",1.9245,1.984,"md3",3.938,3.80266666666667,3.938
"107",2343,"2343.0","AT002",21,2022-05-23,"blue oak","pd4",1.9245,1.984,"md1",3.778,3.80266666666667,3.778
"108",2343,"2343.0","AT002",21,2022-05-23,"blue oak","pd4",1.9245,1.984,"md2",3.692,3.80266666666667,3.692
"109",2343,"2343.0","AT002",21,2022-05-23,"blue oak","pd1",1.9245,1.888,"md3",3.938,3.80266666666667,3.938
"110",2343,"2343.0","AT002",21,2022-05-23,"blue oak","pd1",1.9245,1.888,"md1",3.778,3.80266666666667,3.778
"111",2343,"2343.0","AT002",21,2022-05-23,"blue oak","pd1",1.9245,1.888,"md2",3.692,3.80266666666667,3.692
"112",2343,"2343.0","AT002",21,2022-05-23,"blue oak","pd2",1.9245,1.843,"md3",3.938,3.80266666666667,3.938
"113",2343,"2343.0","AT002",21,2022-05-23,"blue oak","pd2",1.9245,1.843,"md1",3.778,3.80266666666667,3.778
"114",2343,"2343.0","AT002",21,2022-05-23,"blue oak","pd2",1.9245,1.843,"md2",3.692,3.80266666666667,3.692
"115",2343,"2343.0","AT002",21,2022-05-23,"blue oak","pd3",1.9245,1.983,"md3",3.938,3.80266666666667,3.938
"116",2343,"2343.0","AT002",21,2022-05-23,"blue oak","pd3",1.9245,1.983,"md1",3.778,3.80266666666667,3.778
"117",2343,"2343.0","AT002",21,2022-05-23,"blue oak","pd3",1.9245,1.983,"md2",3.692,3.80266666666667,3.692
"118",2345,"2345.0","AT002",12,2022-03-25,"live oak","pd3",2.7625,1.8,"md6",2.4,2.00714285714286,2.4
"119",2345,"2345.0","AT002",12,2022-03-25,"live oak","pd3",2.7625,1.8,"md7",2.45,2.00714285714286,2.45
"120",2345,"2345.0","AT002",12,2022-03-25,"live oak","pd3",2.7625,1.8,"md1",1.85,2.00714285714286,1.85
"121",2345,"2345.0","AT002",12,2022-03-25,"live oak","pd3",2.7625,1.8,"md4",1.5,2.00714285714286,1.5
"122",2345,"2345.0","AT002",12,2022-03-25,"live oak","pd3",2.7625,1.8,"md2",2.05,2.00714285714286,2.05
"123",2345,"2345.0","AT002",12,2022-03-25,"live oak","pd3",2.7625,1.8,"md3",1.3,2.00714285714286,1.3
"124",2345,"2345.0","AT002",12,2022-03-25,"live oak","pd3",2.7625,1.8,"md5",2.5,2.00714285714286,2.5
"125",2345,"2345.0","AT002",12,2022-03-25,"live oak","pd2",2.7625,3.45,"md6",2.4,2.00714285714286,2.4
"126",2345,"2345.0","AT002",12,2022-03-25,"live oak","pd2",2.7625,3.45,"md7",2.45,2.00714285714286,2.45
"127",2345,"2345.0","AT002",12,2022-03-25,"live oak","pd2",2.7625,3.45,"md1",1.85,2.00714285714286,1.85
"128",2345,"2345.0","AT002",12,2022-03-25,"live oak","pd2",2.7625,3.45,"md4",1.5,2.00714285714286,1.5
"129",2345,"2345.0","AT002",12,2022-03-25,"live oak","pd2",2.7625,3.45,"md2",2.05,2.00714285714286,2.05
"130",2345,"2345.0","AT002",12,2022-03-25,"live oak","pd2",2.7625,3.45,"md3",1.3,2.00714285714286,1.3
"131",2345,"2345.0","AT002",12,2022-03-25,"live oak","pd2",2.7625,3.45,"md5",2.5,2.00714285714286,2.5
"132",2345,"2345.0","AT002",12,2022-03-25,"live oak","pd1",2.7625,3.1,"md6",2.4,2.00714285714286,2.4
"133",2345,"2345.0","AT002",12,2022-03-25,"live oak","pd1",2.7625,3.1,"md7",2.45,2.00714285714286,2.45
"134",2345,"2345.0","AT002",12,2022-03-25,"live oak","pd1",2.7625,3.1,"md1",1.85,2.00714285714286,1.85
"135",2345,"2345.0","AT002",12,2022-03-25,"live oak","pd1",2.7625,3.1,"md4",1.5,2.00714285714286,1.5
"136",2345,"2345.0","AT002",12,2022-03-25,"live oak","pd1",2.7625,3.1,"md2",2.05,2.00714285714286,2.05
"137",2345,"2345.0","AT002",12,2022-03-25,"live oak","pd1",2.7625,3.1,"md3",1.3,2.00714285714286,1.3
"138",2345,"2345.0","AT002",12,2022-03-25,"live oak","pd1",2.7625,3.1,"md5",2.5,2.00714285714286,2.5
"139",2345,"2345.0","AT002",12,2022-03-25,"live oak","pd4",2.7625,2.7,"md6",2.4,2.00714285714286,2.4
"140",2345,"2345.0","AT002",12,2022-03-25,"live oak","pd4",2.7625,2.7,"md7",2.45,2.00714285714286,2.45
"141",2345,"2345.0","AT002",12,2022-03-25,"live oak","pd4",2.7625,2.7,"md1",1.85,2.00714285714286,1.85
"142",2345,"2345.0","AT002",12,2022-03-25,"live oak","pd4",2.7625,2.7,"md4",1.5,2.00714285714286,1.5
"143",2345,"2345.0","AT002",12,2022-03-25,"live oak","pd4",2.7625,2.7,"md2",2.05,2.00714285714286,2.05
"144",2345,"2345.0","AT002",12,2022-03-25,"live oak","pd4",2.7625,2.7,"md3",1.3,2.00714285714286,1.3
"145",2345,"2345.0","AT002",12,2022-03-25,"live oak","pd4",2.7625,2.7,"md5",2.5,2.00714285714286,2.5
"146",2345,"2345.0","AT002",9,2022-02-28,"live oak","pd2",0.5335,0.62,"md1",1.88,1.63,1.88
"147",2345,"2345.0","AT002",9,2022-02-28,"live oak","pd2",0.5335,0.62,"md2",1.83,1.63,1.83
"148",2345,"2345.0","AT002",9,2022-02-28,"live oak","pd2",0.5335,0.62,"md3",1.04,1.63,1.04
"149",2345,"2345.0","AT002",9,2022-02-28,"live oak","pd2",0.5335,0.62,"md4",1.77,1.63,1.77
"150",2345,"2345.0","AT002",9,2022-02-28,"live oak","pd1",0.5335,0.564,"md1",1.88,1.63,1.88
"151",2345,"2345.0","AT002",9,2022-02-28,"live oak","pd1",0.5335,0.564,"md2",1.83,1.63,1.83
"152",2345,"2345.0","AT002",9,2022-02-28,"live oak","pd1",0.5335,0.564,"md3",1.04,1.63,1.04
"153",2345,"2345.0","AT002",9,2022-02-28,"live oak","pd1",0.5335,0.564,"md4",1.77,1.63,1.77
"154",2345,"2345.0","AT002",9,2022-02-28,"live oak","pd3",0.5335,0.45,"md1",1.88,1.63,1.88
"155",2345,"2345.0","AT002",9,2022-02-28,"live oak","pd3",0.5335,0.45,"md2",1.83,1.63,1.83
"156",2345,"2345.0","AT002",9,2022-02-28,"live oak","pd3",0.5335,0.45,"md3",1.04,1.63,1.04
"157",2345,"2345.0","AT002",9,2022-02-28,"live oak","pd3",0.5335,0.45,"md4",1.77,1.63,1.77
"158",2345,"2345.0","AT002",9,2022-02-28,"live oak","pd4",0.5335,0.5,"md1",1.88,1.63,1.88
"159",2345,"2345.0","AT002",9,2022-02-28,"live oak","pd4",0.5335,0.5,"md2",1.83,1.63,1.83
"160",2345,"2345.0","AT002",9,2022-02-28,"live oak","pd4",0.5335,0.5,"md3",1.04,1.63,1.04
"161",2345,"2345.0","AT002",9,2022-02-28,"live oak","pd4",0.5335,0.5,"md4",1.77,1.63,1.77
"162",2346,"2346.0","AT002",11,2022-03-15,"blue oak","pd2",1.73375,0.925,"md2",3.09,2.70425,3.09
"163",2346,"2346.0","AT002",11,2022-03-15,"blue oak","pd2",1.73375,0.925,"md1",1.819,2.70425,1.819
"164",2346,"2346.0","AT002",11,2022-03-15,"blue oak","pd2",1.73375,0.925,"md4",3.603,2.70425,3.603
"165",2346,"2346.0","AT002",11,2022-03-15,"blue oak","pd2",1.73375,0.925,"md3",2.305,2.70425,2.305
"166",2346,"2346.0","AT002",11,2022-03-15,"blue oak","pd4",1.73375,3.9,"md2",3.09,2.70425,3.09
"167",2346,"2346.0","AT002",11,2022-03-15,"blue oak","pd4",1.73375,3.9,"md1",1.819,2.70425,1.819
"168",2346,"2346.0","AT002",11,2022-03-15,"blue oak","pd4",1.73375,3.9,"md4",3.603,2.70425,3.603
"169",2346,"2346.0","AT002",11,2022-03-15,"blue oak","pd4",1.73375,3.9,"md3",2.305,2.70425,2.305
"170",2346,"2346.0","AT002",11,2022-03-15,"blue oak","pd1",1.73375,0.89,"md2",3.09,2.70425,3.09
"171",2346,"2346.0","AT002",11,2022-03-15,"blue oak","pd1",1.73375,0.89,"md1",1.819,2.70425,1.819
"172",2346,"2346.0","AT002",11,2022-03-15,"blue oak","pd1",1.73375,0.89,"md4",3.603,2.70425,3.603
"173",2346,"2346.0","AT002",11,2022-03-15,"blue oak","pd1",1.73375,0.89,"md3",2.305,2.70425,2.305
"174",2346,"2346.0","AT002",11,2022-03-15,"blue oak","pd3",1.73375,1.22,"md2",3.09,2.70425,3.09
"175",2346,"2346.0","AT002",11,2022-03-15,"blue oak","pd3",1.73375,1.22,"md1",1.819,2.70425,1.819
"176",2346,"2346.0","AT002",11,2022-03-15,"blue oak","pd3",1.73375,1.22,"md4",3.603,2.70425,3.603
"177",2346,"2346.0","AT002",11,2022-03-15,"blue oak","pd3",1.73375,1.22,"md3",2.305,2.70425,2.305
"178",2346,"2346.0","AT002",12,2022-03-25,"blue oak","pd3",1.78333333333333,1.6,"md1",2.9,2.68333333333333,2.9
"179",2346,"2346.0","AT002",12,2022-03-25,"blue oak","pd3",1.78333333333333,1.6,"md4",2.35,2.68333333333333,2.35
"180",2346,"2346.0","AT002",12,2022-03-25,"blue oak","pd3",1.78333333333333,1.6,"md3",3.3,2.68333333333333,3.3
"181",2346,"2346.0","AT002",12,2022-03-25,"blue oak","pd3",1.78333333333333,1.6,"md6",2.3,2.68333333333333,2.3
"182",2346,"2346.0","AT002",12,2022-03-25,"blue oak","pd3",1.78333333333333,1.6,"md2",2.9,2.68333333333333,2.9
"183",2346,"2346.0","AT002",12,2022-03-25,"blue oak","pd3",1.78333333333333,1.6,"md5",2.35,2.68333333333333,2.35
"184",2346,"2346.0","AT002",12,2022-03-25,"blue oak","pd2",1.78333333333333,1.55,"md1",2.9,2.68333333333333,2.9
"185",2346,"2346.0","AT002",12,2022-03-25,"blue oak","pd2",1.78333333333333,1.55,"md4",2.35,2.68333333333333,2.35
"186",2346,"2346.0","AT002",12,2022-03-25,"blue oak","pd2",1.78333333333333,1.55,"md3",3.3,2.68333333333333,3.3
"187",2346,"2346.0","AT002",12,2022-03-25,"blue oak","pd2",1.78333333333333,1.55,"md6",2.3,2.68333333333333,2.3
"188",2346,"2346.0","AT002",12,2022-03-25,"blue oak","pd2",1.78333333333333,1.55,"md2",2.9,2.68333333333333,2.9
"189",2346,"2346.0","AT002",12,2022-03-25,"blue oak","pd2",1.78333333333333,1.55,"md5",2.35,2.68333333333333,2.35
"190",2346,"2346.0","AT002",12,2022-03-25,"blue oak","pd1",1.78333333333333,2.2,"md1",2.9,2.68333333333333,2.9
"191",2346,"2346.0","AT002",12,2022-03-25,"blue oak","pd1",1.78333333333333,2.2,"md4",2.35,2.68333333333333,2.35
"192",2346,"2346.0","AT002",12,2022-03-25,"blue oak","pd1",1.78333333333333,2.2,"md3",3.3,2.68333333333333,3.3
"193",2346,"2346.0","AT002",12,2022-03-25,"blue oak","pd1",1.78333333333333,2.2,"md6",2.3,2.68333333333333,2.3
"194",2346,"2346.0","AT002",12,2022-03-25,"blue oak","pd1",1.78333333333333,2.2,"md2",2.9,2.68333333333333,2.9
"195",2346,"2346.0","AT002",12,2022-03-25,"blue oak","pd1",1.78333333333333,2.2,"md5",2.35,2.68333333333333,2.35
"196",2346,"2346.0","AT002",17,2022-04-25,"blue oak","pd2",2.00033333333333,2.022,"md2",2.29,2.211,2.29
"197",2346,"2346.0","AT002",17,2022-04-25,"blue oak","pd2",2.00033333333333,2.022,"md1",2.207,2.211,2.207
"198",2346,"2346.0","AT002",17,2022-04-25,"blue oak","pd2",2.00033333333333,2.022,"md3",2.136,2.211,2.136
"199",2346,"2346.0","AT002",17,2022-04-25,"blue oak","pd3",2.00033333333333,2.008,"md2",2.29,2.211,2.29
"200",2346,"2346.0","AT002",17,2022-04-25,"blue oak","pd3",2.00033333333333,2.008,"md1",2.207,2.211,2.207
"201",2346,"2346.0","AT002",17,2022-04-25,"blue oak","pd3",2.00033333333333,2.008,"md3",2.136,2.211,2.136
"202",2346,"2346.0","AT002",17,2022-04-25,"blue oak","pd1",2.00033333333333,1.971,"md2",2.29,2.211,2.29
"203",2346,"2346.0","AT002",17,2022-04-25,"blue oak","pd1",2.00033333333333,1.971,"md1",2.207,2.211,2.207
"204",2346,"2346.0","AT002",17,2022-04-25,"blue oak","pd1",2.00033333333333,1.971,"md3",2.136,2.211,2.136
"205",2346,"2346.0","AT002",21,2022-05-23,"blue oak","pd2",2.0605,2.043,"md2",3.365,3.3165,3.365
"206",2346,"2346.0","AT002",21,2022-05-23,"blue oak","pd2",2.0605,2.043,"md1",3.268,3.3165,3.268
"207",2346,"2346.0","AT002",21,2022-05-23,"blue oak","pd1",2.0605,2.078,"md2",3.365,3.3165,3.365
"208",2346,"2346.0","AT002",21,2022-05-23,"blue oak","pd1",2.0605,2.078,"md1",3.268,3.3165,3.268
"209",2347,"2347.0","AT002",12,2022-03-25,"blue oak","pd1",1.2,1.1,"md2",2.5,2.3125,2.5
"210",2347,"2347.0","AT002",12,2022-03-25,"blue oak","pd1",1.2,1.1,"md4",2.35,2.3125,2.35
"211",2347,"2347.0","AT002",12,2022-03-25,"blue oak","pd1",1.2,1.1,"md3",2,2.3125,2
"212",2347,"2347.0","AT002",12,2022-03-25,"blue oak","pd1",1.2,1.1,"md1",2.4,2.3125,2.4
"213",2347,"2347.0","AT002",12,2022-03-25,"blue oak","pd2",1.2,1.5,"md2",2.5,2.3125,2.5
"214",2347,"2347.0","AT002",12,2022-03-25,"blue oak","pd2",1.2,1.5,"md4",2.35,2.3125,2.35
"215",2347,"2347.0","AT002",12,2022-03-25,"blue oak","pd2",1.2,1.5,"md3",2,2.3125,2
"216",2347,"2347.0","AT002",12,2022-03-25,"blue oak","pd2",1.2,1.5,"md1",2.4,2.3125,2.4
"217",2347,"2347.0","AT002",12,2022-03-25,"blue oak","pd3",1.2,1,"md2",2.5,2.3125,2.5
"218",2347,"2347.0","AT002",12,2022-03-25,"blue oak","pd3",1.2,1,"md4",2.35,2.3125,2.35
"219",2347,"2347.0","AT002",12,2022-03-25,"blue oak","pd3",1.2,1,"md3",2,2.3125,2
"220",2347,"2347.0","AT002",12,2022-03-25,"blue oak","pd3",1.2,1,"md1",2.4,2.3125,2.4
"221",2347,"2347.0","AT002",17,2022-04-25,"blue oak","pd2",1.4555,1.468,"md3",2.204,2.396,2.204
"222",2347,"2347.0","AT002",17,2022-04-25,"blue oak","pd2",1.4555,1.468,"md1",2.554,2.396,2.554
"223",2347,"2347.0","AT002",17,2022-04-25,"blue oak","pd2",1.4555,1.468,"md2",2.43,2.396,2.43
"224",2347,"2347.0","AT002",17,2022-04-25,"blue oak","pd1",1.4555,1.443,"md3",2.204,2.396,2.204
"225",2347,"2347.0","AT002",17,2022-04-25,"blue oak","pd1",1.4555,1.443,"md1",2.554,2.396,2.554
"226",2347,"2347.0","AT002",17,2022-04-25,"blue oak","pd1",1.4555,1.443,"md2",2.43,2.396,2.43
"227",2347,"2347.0","AT002",18,2022-05-04,"blue oak","pd3",1.5664,1.47,"md1",2.987,2.86033333333333,2.987
"228",2347,"2347.0","AT002",18,2022-05-04,"blue oak","pd3",1.5664,1.47,"md2",2.781,2.86033333333333,2.781
"229",2347,"2347.0","AT002",18,2022-05-04,"blue oak","pd3",1.5664,1.47,"md3",2.813,2.86033333333333,2.813
"230",2347,"2347.0","AT002",18,2022-05-04,"blue oak","pd4",1.5664,1.778,"md1",2.987,2.86033333333333,2.987
"231",2347,"2347.0","AT002",18,2022-05-04,"blue oak","pd4",1.5664,1.778,"md2",2.781,2.86033333333333,2.781
"232",2347,"2347.0","AT002",18,2022-05-04,"blue oak","pd4",1.5664,1.778,"md3",2.813,2.86033333333333,2.813
"233",2347,"2347.0","AT002",18,2022-05-04,"blue oak","pd1",1.5664,1.35,"md1",2.987,2.86033333333333,2.987
"234",2347,"2347.0","AT002",18,2022-05-04,"blue oak","pd1",1.5664,1.35,"md2",2.781,2.86033333333333,2.781
"235",2347,"2347.0","AT002",18,2022-05-04,"blue oak","pd1",1.5664,1.35,"md3",2.813,2.86033333333333,2.813
"236",2347,"2347.0","AT002",18,2022-05-04,"blue oak","pd5",1.5664,1.452,"md1",2.987,2.86033333333333,2.987
"237",2347,"2347.0","AT002",18,2022-05-04,"blue oak","pd5",1.5664,1.452,"md2",2.781,2.86033333333333,2.781
"238",2347,"2347.0","AT002",18,2022-05-04,"blue oak","pd5",1.5664,1.452,"md3",2.813,2.86033333333333,2.813
"239",2347,"2347.0","AT002",18,2022-05-04,"blue oak","pd2",1.5664,1.782,"md1",2.987,2.86033333333333,2.987
"240",2347,"2347.0","AT002",18,2022-05-04,"blue oak","pd2",1.5664,1.782,"md2",2.781,2.86033333333333,2.781
"241",2347,"2347.0","AT002",18,2022-05-04,"blue oak","pd2",1.5664,1.782,"md3",2.813,2.86033333333333,2.813
"242",2347,"2347.0","AT002",21,2022-05-23,"blue oak","pd3",1.934,1.872,"md2",2.7,2.86,2.7
"243",2347,"2347.0","AT002",21,2022-05-23,"blue oak","pd3",1.934,1.872,"md3",2.75,2.86,2.75
"244",2347,"2347.0","AT002",21,2022-05-23,"blue oak","pd3",1.934,1.872,"md1",3.13,2.86,3.13
"245",2347,"2347.0","AT002",21,2022-05-23,"blue oak","pd2",1.934,2.168,"md2",2.7,2.86,2.7
"246",2347,"2347.0","AT002",21,2022-05-23,"blue oak","pd2",1.934,2.168,"md3",2.75,2.86,2.75
"247",2347,"2347.0","AT002",21,2022-05-23,"blue oak","pd2",1.934,2.168,"md1",3.13,2.86,3.13
"248",2347,"2347.0","AT002",21,2022-05-23,"blue oak","pd1",1.934,1.762,"md2",2.7,2.86,2.7
"249",2347,"2347.0","AT002",21,2022-05-23,"blue oak","pd1",1.934,1.762,"md3",2.75,2.86,2.75
"250",2347,"2347.0","AT002",21,2022-05-23,"blue oak","pd1",1.934,1.762,"md1",3.13,2.86,3.13
"251",2349,"2349.0","AT002",11,2022-03-15,"blue oak","pd3",1.54333333333333,1.43,"md1",3.29,3.355,3.29
"252",2349,"2349.0","AT002",11,2022-03-15,"blue oak","pd3",1.54333333333333,1.43,"md2",3.42,3.355,3.42
"253",2349,"2349.0","AT002",11,2022-03-15,"blue oak","pd1",1.54333333333333,1.29,"md1",3.29,3.355,3.29
"254",2349,"2349.0","AT002",11,2022-03-15,"blue oak","pd1",1.54333333333333,1.29,"md2",3.42,3.355,3.42
"255",2349,"2349.0","AT002",11,2022-03-15,"blue oak","pd2",1.54333333333333,1.91,"md1",3.29,3.355,3.29
"256",2349,"2349.0","AT002",11,2022-03-15,"blue oak","pd2",1.54333333333333,1.91,"md2",3.42,3.355,3.42
"257",2354,"2354.0","AT001",12,2022-03-25,"live oak","pd2",0.973333333333333,1.16,"md3",2.45,2.755,2.45
"258",2354,"2354.0","AT001",12,2022-03-25,"live oak","pd2",0.973333333333333,1.16,"md1",2.725,2.755,2.725
"259",2354,"2354.0","AT001",12,2022-03-25,"live oak","pd2",0.973333333333333,1.16,"md2",2.4,2.755,2.4
"260",2354,"2354.0","AT001",12,2022-03-25,"live oak","pd2",0.973333333333333,1.16,"md4",3.25,2.755,3.25
"261",2354,"2354.0","AT001",12,2022-03-25,"live oak","pd2",0.973333333333333,1.16,"md5",2.95,2.755,2.95
"262",2354,"2354.0","AT001",12,2022-03-25,"live oak","pd1",0.973333333333333,0.76,"md3",2.45,2.755,2.45
"263",2354,"2354.0","AT001",12,2022-03-25,"live oak","pd1",0.973333333333333,0.76,"md1",2.725,2.755,2.725
"264",2354,"2354.0","AT001",12,2022-03-25,"live oak","pd1",0.973333333333333,0.76,"md2",2.4,2.755,2.4
"265",2354,"2354.0","AT001",12,2022-03-25,"live oak","pd1",0.973333333333333,0.76,"md4",3.25,2.755,3.25
"266",2354,"2354.0","AT001",12,2022-03-25,"live oak","pd1",0.973333333333333,0.76,"md5",2.95,2.755,2.95
"267",2354,"2354.0","AT001",12,2022-03-25,"live oak","pd3",0.973333333333333,1,"md3",2.45,2.755,2.45
"268",2354,"2354.0","AT001",12,2022-03-25,"live oak","pd3",0.973333333333333,1,"md1",2.725,2.755,2.725
"269",2354,"2354.0","AT001",12,2022-03-25,"live oak","pd3",0.973333333333333,1,"md2",2.4,2.755,2.4
"270",2354,"2354.0","AT001",12,2022-03-25,"live oak","pd3",0.973333333333333,1,"md4",3.25,2.755,3.25
"271",2354,"2354.0","AT001",12,2022-03-25,"live oak","pd3",0.973333333333333,1,"md5",2.95,2.755,2.95
"272",2360,"2360.0","AT001",17,2022-04-25,"blue oak","pd1",1.485,1.412,"md1",2.88,2.75833333333333,2.88
"273",2360,"2360.0","AT001",17,2022-04-25,"blue oak","pd1",1.485,1.412,"md2",2.531,2.75833333333333,2.531
"274",2360,"2360.0","AT001",17,2022-04-25,"blue oak","pd1",1.485,1.412,"md3",2.864,2.75833333333333,2.864
"275",2360,"2360.0","AT001",17,2022-04-25,"blue oak","pd4",1.485,1.388,"md1",2.88,2.75833333333333,2.88
"276",2360,"2360.0","AT001",17,2022-04-25,"blue oak","pd4",1.485,1.388,"md2",2.531,2.75833333333333,2.531
"277",2360,"2360.0","AT001",17,2022-04-25,"blue oak","pd4",1.485,1.388,"md3",2.864,2.75833333333333,2.864
"278",2360,"2360.0","AT001",17,2022-04-25,"blue oak","pd3",1.485,1.6,"md1",2.88,2.75833333333333,2.88
"279",2360,"2360.0","AT001",17,2022-04-25,"blue oak","pd3",1.485,1.6,"md2",2.531,2.75833333333333,2.531
"280",2360,"2360.0","AT001",17,2022-04-25,"blue oak","pd3",1.485,1.6,"md3",2.864,2.75833333333333,2.864
"281",2360,"2360.0","AT001",17,2022-04-25,"blue oak","pd2",1.485,1.54,"md1",2.88,2.75833333333333,2.88
"282",2360,"2360.0","AT001",17,2022-04-25,"blue oak","pd2",1.485,1.54,"md2",2.531,2.75833333333333,2.531
"283",2360,"2360.0","AT001",17,2022-04-25,"blue oak","pd2",1.485,1.54,"md3",2.864,2.75833333333333,2.864
"284",2365,"2365.0","AT001",11,2022-03-15,"blue oak","pd4",1.233,1.85,"md1",1.89,2.2674,1.89
"285",2365,"2365.0","AT001",11,2022-03-15,"blue oak","pd4",1.233,1.85,"md4",2.948,2.2674,2.948
"286",2365,"2365.0","AT001",11,2022-03-15,"blue oak","pd4",1.233,1.85,"md3",2.318,2.2674,2.318
"287",2365,"2365.0","AT001",11,2022-03-15,"blue oak","pd4",1.233,1.85,"md2",2.034,2.2674,2.034
"288",2365,"2365.0","AT001",11,2022-03-15,"blue oak","pd4",1.233,1.85,"md5",2.147,2.2674,2.147
"289",2365,"2365.0","AT001",11,2022-03-15,"blue oak","pd3",1.233,0.475,"md1",1.89,2.2674,1.89
"290",2365,"2365.0","AT001",11,2022-03-15,"blue oak","pd3",1.233,0.475,"md4",2.948,2.2674,2.948
"291",2365,"2365.0","AT001",11,2022-03-15,"blue oak","pd3",1.233,0.475,"md3",2.318,2.2674,2.318
"292",2365,"2365.0","AT001",11,2022-03-15,"blue oak","pd3",1.233,0.475,"md2",2.034,2.2674,2.034
"293",2365,"2365.0","AT001",11,2022-03-15,"blue oak","pd3",1.233,0.475,"md5",2.147,2.2674,2.147
"294",2365,"2365.0","AT001",11,2022-03-15,"blue oak","pd2",1.233,1.25,"md1",1.89,2.2674,1.89
"295",2365,"2365.0","AT001",11,2022-03-15,"blue oak","pd2",1.233,1.25,"md4",2.948,2.2674,2.948
"296",2365,"2365.0","AT001",11,2022-03-15,"blue oak","pd2",1.233,1.25,"md3",2.318,2.2674,2.318
"297",2365,"2365.0","AT001",11,2022-03-15,"blue oak","pd2",1.233,1.25,"md2",2.034,2.2674,2.034
"298",2365,"2365.0","AT001",11,2022-03-15,"blue oak","pd2",1.233,1.25,"md5",2.147,2.2674,2.147
"299",2365,"2365.0","AT001",11,2022-03-15,"blue oak","pd1",1.233,1.54,"md1",1.89,2.2674,1.89
"300",2365,"2365.0","AT001",11,2022-03-15,"blue oak","pd1",1.233,1.54,"md4",2.948,2.2674,2.948
"301",2365,"2365.0","AT001",11,2022-03-15,"blue oak","pd1",1.233,1.54,"md3",2.318,2.2674,2.318
"302",2365,"2365.0","AT001",11,2022-03-15,"blue oak","pd1",1.233,1.54,"md2",2.034,2.2674,2.034
"303",2365,"2365.0","AT001",11,2022-03-15,"blue oak","pd1",1.233,1.54,"md5",2.147,2.2674,2.147
"304",2365,"2365.0","AT001",11,2022-03-15,"blue oak","pd5",1.233,1.05,"md1",1.89,2.2674,1.89
"305",2365,"2365.0","AT001",11,2022-03-15,"blue oak","pd5",1.233,1.05,"md4",2.948,2.2674,2.948
"306",2365,"2365.0","AT001",11,2022-03-15,"blue oak","pd5",1.233,1.05,"md3",2.318,2.2674,2.318
"307",2365,"2365.0","AT001",11,2022-03-15,"blue oak","pd5",1.233,1.05,"md2",2.034,2.2674,2.034
"308",2365,"2365.0","AT001",11,2022-03-15,"blue oak","pd5",1.233,1.05,"md5",2.147,2.2674,2.147
"309",2365,"2365.0","AT001",12,2022-03-25,"blue oak","pd4",2.09,2.21,"md4",2.2,2.2,2.2
"310",2365,"2365.0","AT001",12,2022-03-25,"blue oak","pd4",2.09,2.21,"md3",2,2.2,2
"311",2365,"2365.0","AT001",12,2022-03-25,"blue oak","pd4",2.09,2.21,"md1",2.05,2.2,2.05
"312",2365,"2365.0","AT001",12,2022-03-25,"blue oak","pd4",2.09,2.21,"md2",2.55,2.2,2.55
"313",2365,"2365.0","AT001",12,2022-03-25,"blue oak","pd2",2.09,2.4,"md4",2.2,2.2,2.2
"314",2365,"2365.0","AT001",12,2022-03-25,"blue oak","pd2",2.09,2.4,"md3",2,2.2,2
"315",2365,"2365.0","AT001",12,2022-03-25,"blue oak","pd2",2.09,2.4,"md1",2.05,2.2,2.05
"316",2365,"2365.0","AT001",12,2022-03-25,"blue oak","pd2",2.09,2.4,"md2",2.55,2.2,2.55
"317",2365,"2365.0","AT001",12,2022-03-25,"blue oak","pd3",2.09,2.4,"md4",2.2,2.2,2.2
"318",2365,"2365.0","AT001",12,2022-03-25,"blue oak","pd3",2.09,2.4,"md3",2,2.2,2
"319",2365,"2365.0","AT001",12,2022-03-25,"blue oak","pd3",2.09,2.4,"md1",2.05,2.2,2.05
"320",2365,"2365.0","AT001",12,2022-03-25,"blue oak","pd3",2.09,2.4,"md2",2.55,2.2,2.55
"321",2365,"2365.0","AT001",12,2022-03-25,"blue oak","pd1",2.09,1.35,"md4",2.2,2.2,2.2
"322",2365,"2365.0","AT001",12,2022-03-25,"blue oak","pd1",2.09,1.35,"md3",2,2.2,2
"323",2365,"2365.0","AT001",12,2022-03-25,"blue oak","pd1",2.09,1.35,"md1",2.05,2.2,2.05
"324",2365,"2365.0","AT001",12,2022-03-25,"blue oak","pd1",2.09,1.35,"md2",2.55,2.2,2.55
"325",2365,"2365.0","AT001",17,2022-04-25,"blue oak","pd1",1.402,1.382,"md2",3.25,3.18333333333333,3.25
"326",2365,"2365.0","AT001",17,2022-04-25,"blue oak","pd1",1.402,1.382,"md3",3.3,3.18333333333333,3.3
"327",2365,"2365.0","AT001",17,2022-04-25,"blue oak","pd1",1.402,1.382,"md1",3,3.18333333333333,3
"328",2365,"2365.0","AT001",17,2022-04-25,"blue oak","pd3",1.402,1.414,"md2",3.25,3.18333333333333,3.25
"329",2365,"2365.0","AT001",17,2022-04-25,"blue oak","pd3",1.402,1.414,"md3",3.3,3.18333333333333,3.3
"330",2365,"2365.0","AT001",17,2022-04-25,"blue oak","pd3",1.402,1.414,"md1",3,3.18333333333333,3
"331",2365,"2365.0","AT001",17,2022-04-25,"blue oak","pd2",1.402,1.41,"md2",3.25,3.18333333333333,3.25
"332",2365,"2365.0","AT001",17,2022-04-25,"blue oak","pd2",1.402,1.41,"md3",3.3,3.18333333333333,3.3
"333",2365,"2365.0","AT001",17,2022-04-25,"blue oak","pd2",1.402,1.41,"md1",3,3.18333333333333,3
"334",2365,"2365.0","AT001",18,2022-05-04,"blue oak","pd2",1.35666666666667,1.208,"md2",2.621,2.6145,2.621
"335",2365,"2365.0","AT001",18,2022-05-04,"blue oak","pd2",1.35666666666667,1.208,"md1",2.608,2.6145,2.608
"336",2365,"2365.0","AT001",18,2022-05-04,"blue oak","pd3",1.35666666666667,1.42,"md2",2.621,2.6145,2.621
"337",2365,"2365.0","AT001",18,2022-05-04,"blue oak","pd3",1.35666666666667,1.42,"md1",2.608,2.6145,2.608
"338",2365,"2365.0","AT001",18,2022-05-04,"blue oak","pd1",1.35666666666667,1.442,"md2",2.621,2.6145,2.621
"339",2365,"2365.0","AT001",18,2022-05-04,"blue oak","pd1",1.35666666666667,1.442,"md1",2.608,2.6145,2.608
"340",2365,"2365.0","AT001",21,2022-05-23,"blue oak","pd2",1.87766666666667,1.82,"md2",2.912,2.97266666666667,2.912
"341",2365,"2365.0","AT001",21,2022-05-23,"blue oak","pd2",1.87766666666667,1.82,"md3",2.963,2.97266666666667,2.963
"342",2365,"2365.0","AT001",21,2022-05-23,"blue oak","pd2",1.87766666666667,1.82,"md1",3.043,2.97266666666667,3.043
"343",2365,"2365.0","AT001",21,2022-05-23,"blue oak","pd3",1.87766666666667,2.04,"md2",2.912,2.97266666666667,2.912
"344",2365,"2365.0","AT001",21,2022-05-23,"blue oak","pd3",1.87766666666667,2.04,"md3",2.963,2.97266666666667,2.963
"345",2365,"2365.0","AT001",21,2022-05-23,"blue oak","pd3",1.87766666666667,2.04,"md1",3.043,2.97266666666667,3.043
"346",2365,"2365.0","AT001",21,2022-05-23,"blue oak","pd1",1.87766666666667,1.773,"md2",2.912,2.97266666666667,2.912
"347",2365,"2365.0","AT001",21,2022-05-23,"blue oak","pd1",1.87766666666667,1.773,"md3",2.963,2.97266666666667,2.963
"348",2365,"2365.0","AT001",21,2022-05-23,"blue oak","pd1",1.87766666666667,1.773,"md1",3.043,2.97266666666667,3.043
"349",2367,"2367.0","AT001",12,2022-03-25,"blue oak","pd1",0.9,0.9,"md4",1.95,1.8,1.95
"350",2367,"2367.0","AT001",12,2022-03-25,"blue oak","pd1",0.9,0.9,"md3",1.95,1.8,1.95
"351",2367,"2367.0","AT001",12,2022-03-25,"blue oak","pd1",0.9,0.9,"md1",1.35,1.8,1.35
"352",2367,"2367.0","AT001",12,2022-03-25,"blue oak","pd1",0.9,0.9,"md2",1.95,1.8,1.95
"353",2367,"2367.0","AT001",17,2022-04-25,"blue oak","pd1",1.546,1.508,"md3",3.3,3.18333333333333,3.3
"354",2367,"2367.0","AT001",17,2022-04-25,"blue oak","pd1",1.546,1.508,"md2",3.25,3.18333333333333,3.25
"355",2367,"2367.0","AT001",17,2022-04-25,"blue oak","pd1",1.546,1.508,"md1",3,3.18333333333333,3
"356",2367,"2367.0","AT001",17,2022-04-25,"blue oak","pd2",1.546,1.584,"md3",3.3,3.18333333333333,3.3
"357",2367,"2367.0","AT001",17,2022-04-25,"blue oak","pd2",1.546,1.584,"md2",3.25,3.18333333333333,3.25
"358",2367,"2367.0","AT001",17,2022-04-25,"blue oak","pd2",1.546,1.584,"md1",3,3.18333333333333,3
"359",2367,"2367.0","AT001",18,2022-05-04,"blue oak","pd3",1.678,1.658,"md1",2.587,2.584,2.587
"360",2367,"2367.0","AT001",18,2022-05-04,"blue oak","pd3",1.678,1.658,"md2",2.674,2.584,2.674
"361",2367,"2367.0","AT001",18,2022-05-04,"blue oak","pd3",1.678,1.658,"md3",2.491,2.584,2.491
"362",2367,"2367.0","AT001",18,2022-05-04,"blue oak","pd1",1.678,1.718,"md1",2.587,2.584,2.587
"363",2367,"2367.0","AT001",18,2022-05-04,"blue oak","pd1",1.678,1.718,"md2",2.674,2.584,2.674
"364",2367,"2367.0","AT001",18,2022-05-04,"blue oak","pd1",1.678,1.718,"md3",2.491,2.584,2.491
"365",2367,"2367.0","AT001",18,2022-05-04,"blue oak","pd2",1.678,1.658,"md1",2.587,2.584,2.587
"366",2367,"2367.0","AT001",18,2022-05-04,"blue oak","pd2",1.678,1.658,"md2",2.674,2.584,2.674
"367",2367,"2367.0","AT001",18,2022-05-04,"blue oak","pd2",1.678,1.658,"md3",2.491,2.584,2.491
"368",2367,"2367.0","AT001",21,2022-05-23,"blue oak","pd2",2.0165,2.001,"md2",2.99,2.96033333333333,2.99
"369",2367,"2367.0","AT001",21,2022-05-23,"blue oak","pd2",2.0165,2.001,"md3",2.881,2.96033333333333,2.881
"370",2367,"2367.0","AT001",21,2022-05-23,"blue oak","pd2",2.0165,2.001,"md1",3.01,2.96033333333333,3.01
"371",2367,"2367.0","AT001",21,2022-05-23,"blue oak","pd1",2.0165,2.032,"md2",2.99,2.96033333333333,2.99
"372",2367,"2367.0","AT001",21,2022-05-23,"blue oak","pd1",2.0165,2.032,"md3",2.881,2.96033333333333,2.881
"373",2367,"2367.0","AT001",21,2022-05-23,"blue oak","pd1",2.0165,2.032,"md1",3.01,2.96033333333333,3.01
"374",2369,"2369.0","AT001",11,2022-03-15,"blue oak","pd3",1.31166666666667,1.53,"md1",2.41,2.452,2.41
"375",2369,"2369.0","AT001",11,2022-03-15,"blue oak","pd3",1.31166666666667,1.53,"md4",2.03,2.452,2.03
"376",2369,"2369.0","AT001",11,2022-03-15,"blue oak","pd3",1.31166666666667,1.53,"md5",1.76,2.452,1.76
"377",2369,"2369.0","AT001",11,2022-03-15,"blue oak","pd3",1.31166666666667,1.53,"md3",2.75,2.452,2.75
"378",2369,"2369.0","AT001",11,2022-03-15,"blue oak","pd3",1.31166666666667,1.53,"md2",3.31,2.452,3.31
"379",2369,"2369.0","AT001",11,2022-03-15,"blue oak","pd2",1.31166666666667,0.891,"md1",2.41,2.452,2.41
"380",2369,"2369.0","AT001",11,2022-03-15,"blue oak","pd2",1.31166666666667,0.891,"md4",2.03,2.452,2.03
"381",2369,"2369.0","AT001",11,2022-03-15,"blue oak","pd2",1.31166666666667,0.891,"md5",1.76,2.452,1.76
"382",2369,"2369.0","AT001",11,2022-03-15,"blue oak","pd2",1.31166666666667,0.891,"md3",2.75,2.452,2.75
"383",2369,"2369.0","AT001",11,2022-03-15,"blue oak","pd2",1.31166666666667,0.891,"md2",3.31,2.452,3.31
"384",2369,"2369.0","AT001",11,2022-03-15,"blue oak","pd1",1.31166666666667,1.514,"md1",2.41,2.452,2.41
"385",2369,"2369.0","AT001",11,2022-03-15,"blue oak","pd1",1.31166666666667,1.514,"md4",2.03,2.452,2.03
"386",2369,"2369.0","AT001",11,2022-03-15,"blue oak","pd1",1.31166666666667,1.514,"md5",1.76,2.452,1.76
"387",2369,"2369.0","AT001",11,2022-03-15,"blue oak","pd1",1.31166666666667,1.514,"md3",2.75,2.452,2.75
"388",2369,"2369.0","AT001",11,2022-03-15,"blue oak","pd1",1.31166666666667,1.514,"md2",3.31,2.452,3.31
"389",2369,"2369.0","AT001",12,2022-03-25,"blue oak","pd3",0.9485,0.802,"md3",2.8,2.8,2.8
"390",2369,"2369.0","AT001",12,2022-03-25,"blue oak","pd3",0.9485,0.802,"md2",2.55,2.8,2.55
"391",2369,"2369.0","AT001",12,2022-03-25,"blue oak","pd3",0.9485,0.802,"md1",3.05,2.8,3.05
"392",2369,"2369.0","AT001",12,2022-03-25,"blue oak","pd2",0.9485,0.702,"md3",2.8,2.8,2.8
"393",2369,"2369.0","AT001",12,2022-03-25,"blue oak","pd2",0.9485,0.702,"md2",2.55,2.8,2.55
"394",2369,"2369.0","AT001",12,2022-03-25,"blue oak","pd2",0.9485,0.702,"md1",3.05,2.8,3.05
"395",2369,"2369.0","AT001",12,2022-03-25,"blue oak","pd4",0.9485,0.99,"md3",2.8,2.8,2.8
"396",2369,"2369.0","AT001",12,2022-03-25,"blue oak","pd4",0.9485,0.99,"md2",2.55,2.8,2.55
"397",2369,"2369.0","AT001",12,2022-03-25,"blue oak","pd4",0.9485,0.99,"md1",3.05,2.8,3.05
"398",2369,"2369.0","AT001",12,2022-03-25,"blue oak","pd1",0.9485,1.3,"md3",2.8,2.8,2.8
"399",2369,"2369.0","AT001",12,2022-03-25,"blue oak","pd1",0.9485,1.3,"md2",2.55,2.8,2.55
"400",2369,"2369.0","AT001",12,2022-03-25,"blue oak","pd1",0.9485,1.3,"md1",3.05,2.8,3.05
"401",2369,"2369.0","AT001",17,2022-04-25,"blue oak","pd2",1.50533333333333,1.421,"md3",3.5,3.38333333333333,3.5
"402",2369,"2369.0","AT001",17,2022-04-25,"blue oak","pd2",1.50533333333333,1.421,"md1",3.3,3.38333333333333,3.3
"403",2369,"2369.0","AT001",17,2022-04-25,"blue oak","pd2",1.50533333333333,1.421,"md2",3.35,3.38333333333333,3.35
"404",2369,"2369.0","AT001",17,2022-04-25,"blue oak","pd3",1.50533333333333,1.583,"md3",3.5,3.38333333333333,3.5
"405",2369,"2369.0","AT001",17,2022-04-25,"blue oak","pd3",1.50533333333333,1.583,"md1",3.3,3.38333333333333,3.3
"406",2369,"2369.0","AT001",17,2022-04-25,"blue oak","pd3",1.50533333333333,1.583,"md2",3.35,3.38333333333333,3.35
"407",2369,"2369.0","AT001",17,2022-04-25,"blue oak","pd1",1.50533333333333,1.512,"md3",3.5,3.38333333333333,3.5
"408",2369,"2369.0","AT001",17,2022-04-25,"blue oak","pd1",1.50533333333333,1.512,"md1",3.3,3.38333333333333,3.3
"409",2369,"2369.0","AT001",17,2022-04-25,"blue oak","pd1",1.50533333333333,1.512,"md2",3.35,3.38333333333333,3.35
"410",2369,"2369.0","AT001",18,2022-05-04,"blue oak","pd2",1.693,1.754,"md1",2.584,2.803,2.584
"411",2369,"2369.0","AT001",18,2022-05-04,"blue oak","pd2",1.693,1.754,"md2",2.945,2.803,2.945
"412",2369,"2369.0","AT001",18,2022-05-04,"blue oak","pd2",1.693,1.754,"md3",2.88,2.803,2.88
"413",2369,"2369.0","AT001",18,2022-05-04,"blue oak","pd1",1.693,1.687,"md1",2.584,2.803,2.584
"414",2369,"2369.0","AT001",18,2022-05-04,"blue oak","pd1",1.693,1.687,"md2",2.945,2.803,2.945
"415",2369,"2369.0","AT001",18,2022-05-04,"blue oak","pd1",1.693,1.687,"md3",2.88,2.803,2.88
"416",2369,"2369.0","AT001",18,2022-05-04,"blue oak","pd3",1.693,1.638,"md1",2.584,2.803,2.584
"417",2369,"2369.0","AT001",18,2022-05-04,"blue oak","pd3",1.693,1.638,"md2",2.945,2.803,2.945
"418",2369,"2369.0","AT001",18,2022-05-04,"blue oak","pd3",1.693,1.638,"md3",2.88,2.803,2.88
"419",2369,"2369.0","AT001",21,2022-05-23,"blue oak","pd3",1.898,1.9,"md3",3.7,3.72,3.7
"420",2369,"2369.0","AT001",21,2022-05-23,"blue oak","pd3",1.898,1.9,"md2",3.79,3.72,3.79
"421",2369,"2369.0","AT001",21,2022-05-23,"blue oak","pd3",1.898,1.9,"md1",3.67,3.72,3.67
"422",2369,"2369.0","AT001",21,2022-05-23,"blue oak","pd1",1.898,1.812,"md3",3.7,3.72,3.7
"423",2369,"2369.0","AT001",21,2022-05-23,"blue oak","pd1",1.898,1.812,"md2",3.79,3.72,3.79
"424",2369,"2369.0","AT001",21,2022-05-23,"blue oak","pd1",1.898,1.812,"md1",3.67,3.72,3.67
"425",2369,"2369.0","AT001",21,2022-05-23,"blue oak","pd2",1.898,1.982,"md3",3.7,3.72,3.7
"426",2369,"2369.0","AT001",21,2022-05-23,"blue oak","pd2",1.898,1.982,"md2",3.79,3.72,3.79
"427",2369,"2369.0","AT001",21,2022-05-23,"blue oak","pd2",1.898,1.982,"md1",3.67,3.72,3.67
"428",2376,"2376.0","near AT001",12,2022-03-25,"live oak","pd3",0.441666666666667,0.4,"md3",2.55,2.4,2.55
"429",2376,"2376.0","near AT001",12,2022-03-25,"live oak","pd3",0.441666666666667,0.4,"md2",2.3,2.4,2.3
"430",2376,"2376.0","near AT001",12,2022-03-25,"live oak","pd3",0.441666666666667,0.4,"md1",2.35,2.4,2.35
"431",2376,"2376.0","near AT001",12,2022-03-25,"live oak","pd2",0.441666666666667,0.475,"md3",2.55,2.4,2.55
"432",2376,"2376.0","near AT001",12,2022-03-25,"live oak","pd2",0.441666666666667,0.475,"md2",2.3,2.4,2.3
"433",2376,"2376.0","near AT001",12,2022-03-25,"live oak","pd2",0.441666666666667,0.475,"md1",2.35,2.4,2.35
"434",2376,"2376.0","near AT001",12,2022-03-25,"live oak","pd1",0.441666666666667,0.45,"md3",2.55,2.4,2.55
"435",2376,"2376.0","near AT001",12,2022-03-25,"live oak","pd1",0.441666666666667,0.45,"md2",2.3,2.4,2.3
"436",2376,"2376.0","near AT001",12,2022-03-25,"live oak","pd1",0.441666666666667,0.45,"md1",2.35,2.4,2.35
"437",2381,"2381.0","ExtraBlueHilltop",11,2022-03-15,"blue oak","pd3",1.2254,1.35,"md2",1.93,1.57875,1.93
"438",2381,"2381.0","ExtraBlueHilltop",11,2022-03-15,"blue oak","pd3",1.2254,1.35,"md1",0.43,1.57875,0.43
"439",2381,"2381.0","ExtraBlueHilltop",11,2022-03-15,"blue oak","pd3",1.2254,1.35,"md3",1.96,1.57875,1.96
"440",2381,"2381.0","ExtraBlueHilltop",11,2022-03-15,"blue oak","pd3",1.2254,1.35,"md4",1.995,1.57875,1.995
"441",2381,"2381.0","ExtraBlueHilltop",11,2022-03-15,"blue oak","pd4",1.2254,1.226,"md2",1.93,1.57875,1.93
"442",2381,"2381.0","ExtraBlueHilltop",11,2022-03-15,"blue oak","pd4",1.2254,1.226,"md1",0.43,1.57875,0.43
"443",2381,"2381.0","ExtraBlueHilltop",11,2022-03-15,"blue oak","pd4",1.2254,1.226,"md3",1.96,1.57875,1.96
"444",2381,"2381.0","ExtraBlueHilltop",11,2022-03-15,"blue oak","pd4",1.2254,1.226,"md4",1.995,1.57875,1.995
"445",2381,"2381.0","ExtraBlueHilltop",11,2022-03-15,"blue oak","pd5",1.2254,1.39,"md2",1.93,1.57875,1.93
"446",2381,"2381.0","ExtraBlueHilltop",11,2022-03-15,"blue oak","pd5",1.2254,1.39,"md1",0.43,1.57875,0.43
"447",2381,"2381.0","ExtraBlueHilltop",11,2022-03-15,"blue oak","pd5",1.2254,1.39,"md3",1.96,1.57875,1.96
"448",2381,"2381.0","ExtraBlueHilltop",11,2022-03-15,"blue oak","pd5",1.2254,1.39,"md4",1.995,1.57875,1.995
"449",2381,"2381.0","ExtraBlueHilltop",11,2022-03-15,"blue oak","pd1",1.2254,0.841,"md2",1.93,1.57875,1.93
"450",2381,"2381.0","ExtraBlueHilltop",11,2022-03-15,"blue oak","pd1",1.2254,0.841,"md1",0.43,1.57875,0.43
"451",2381,"2381.0","ExtraBlueHilltop",11,2022-03-15,"blue oak","pd1",1.2254,0.841,"md3",1.96,1.57875,1.96
"452",2381,"2381.0","ExtraBlueHilltop",11,2022-03-15,"blue oak","pd1",1.2254,0.841,"md4",1.995,1.57875,1.995
"453",2381,"2381.0","ExtraBlueHilltop",11,2022-03-15,"blue oak","pd2",1.2254,1.32,"md2",1.93,1.57875,1.93
"454",2381,"2381.0","ExtraBlueHilltop",11,2022-03-15,"blue oak","pd2",1.2254,1.32,"md1",0.43,1.57875,0.43
"455",2381,"2381.0","ExtraBlueHilltop",11,2022-03-15,"blue oak","pd2",1.2254,1.32,"md3",1.96,1.57875,1.96
"456",2381,"2381.0","ExtraBlueHilltop",11,2022-03-15,"blue oak","pd2",1.2254,1.32,"md4",1.995,1.57875,1.995
"457",2381,"2381.0","ExtraBlueHilltop",12,2022-03-25,"blue oak","pd3",0.437333333333333,0.422,"md2",2.5,2.33333333333333,2.5
"458",2381,"2381.0","ExtraBlueHilltop",12,2022-03-25,"blue oak","pd3",0.437333333333333,0.422,"md1",2.35,2.33333333333333,2.35
"459",2381,"2381.0","ExtraBlueHilltop",12,2022-03-25,"blue oak","pd3",0.437333333333333,0.422,"md3",2.15,2.33333333333333,2.15
"460",2381,"2381.0","ExtraBlueHilltop",12,2022-03-25,"blue oak","pd1",0.437333333333333,0.408,"md2",2.5,2.33333333333333,2.5
"461",2381,"2381.0","ExtraBlueHilltop",12,2022-03-25,"blue oak","pd1",0.437333333333333,0.408,"md1",2.35,2.33333333333333,2.35
"462",2381,"2381.0","ExtraBlueHilltop",12,2022-03-25,"blue oak","pd1",0.437333333333333,0.408,"md3",2.15,2.33333333333333,2.15
"463",2381,"2381.0","ExtraBlueHilltop",12,2022-03-25,"blue oak","pd2",0.437333333333333,0.482,"md2",2.5,2.33333333333333,2.5
"464",2381,"2381.0","ExtraBlueHilltop",12,2022-03-25,"blue oak","pd2",0.437333333333333,0.482,"md1",2.35,2.33333333333333,2.35
"465",2381,"2381.0","ExtraBlueHilltop",12,2022-03-25,"blue oak","pd2",0.437333333333333,0.482,"md3",2.15,2.33333333333333,2.15
"466",2382,"2382.0","ExtraBlueHilltop",11,2022-03-15,"blue oak","pd1",0.794,0.81,"md1",2.7,2.695,2.7
"467",2382,"2382.0","ExtraBlueHilltop",11,2022-03-15,"blue oak","pd1",0.794,0.81,"md2",2.69,2.695,2.69
"468",2382,"2382.0","ExtraBlueHilltop",11,2022-03-15,"blue oak","pd2",0.794,0.778,"md1",2.7,2.695,2.7
"469",2382,"2382.0","ExtraBlueHilltop",11,2022-03-15,"blue oak","pd2",0.794,0.778,"md2",2.69,2.695,2.69
